{"f1_score": {"ekstedt_events": {"shift_hold_p_future_after": [[0.30333977937698364, 0.22687609493732452, 0.48548200726509094], [0.6462805271148682, 0.7019122838973999, 0.5137614607810974], [0.5494225025177002, 0.5630810260772705, 0.5168869495391846], [0.5162621140480042, 0.5072045922279358, 0.5378378629684448], [0.4342438578605652, 0.40369799733161926, 0.5070063471794128]], "shift_hold_p_future_before": [[0.38530969619750977, 0.33870968222618103, 0.49631449580192566], [0.27656733989715576, 0.1961471140384674, 0.46813440322875977], [0.3031752407550812, 0.2306368350982666, 0.4759671688079834], [0.5395619869232178, 0.5354107618331909, 0.5494505763053894], [0.2534751892089844, 0.1621621549129486, 0.47098976373672485]], "s_pred_p_future": [[0.4054834842681885, 0.04395604506134987, 0.7090300917625427], [0.42835837602615356, 0.09473684430122375, 0.7084745764732361], [0.4029105007648468, 0.043478261679410934, 0.7046979665756226], [0.46388131380081177, 0.16243654489517212, 0.7169811129570007], [0.3986499309539795, 0.032967034727334976, 0.7056856155395508]], "shift_hold_p_now_after": [[0.2915373742580414, 0.2152777761220932, 0.4731934666633606], [0.48047935962677, 0.5038961172103882, 0.4246987998485565], [0.28441911935806274, 0.21196581423282623, 0.4570082426071167], [0.35022538900375366, 0.30048465728759766, 0.46871164441108704], [0.33999231457710266, 0.28849270939826965, 0.4626682996749878]], "shift_hold_p_now_before": [[0.17051851749420166, 0.049904029816389084, 0.45783132314682007], [0.2234100103378296, 0.12681159377098083, 0.4535147249698639], [0.22039835155010223, 0.11808118224143982, 0.4641255736351013], [0.2072918713092804, 0.10055866092443466, 0.4615384638309479], [0.18157894909381866, 0.06476190686225891, 0.45984598994255066]], "s_pred_p_now": [[0.3942791819572449, 0.02222222276031971, 0.7066666483879089], [0.3930494785308838, 0.0220994483679533, 0.7045075297355652], [0.3986499309539795, 0.032967034727334976, 0.7056856155395508], [0.3942791819572449, 0.02222222276031971, 0.7066666483879089], [0.3942791819572449, 0.02222222276031971, 0.7066666483879089]], "backchannel": [[0.4818747937679291, 0.3820224702358246, 0.61598140001297], [0.5241024494171143, 0.5527728199958801, 0.4855967164039612], [0.5735872983932495, 0.6028369069099426, 0.5343035459518433], [0.534294605255127, 0.49789029359817505, 0.5831874012947083], [0.5404549837112427, 0.5052631497383118, 0.5877193212509155]], "short_long": [[0.5618780851364136, 0.11985018849372864, 0.7789275646209717], [0.5128268003463745, 0.16847826540470123, 0.6819126605987549], [0.5003066062927246, 0.30894309282302856, 0.5942720770835876], [0.48860907554626465, 0.2102803736925125, 0.6252771615982056], [0.5071601867675781, 0.22857142984867096, 0.6439560651779175]]}, "roddy_events": {"overlaps_before_p_now": [[0.3436596989631653, 0.25438597798347473, 0.5114942789077759], [0.40708300471305847, 0.34567901492118835, 0.522522509098053], [0.23947572708129883, 0.09803921729326248, 0.5053763389587402], [0.36537134647369385, 0.2844827473163605, 0.5174418687820435], [0.39460334181785583, 0.3305785059928894, 0.514970064163208]], "overlaps_before_p_future": [[0.3490651845932007, 0.2522522509098053, 0.5310734510421753], [0.49085408449172974, 0.46212121844291687, 0.5448718070983887], [0.37301748991012573, 0.2931034564971924, 0.5232558250427246], [0.4067612290382385, 0.3375527560710907, 0.5368731617927551], [0.5943008661270142, 0.6173633337020874, 0.5509433746337891]], "overlaps_after_p_now": [[0.6554481983184814, 0.7642679810523987, 0.45086705684661865], [0.5197837948799133, 0.5495207905769348, 0.463878333568573], [0.4714660346508026, 0.45018449425697327, 0.5114753842353821], [0.6738194227218628, 0.7913669347763062, 0.4528301954269409], [0.6670193076133728, 0.7711442708969116, 0.4712643623352051]], "overlaps_after_p_future": [[0.5506088733673096, 0.5473684072494507, 0.5567010045051575], [0.6469951868057251, 0.6770186424255371, 0.5905511975288391], [0.6576760411262512, 0.6985074877738953, 0.5809128880500793], [0.5988541841506958, 0.6027397513389587, 0.591549277305603], [0.6316031813621521, 0.6516128778457642, 0.5939849615097046]], "overlap_spred_before_p_future": [[0.244695246219635, 0.08465608209371567, 0.5311653017997742], [0.26854240894317627, 0.1230769231915474, 0.5289255976676941], [0.35307300090789795, 0.2415459007024765, 0.5527065396308899], [0.29881638288497925, 0.16243654489517212, 0.5429362654685974], [0.2160840779542923, 0.04324324429035187, 0.525469183921814]]}, "gap_0": {"gap_0_p_future": [[0.45528465509414673, 0.46113988757133484, 0.43478259444236755], [0.6357802152633667, 0.6798927783966064, 0.4813205897808075], [0.4428602159023285, 0.45003223419189453, 0.417747437953949], [0.6395324468612671, 0.6790190935134888, 0.5012701153755188], [0.7138963937759399, 0.7691552042961121, 0.5204081535339355]], "gap_0_p_now": [[0.19371141493320465, 0.14173229038715363, 0.3757159113883972], [0.22722652554512024, 0.18759454786777496, 0.36599764227867126], [0.1733960509300232, 0.11764705926179886, 0.3686006963253021], [0.16473783552646637, 0.10593900829553604, 0.3706214725971222], [0.16637367010116577, 0.10871303081512451, 0.36827194690704346]], "s_pred_p_now": [[0.4210439920425415, 0.08080808073282242, 0.7104983925819397], [0.45830416679382324, 0.15434083342552185, 0.7168998718261719], [0.43259677290916443, 0.10561056435108185, 0.710779070854187], [0.4125611484050751, 0.06734006851911545, 0.706256628036499], [0.4210439920425415, 0.08080808073282242, 0.7104983925819397]], "s_pred_p_future": [[0.4073786437511444, 0.05460750684142113, 0.7074973583221436], [0.4519807696342468, 0.14239482581615448, 0.7153598070144653], [0.4645610451698303, 0.16613417863845825, 0.7184466123580933], [0.4432985186576843, 0.12459016591310501, 0.7144384980201721], [0.4293038845062256, 0.09933774918317795, 0.7100213170051575]], "superset_p_future": [[0.37092649936676025, 0.3647116720676422, 0.39455142617225647], [0.6435043811798096, 0.6897602081298828, 0.46766820549964905], [0.47937777638435364, 0.4979991018772125, 0.4085908830165863], [0.6439272165298462, 0.6864864826202393, 0.4821428656578064], [0.7237221598625183, 0.7808266878128052, 0.5066457986831665]]}, "fast_shift": {}, "slow_shift": {}, "short_long": {}}, "bal_Accs": {"ekstedt_events": {"shift_hold_p_future_after": [0.5095226975527741, 0.5156968055296095, 0.5137166075098075, 0.541817672333271, 0.5255977956286194], "shift_hold_p_future_before": [0.5115028955725761, 0.5111246030263403, 0.5180552960956473, 0.5124929945824771, 0.5085325985428731], "s_pred_p_future": [0.5112359550561798, 0.5182054271782912, 0.5065189739241043, 0.5378683485266058, 0.506068475726097], "shift_hold_p_now_after": [0.5048057164206986, 0.5125817298711003, 0.5150289557257612, 0.5388800672520082, 0.5138613861386139], "shift_hold_p_now_before": [0.4982533158976275, 0.5034373248645619, 0.5107463104801045, 0.5006118064636652, 0.5], "s_pred_p_now": [0.5056179775280899, 0.5032594869620521, 0.506068475726097, 0.506068475726097, 0.5056179775280899], "backchannel": [0.5727801193319209, 0.5517360773187001, 0.5795870546576132, 0.5799033516249055, 0.5758944279329525], "short_long": [0.4521264614943588, 0.4156377336855253, 0.4911440096648033, 0.3881329729508365, 0.43983557548579966]}, "roddy_events": {"overlaps_before_p_now": [0.4929787234042553, 0.5069148936170212, 0.49659574468085105, 0.4912765957446808, 0.4953191489361702], "overlaps_before_p_future": [0.4926595744680851, 0.5012765957446809, 0.5032978723404256, 0.5086170212765957, 0.4926595744680851], "overlaps_after_p_now": [0.5463829787234042, 0.5161702127659574, 0.5427659574468086, 0.5571276595744681, 0.5308510638297872], "overlaps_after_p_future": [0.516595744680851, 0.5202127659574468, 0.5006382978723404, 0.5112765957446809, 0.5511702127659575], "overlap_spred_before_p_future": [0.5039664804469274, 0.4989664804469274, 0.5039664804469274, 0.5067597765363129, 0.5011731843575419]},