{"f1_score": {"ekstedt_events": {"shift_hold_p_future_after": [[0.29508116841316223, 0.22673435509204865, 0.45788848400115967], [0.5365757942199707, 0.589349091053009, 0.4108658730983734], [0.5074508786201477, 0.5397225618362427, 0.43057721853256226], [0.4224175810813904, 0.40928882360458374, 0.4536912739276886], [0.4172033369541168, 0.4011712968349457, 0.4553928077220917]], "shift_hold_p_future_before": [[0.29611146450042725, 0.23294508457183838, 0.44657862186431885], [0.2727286219596863, 0.1944444477558136, 0.4592074453830719], [0.38537025451660156, 0.3489096462726593, 0.4722222089767456], [0.4088057577610016, 0.38051751255989075, 0.4761904776096344], [0.2672959864139557, 0.18998272716999054, 0.4514620006084442]], "s_pred_p_future": [[0.38286054134368896, 0.0, 0.7043189406394958], [0.39903002977371216, 0.04278074949979782, 0.6981450319290161], [0.37696173787117004, 0.0, 0.6934673190116882], [0.43340760469436646, 0.11999999731779099, 0.6965517401695251], [0.3923153281211853, 0.03208556026220322, 0.6947723627090454]], "shift_hold_p_now_after": [[0.25839945673942566, 0.17543859779834747, 0.45601850748062134], [0.4347100257873535, 0.43611112236976624, 0.4313725531101227], [0.2905198335647583, 0.2207130789756775, 0.45680472254753113], [0.31847894191741943, 0.2602965533733368, 0.45707374811172485], [0.31021633744239807, 0.25082507729530334, 0.45169082283973694]], "shift_hold_p_now_before": [[0.15416662395000458, 0.02723735384643078, 0.45652174949645996], [0.19396190345287323, 0.0827067643404007, 0.4589800536632538], [0.17051851749420166, 0.049904029816389084, 0.45783132314682007], [0.18705156445503235, 0.0721062645316124, 0.4608599841594696], [0.17491158843040466, 0.05714285746216774, 0.4554455578327179]], "s_pred_p_now": [[0.38286054134368896, 0.0, 0.7043189406394958], [0.38286054134368896, 0.0, 0.7043189406394958], [0.38286054134368896, 0.0, 0.7043189406394958], [0.38286054134368896, 0.0, 0.7043189406394958], [0.3942791819572449, 0.02222222276031971, 0.7066666483879089]], "backchannel": [[0.4397495985031128, 0.3875134587287903, 0.5099052786827087], [0.49510037899017334, 0.6006191968917847, 0.35338345170021057], [0.492706298828125, 0.5828025341033936, 0.371702641248703], [0.4438614249229431, 0.49040138721466064, 0.3813559412956238], [0.45821863412857056, 0.48319709300994873, 0.42467138171195984]], "short_long": [[0.5885580778121948, 0.23076923191547394, 0.7642436027526855], [0.4966411590576172, 0.35754188895225525, 0.564943253993988], [0.43164247274398804, 0.41896024346351624, 0.4378698170185089], [0.4200174808502197, 0.3987635374069214, 0.4304538667201996], [0.44320231676101685, 0.40317460894584656, 0.4628571569919586]]}, "roddy_events": {"overlaps_before_p_now": [[0.24076782166957855, 0.10576923191547394, 0.4945652186870575], [0.2822871506214142, 0.1785714328289032, 0.47727271914482117], [0.26224449276924133, 0.14018692076206207, 0.4917127192020416], [0.2523720860481262, 0.1302325576543808, 0.4819944500923157], [0.2958246171474457, 0.19555555284023285, 0.4843304753303528]], "overlaps_before_p_future": [[0.2784996032714844, 0.1651376187801361, 0.49162012338638306], [0.37661921977996826, 0.3371647596359253, 0.45079365372657776], [0.37810248136520386, 0.3458646535873413, 0.43870967626571655], [0.3595869243144989, 0.2904564440250397, 0.48955222964286804], [0.42105334997177124, 0.4154929518699646, 0.43150684237480164]], "overlaps_after_p_now": [[0.5306939482688904, 0.6419098377227783, 0.3216080367565155], [0.37477609515190125, 0.3481481373310089, 0.4248366057872772], [0.33062368631362915, 0.26720649003982544, 0.4498480260372162], [0.5298755764961243, 0.6510416865348816, 0.3020833432674408], [0.4812273681163788, 0.5486725568771362, 0.3544303774833679]], "overlaps_after_p_future": [[0.3728974163532257, 0.34328359365463257, 0.4285714328289032], [0.4418436288833618, 0.45270270109176636, 0.4214285612106323], [0.49498358368873596, 0.5498489141464233, 0.3918367326259613], [0.42779281735420227, 0.40875911712646484, 0.46357616782188416], [0.40990370512008667, 0.40282684564590454, 0.42320817708969116]], "overlap_spred_before_p_future": [[0.21849969029426575, 0.05291005223989487, 0.5149051547050476], [0.23258614540100098, 0.07329843193292618, 0.5177111625671387], [0.366435706615448, 0.2978723347187042, 0.4891640841960907], [0.2610803544521332, 0.12060301750898361, 0.5125347971916199], [0.21293824911117554, 0.04278074949979782, 0.5175201892852783]]}, "gap_0": {"gap_0_p_future": [[0.3006609380245209, 0.28309857845306396, 0.36215537786483765], [0.46880823373794556, 0.5020527839660645, 0.3524027466773987], [0.42641913890838623, 0.44052863121032715, 0.37701472640037537], [0.4146396517753601, 0.42757749557495117, 0.3693379759788513], [0.4826672077178955, 0.5171811580657959, 0.36181679368019104]], "gap_0_p_now": [[0.1470930576324463, 0.08434712141752243, 0.366797536611557], [0.1931217908859253, 0.14352573454380035, 0.366782009601593], [0.16161730885505676, 0.103833869099617, 0.3639455735683441], [0.14483538269996643, 0.08130080997943878, 0.36730122566223145], [0.1655541956424713, 0.10845295339822769, 0.3654937446117401]], "s_pred_p_now": [[0.37760213017463684, 0.0, 0.6988457441329956], [0.3796897232532501, 0.006896551698446274, 0.6968421339988708], [0.3804410994052887, 0.0069204154424369335, 0.6982123851776123], [0.3796897232532501, 0.006896551698446274, 0.6968421339988708], [0.3855293393135071, 0.02675585262477398, 0.6907545328140259]], "s_pred_p_future": [[0.3819394111633301, 0.006968641187995672, 0.7009443640708923], [0.3819394111633301, 0.006968641187995672, 0.7009443640708923], [0.4106208086013794, 0.0776699036359787, 0.6938775777816772], [0.38287103176116943, 0.020202020183205605, 0.6914103627204895], [0.40159231424331665, 0.0533333346247673, 0.6978723406791687]], "superset_p_future": [[0.2524595260620117, 0.22884012758731842, 0.34224599599838257], [0.448242723941803, 0.48040884733200073, 0.32596686482429504], [0.43704289197921753, 0.460184782743454, 0.3490716218948364], [0.4050801694393158, 0.42219215631484985, 0.3400309085845947], [0.4861736297607422, 0.5246173143386841, 0.34003445506095886]]}, "fast_shift": {}, "slow_shift": {}, "short_long": {}}, "bal_Accs": {"ekstedt_events": {"shift_hold_p_future_after": [0.5050392303381281, 0.5155520269008033, 0.5110685596861573, 0.5154959835606202, 0.503937044647861], "shift_hold_p_future_before": [0.5034373248645619, 0.5071642069867364, 0.5068746497291239, 0.4977302447225855, 0.49872034373248647], "s_pred_p_future": [0.5, 0.4994435022259911, 0.4882075471698113, 0.510122959508162, 0.49427602289590844], "shift_hold_p_now_after": [0.5000887352886232, 0.5057958154305996, 0.5083317765738838, 0.5174201382402391, 0.5003222492060526], "shift_hold_p_now_before": [0.500990099009901, 0.502970297029703, 0.5045722025032692, 0.500990099009901, 0.502970297029703], "s_pred_p_now": [0.5, 0.5, 0.5, 0.5028089887640449, 0.5056179775280899], "backchannel": [0.482088982384692, 0.47461389311034086, 0.45779213487351866, 0.4302948860956602, 0.45746273684840955], "short_long": [0.5079857485103507, 0.5100231381944018, 0.5078219382844974, 0.4810133710096853, 0.5111442144275856]}, "roddy_events": {"overlaps_before_p_now": [0.4826595744680851, 0.4859574468085106, 0.4848936170212766, 0.4859574468085106, 0.4876595744680851], "overlaps_before_p_future": [0.48, 0.48031914893617017, 0.4882978723404255, 0.488936170212766, 0.4779787234042553], "overlaps_after_p_now": [0.4687234042553191, 0.4798936170212766, 0.5058510638297873, 0.4684042553191489, 0.4777659574468085], "overlaps_after_p_future": [0.4882978723404255, 0.47893617021276597, 0.4856382978723404, 0.49361702127659574, 0.4581914893617022], "overlap_spred_before_p_future": [0.4927932960893855, 0.4877932960893855, 0.4927932960893855, 0.49558659217877093, 0.49117318435754187]}, "gap_0": {"gap_0_p_future": [0.503835044725223, 0.5027636752299882, 0.5078787647440547, 0.5040437200188317, 0.49999236553803866],