{"f1_score": {"ekstedt_events": {"shift_hold_p_future_after": [[0.2528257966041565, 0.16871704161167145, 0.45317918062210083], [0.48316076397895813, 0.5170239806175232, 0.4024960994720459], [0.4645112454891205, 0.4807437062263489, 0.42584434151649475], [0.3699911832809448, 0.33742332458496094, 0.4475703239440918], [0.31709739565849304, 0.2683705985546112, 0.43316832184791565]], "shift_hold_p_future_before": [[0.2598888874053955, 0.17605634033679962, 0.4595842957496643], [0.1900477111339569, 0.07879924774169922, 0.45504993200302124], [0.2751151919364929, 0.19965577125549316, 0.4548651874065399], [0.3314598798751831, 0.2773246467113495, 0.4604141414165497], [0.21574601531028748, 0.11657559126615524, 0.451977401971817]], "s_pred_p_future": [[0.38286054134368896, 0.0, 0.7043189406394958], [0.3816886246204376, 0.0, 0.70216304063797], [0.3816886246204376, 0.0, 0.70216304063797], [0.40044018626213074, 0.052356019616127014, 0.6926994919776917], [0.3805128037929535, 0.0, 0.699999988079071]], "shift_hold_p_now_after": [[0.2015140950679779, 0.09890110045671463, 0.44594594836235046], [0.39844781160354614, 0.3920454680919647, 0.41369864344596863], [0.23171865940093994, 0.14685314893722534, 0.4338746964931488], [0.284075528383255, 0.21775543689727783, 0.44205495715141296], [0.2564084529876709, 0.17900171875953674, 0.44079717993736267]], "shift_hold_p_now_before": [[0.15469953417778015, 0.027290448546409607, 0.45819762349128723], [0.16604050993919373, 0.045889101922512054, 0.45225027203559875], [0.16381564736366272, 0.042226485908031464, 0.45345017313957214], [0.1792212873697281, 0.0642722100019455, 0.45303866267204285], [0.167167067527771, 0.04606525972485542, 0.4556407332420349]], "s_pred_p_now": [[0.38286054134368896, 0.0, 0.7043189406394958], [0.38286054134368896, 0.0, 0.7043189406394958], [0.3816886246204376, 0.0, 0.70216304063797], [0.387395977973938, 0.011111111380159855, 0.70333331823349], [0.387395977973938, 0.011111111380159855, 0.70333331823349]], "backchannel": [[0.46536755561828613, 0.4091903865337372, 0.5408163070678711], [0.5171111822128296, 0.6053882837295532, 0.39855071902275085], [0.5177912712097168, 0.5930138230323792, 0.41676369309425354], [0.4450690746307373, 0.48452696204185486, 0.3920750916004181], [0.4719427227973938, 0.487985223531723, 0.4503968358039856]], "short_long": [[0.5810549855232239, 0.20915032923221588, 0.763671875], [0.5026739835739136, 0.32064127922058105, 0.5920577645301819], [0.4572561979293823, 0.40453073382377625, 0.483146071434021], [0.41502270102500916, 0.3544715344905853, 0.4447552561759949], [0.44390586018562317, 0.3672787845134735, 0.48153215646743774]]}, "roddy_events": {"overlaps_before_p_now": [[0.23725388944149017, 0.10476190596818924, 0.4863387942314148], [0.2999512255191803, 0.19730941951274872, 0.49291783571243286], [0.2489316165447235, 0.11538461595773697, 0.5], [0.24536819756031036, 0.11428571492433548, 0.49180328845977783], [0.3015170693397522, 0.20353981852531433, 0.48571428656578064]], "overlaps_before_p_future": [[0.25424546003341675, 0.1170731708407402, 0.5121293663978577], [0.335938036441803, 0.24561403691768646, 0.5057471394538879], [0.35544565320014954, 0.274678111076355, 0.5072886347770691], [0.28435617685317993, 0.16744185984134674, 0.5041550993919373], [0.39913567900657654, 0.3529411852359772, 0.4859813153743744]], "overlaps_after_p_now": [[0.6071733832359314, 0.7002652287483215, 0.43216079473495483], [0.422481894493103, 0.38461539149284363, 0.49367088079452515], [0.40167534351348877, 0.35433071851730347, 0.4906832277774811], [0.6289010643959045, 0.7146666646003723, 0.46766167879104614], [0.552484929561615, 0.5975610017776489, 0.4677419364452362]], "overlaps_after_p_future": [[0.4021412134170532, 0.34285715222358704, 0.5135951638221741], [0.4256727695465088, 0.3828125, 0.5062500238418579], [0.5001182556152344, 0.5197368264198303, 0.4632352888584137], [0.3848443627357483, 0.3252032399177551, 0.49696969985961914], [0.3750022053718567, 0.31578946113586426, 0.48632219433784485]], "overlap_spred_before_p_future": [[0.20135927200317383, 0.02185792289674282, 0.5226666927337646], [0.20875760912895203, 0.032608695328235626, 0.5240641832351685], [0.29524970054626465, 0.16748768091201782, 0.5239436626434326], [0.23052623867988586, 0.06417112052440643, 0.5283018946647644], [0.19388777017593384, 0.010989011265337467, 0.521276593208313]]}, "gap_0": {"gap_0_p_future": [[0.23848074674606323, 0.20298507809638977, 0.3627685010433197], [0.36268943548202515, 0.3659016489982605, 0.35144197940826416], [0.33452802896499634, 0.32813557982444763, 0.3569110929965973], [0.3519847095012665, 0.3487592339515686, 0.36327868700027466], [0.39772164821624756, 0.4084237515926361, 0.3602484464645386]], "gap_0_p_now": [[0.12114901095628738, 0.05267489701509476, 0.3609105944633484], [0.15157286822795868, 0.0903954803943634, 0.36578503251075745], [0.1402892768383026, 0.0776699036359787, 0.3595505654811859], [0.11512833833694458, 0.04470198601484299, 0.36172565817832947], [0.13701742887496948, 0.07311128824949265, 0.3607843220233917]], "s_pred_p_now": [[0.3862766921520233, 0.013937282375991344, 0.7030430436134338], [0.37907448410987854, 0.0, 0.7015706896781921], [0.3826863765716553, 0.00699300691485405, 0.7023060917854309], [0.39339351654052734, 0.027681661769747734, 0.7045215368270874], [0.3988209366798401, 0.04095563292503357, 0.7032734751701355]], "s_pred_p_future": [[0.3811909854412079, 0.0069444444961845875, 0.6995798349380493], [0.3826863765716553, 0.00699300691485405, 0.7023060917854309], [0.39655640721321106, 0.04651162773370743, 0.6943557262420654], [0.3855293393135071, 0.02675585262477398, 0.6907545328140259], [0.3980162441730499, 0.040816325694322586, 0.7019027471542358]], "superset_p_future": [[0.20337332785129547, 0.16483516991138458, 0.3498716950416565], [0.3590559661388397, 0.36346426606178284, 0.342298299074173], [0.3628682792186737, 0.36725035309791565, 0.3462102711200714], [0.3466178774833679, 0.34648701548576355, 0.3471153974533081], [0.4034351110458374, 0.41904762387275696, 0.34408602118492126]]}, "fast_shift": {}, "slow_shift": {}, "short_long": {}}, "bal_Accs": {"ekstedt_events": {"shift_hold_p_future_after": [0.5028255184008966, 0.5028255184008966, 0.49956566411358116, 0.49196712124042596, 0.49979917803101065], "shift_hold_p_future_before": [0.4992434149075285, 0.500990099009901, 0.499476928824958, 0.4957500467027835, 0.4992434149075285], "s_pred_p_future": [0.5, 0.49764150943396224, 0.49764150943396224, 0.4951770192919228, 0.49528301886792453], "shift_hold_p_now_after": [0.49688492434149073, 0.503960396039604, 0.4867831122734915, 0.5062955352138988, 0.5012236129273304], "shift_hold_p_now_before": [0.501980198019802, 0.4996217074537642, 0.5045722025032692, 0.5045722025032692, 0.5016019054735662], "s_pred_p_now": [0.5, 0.5, 0.49764150943396224, 0.5004504981980071, 0.5004504981980071], "backchannel": [0.5125957313010473, 0.49543896030005163, 0.48677541792374435, 0.4384531019561751, 0.4748515837307321], "short_long": [0.5236398632184613, 0.5292042918279174, 0.5119786227655261, 0.46723283575977226, 0.5144255380142105]}, "roddy_events": {"overlaps_before_p_now": [0.4903191489361702, 0.4956382978723404, 0.4919148936170213, 0.49861702127659574, 0.49], "overlaps_before_p_future": [0.49, 0.49, 0.4929787234042553, 0.49, 0.4876595744680851], "overlaps_after_p_now": [0.5370212765957447, 0.5119148936170212, 0.49819148936170216, 0.4997872340425532, 0.5151063829787234], "overlaps_after_p_future": [0.4876595744680851, 0.4906382978723404, 0.4876595744680851, 0.4826595744680851, 0.49861702127659574], "overlap_spred_before_p_future": [0.4927932960893855, 0.4927932960893855, 0.4927932960893855, 0.49558659217877093, 0.4927932960893855]}, "gap_0": {"gap_0_p_future": [0.5021312872975278, 0.5012774999681898, 0.501274955147536, 0.4972248730770699, 0.4997849626547569], "gap_0_p_now": [0.5012787723785166, 0.5002124925245893, 0.5012774999681898, 0.5031962947411281, 0.4999987275896731],