{"f1_score": {"ekstedt_events": {"shift_hold_p_future_after": [[0.22098934650421143, 0.12087912112474442, 0.45945945382118225], [0.5358873009681702, 0.5834333896636963, 0.4226289391517639], [0.43042224645614624, 0.4238975942134857, 0.44596442580223083], [0.3567749261856079, 0.31040000915527344, 0.4672435224056244], [0.34753185510635376, 0.29903537034988403, 0.46305418014526367]], "shift_hold_p_future_before": [[0.2572427988052368, 0.17051510512828827, 0.463834673166275], [0.24842341244220734, 0.16014234721660614, 0.4587155878543854], [0.2813234329223633, 0.20244328677654266, 0.469221830368042], [0.3366173505783081, 0.2833876311779022, 0.46341463923454285], [0.20864200592041016, 0.10370370000600815, 0.45861297845840454]], "s_pred_p_future": [[0.38286054134368896, 0.0, 0.7043189406394958], [0.407064288854599, 0.05376344174146652, 0.7037037014961243], [0.38859713077545166, 0.011173184029757977, 0.7054908275604248], [0.41643646359443665, 0.07407407462596893, 0.7038916945457458], [0.38286054134368896, 0.0, 0.7043189406394958]], "shift_hold_p_now_after": [[0.23376867175102234, 0.13793103396892548, 0.46206116676330566], [0.4476696252822876, 0.45179063081741333, 0.4378530979156494], [0.27646517753601074, 0.19400352239608765, 0.4728950262069702], [0.29522478580474854, 0.22487223148345947, 0.4628099203109741], [0.277451753616333, 0.20274914801120758, 0.4553990662097931]], "shift_hold_p_now_before": [[0.1373797506093979, 0.003944773226976395, 0.4552319347858429], [0.18157894909381866, 0.06476190686225891, 0.45984598994255066], [0.1484462320804596, 0.01953125, 0.45553144812583923], [0.15930134057998657, 0.03481624647974968, 0.4558342397212982], [0.15416662395000458, 0.02723735384643078, 0.45652174949645996]], "s_pred_p_now": [[0.38286054134368896, 0.0, 0.7043189406394958], [0.3816886246204376, 0.0, 0.70216304063797], [0.38286054134368896, 0.0, 0.7043189406394958], [0.387395977973938, 0.011111111380159855, 0.70333331823349], [0.38286054134368896, 0.0, 0.7043189406394958]], "backchannel": [[0.42039263248443604, 0.31578946113586426, 0.5608798265457153], [0.5269603729248047, 0.558222234249115, 0.48497408628463745], [0.5402858853340149, 0.5683646202087402, 0.5025746822357178], [0.49670493602752686, 0.48727983236312866, 0.5093632936477661], [0.5289864540100098, 0.5110220313072205, 0.553113579750061]], "short_long": [[0.5745856165885925, 0.15884476900100708, 0.7787274718284607], [0.5043559670448303, 0.1882951706647873, 0.659551739692688], [0.5085615515708923, 0.3463034927845001, 0.5882353186607361], [0.46826139092445374, 0.26720649003982544, 0.5669856667518616], [0.5190032720565796, 0.33128833770751953, 0.6111771464347839]]}, "roddy_events": {"overlaps_before_p_now": [[0.26669222116470337, 0.15454545617103577, 0.47752809524536133], [0.32893139123916626, 0.2521008551120758, 0.47337278723716736], [0.23604914546012878, 0.09708737581968307, 0.4972972869873047], [0.27457723021507263, 0.16363635659217834, 0.483146071434021], [0.33256205916404724, 0.248927041888237, 0.4897959232330322]], "overlaps_before_p_future": [[0.2982497215270996, 0.17924527823925018, 0.5219780206680298], [0.44283491373062134, 0.4000000059604645, 0.5233644843101501], [0.414042592048645, 0.34188035130500793, 0.5497075915336609], [0.37912631034851074, 0.29203540086746216, 0.5428571701049805], [0.5274896025657654, 0.5195729732513428, 0.5423728823661804]], "overlaps_after_p_now": [[0.5762818455696106, 0.7035176157951355, 0.33707866072654724], [0.4741829037666321, 0.4882943034172058, 0.4476534426212311], [0.4603227972984314, 0.44999998807907104, 0.4797297418117523], [0.622151255607605, 0.7309644818305969, 0.4175824224948883], [0.5959667563438416, 0.684636116027832, 0.4292683005332947]], "overlaps_after_p_future": [[0.5211269855499268, 0.5018450021743774, 0.5573770403862], [0.5928393602371216, 0.6098360419273376, 0.5608856081962585], [0.6296850442886353, 0.6583071947097778, 0.575875461101532], [0.5439253449440002, 0.5223880410194397, 0.5844155550003052], [0.5595238208770752, 0.5531914830207825, 0.5714285969734192]], "overlap_spred_before_p_future": [[0.20875760912895203, 0.032608695328235626, 0.5240641832351685], [0.2550249397754669, 0.10362694412469864, 0.5260273814201355], [0.3685968518257141, 0.2654028534889221, 0.5533141493797302], [0.244695246219635, 0.08465608209371567, 0.5311653017997742], [0.19388777017593384, 0.010989011265337467, 0.521276593208313]]}, "gap_0": {"gap_0_p_future": [[0.3022236227989197, 0.27765727043151855, 0.3882425129413605], [0.5214567184448242, 0.5505882501602173, 0.41945287585258484], [0.3700089454650879, 0.36486485600471497, 0.3880208432674408], [0.4401342570781708, 0.4502550959587097, 0.40469613671302795], [0.5482534170150757, 0.5852272510528564, 0.418789803981781]], "gap_0_p_now": [[0.11712358146905899, 0.046434495598077774, 0.36464089155197144], [0.17200006544589996, 0.11718131601810455, 0.3639475107192993], [0.12854398787021637, 0.060855261981487274, 0.3655555546283722], [0.10551782697439194, 0.03177257627248764, 0.36373627185821533], [0.12126262485980988, 0.051324501633644104, 0.366150438785553]], "s_pred_p_now": [[0.3826863765716553, 0.00699300691485405, 0.7023060917854309], [0.39612892270088196, 0.034364260733127594, 0.7038988471031189], [0.39339351654052734, 0.027681661769747734, 0.7045215368270874], [0.40391287207603455, 0.04794520512223244, 0.7067510485649109], [0.4134061932563782, 0.06756756454706192, 0.7076271176338196]], "s_pred_p_future": [[0.3826863765716553, 0.00699300691485405, 0.7023060917854309], [0.39261284470558167, 0.027586206793785095, 0.703157901763916], [0.402285635471344, 0.0476190485060215, 0.704016923904419], [0.4134061932563782, 0.06756756454706192, 0.7076271176338196], [0.3862766921520233, 0.013937282375991344, 0.7030430436134338]], "superset_p_future": [[0.25071439146995544, 0.22067487239837646, 0.3649061620235443], [0.5396990776062012, 0.573913037776947, 0.40963855385780334], [0.4057299494743347, 0.41201314330101013, 0.381845086812973], [0.45846080780029297, 0.47580644488334656, 0.3925233781337738], [0.5742840766906738, 0.6165473461151123, 0.4136252999305725]]}, "fast_shift": {}, "slow_shift": {}, "short_long": {}}, "bal_Accs": {"ekstedt_events": {"shift_hold_p_future_after": [0.502970297029703, 0.5071642069867364, 0.5081543059966374, 0.5123482159536709, 0.5054175228843639], "shift_hold_p_future_before": [0.501980198019802, 0.4982533158976275, 0.5105127965626751, 0.5051840089669344, 0.501980198019802], "s_pred_p_future": [0.5, 0.5069694721221115, 0.5028089887640449, 0.5102289590841637, 0.5], "shift_hold_p_now_after": [0.4996217074537642, 0.5065524005230712, 0.5190453951055483, 0.5182327666728938, 0.503960396039604], "shift_hold_p_now_before": [0.5, 0.4996217074537642, 0.5006118064636652, 0.49863160844386323, 0.5], "s_pred_p_now": [0.5, 0.49764150943396224, 0.5, 0.5004504981980071, 0.5], "backchannel": [0.5079036810229306, 0.5106155999910165, 0.533433899548575, 0.5176227943433376, 0.5514197803514078], "short_long": [0.49550545692814874, 0.44175010750046073, 0.5169697155844953, 0.42395110264758273, 0.47972848455064804]}, "roddy_events": {"overlaps_before_p_now": [0.4929787234042553, 0.4856382978723404, 0.4865957446808511, 0.47595744680851065, 0.4926595744680851], "overlaps_before_p_future": [0.49, 0.4879787234042553, 0.4953191489361702, 0.5059574468085106, 0.4953191489361702], "overlaps_after_p_now": [0.4898936170212766, 0.4785106382978723, 0.4951063829787234, 0.5269148936170213, 0.5292553191489362], "overlaps_after_p_future": [0.5006382978723404, 0.5172340425531915, 0.5032978723404256, 0.5089361702127659, 0.5228723404255319], "overlap_spred_before_p_future": [0.4927932960893855, 0.49558659217877093, 0.49558659217877093, 0.49837988826815643, 0.4927932960893855]}, "gap_0": {"gap_0_p_future": [0.5008525149190111, 0.5042600297744017, 0.5138527312287666, 0.5123601939153338, 0.5042625745950554], "gap_0_p_now": [0.5004262574595055, 0.5010650074436004, 0.4995724701301676, 0.4997862350650838, 0.5004262574595055],