{"f1_score": {"ekstedt_events": {"shift_hold_p_future_after": [[0.24562755227088928, 0.15439856052398682, 0.46294185519218445], [0.47950178384780884, 0.5108004808425903, 0.40494590997695923], [0.43343228101730347, 0.4438430368900299, 0.4086330831050873], [0.3497607707977295, 0.3191489279270172, 0.42268040776252747], [0.3154105842113495, 0.27272728085517883, 0.4170854389667511]], "shift_hold_p_future_before": [[0.24133792519569397, 0.15275311470031738, 0.4523536264896393], [0.18653343617916107, 0.08088235557079315, 0.43820226192474365], [0.2720012068748474, 0.1982906013727188, 0.44758540391921997], [0.32811278104782104, 0.2857142984867096, 0.4291091561317444], [0.20150630176067352, 0.10163339227437973, 0.43941110372543335]], "s_pred_p_future": [[0.38286054134368896, 0.0, 0.7043189406394958], [0.4029105007648468, 0.043478261679410934, 0.7046979665756226], [0.38286054134368896, 0.0, 0.7043189406394958], [0.4240982234477997, 0.09326425194740295, 0.7018739581108093], [0.3849828839302063, 0.010989011265337467, 0.6989966630935669]], "shift_hold_p_now_after": [[0.19634178280830383, 0.09471766650676727, 0.43841809034347534], [0.39971163868904114, 0.3860667645931244, 0.43221476674079895], [0.2268419861793518, 0.14035087823867798, 0.43287035822868347], [0.2696155607700348, 0.1993243247270584, 0.4370546340942383], [0.2634716033935547, 0.190476194024086, 0.4373522400856018]], "shift_hold_p_now_before": [[0.1552315205335617, 0.02734375, 0.4598698616027832], [0.16660423576831818, 0.04597701132297516, 0.45394736528396606], [0.16376893222332, 0.03883495181798935, 0.4613710641860962], [0.18344932794570923, 0.07129456102848053, 0.4506104290485382], [0.16156932711601257, 0.038535647094249725, 0.4546447992324829]], "s_pred_p_now": [[0.38859713077545166, 0.011173184029757977, 0.7054908275604248], [0.38859713077545166, 0.011173184029757977, 0.7054908275604248], [0.38286054134368896, 0.0, 0.7043189406394958], [0.38859713077545166, 0.011173184029757977, 0.7054908275604248], [0.387395977973938, 0.011111111380159855, 0.70333331823349]], "backchannel": [[0.4736718237400055, 0.41712403297424316, 0.5496183037757874], [0.5189693570137024, 0.6039840579032898, 0.4047904312610626], [0.532795250415802, 0.6072874665260315, 0.4327485263347626], [0.4755440354347229, 0.5119574666023254, 0.4266389310359955], [0.47011178731918335, 0.48708486557006836, 0.44731611013412476]], "short_long": [[0.5806792378425598, 0.20462046563625336, 0.7653359174728394], [0.5285331606864929, 0.36614173650741577, 0.6082724928855896], [0.4680176377296448, 0.42307692766189575, 0.4900849759578705], [0.4342200756072998, 0.38523274660110474, 0.45827439427375793], [0.4607274830341339, 0.39338842034339905, 0.4937931001186371]]}, "roddy_events": {"overlaps_before_p_now": [[0.26159682869911194, 0.13333334028720856, 0.5027322173118591], [0.3303897976875305, 0.2378854602575302, 0.5042979717254639], [0.234328955411911, 0.09661835432052612, 0.4932249188423157], [0.26836416125297546, 0.14883720874786377, 0.49307480454444885], [0.36307352781295776, 0.28326180577278137, 0.5131195187568665]], "overlaps_before_p_future": [[0.20960476994514465, 0.059405941516160965, 0.49197861552238464], [0.32962608337402344, 0.2572614252567291, 0.4656716287136078], [0.2943783104419708, 0.21666666865348816, 0.4404761791229248], [0.2839428782463074, 0.1850220263004303, 0.469914048910141], [0.3647300601005554, 0.32307693362236023, 0.4430379867553711]], "overlaps_after_p_now": [[0.5369287133216858, 0.663239061832428, 0.29946523904800415], [0.42721027135849, 0.40148699283599854, 0.47557002305984497], [0.4164954423904419, 0.3849056661128998, 0.47588425874710083], [0.5496166944503784, 0.6683937907218933, 0.3263157904148102], [0.5147485733032227, 0.5830903649330139, 0.3862660825252533]], "overlaps_after_p_future": [[0.33344411849975586, 0.2542372941970825, 0.48235294222831726], [0.41471076011657715, 0.39114391803741455, 0.4590163826942444], [0.4877479672431946, 0.5129870176315308, 0.44029849767684937], [0.36519211530685425, 0.31496062874794006, 0.45962733030319214], [0.36766064167022705, 0.31620553135871887, 0.46439629793167114]], "overlap_spred_before_p_future": [[0.20875760912895203, 0.032608695328235626, 0.5240641832351685], [0.23052623867988586, 0.06417112052440643, 0.5283018946647644], [0.2910739779472351, 0.17840375006198883, 0.49275362491607666], [0.25143226981163025, 0.10256410390138626, 0.5179063081741333], [0.19986724853515625, 0.021739130839705467, 0.51871657371521]]}, "gap_0": {"gap_0_p_future": [[0.24024230241775513, 0.2046303153038025, 0.3649373948574066], [0.37656357884407043, 0.38668373227119446, 0.3411279320716858], [0.33896103501319885, 0.33490249514579773, 0.3531720042228699], [0.359070748090744, 0.36039602756500244, 0.3544303774833679], [0.3921428918838501, 0.40900564193725586, 0.33309808373451233]], "gap_0_p_now": [[0.12420322000980377, 0.05596707761287689, 0.363131582736969], [0.15659770369529724, 0.09888356924057007, 0.358683317899704], [0.14004278182983398, 0.07636068016290665, 0.3630252182483673], [0.1291026771068573, 0.062295082956552505, 0.36302894353866577], [0.14253902435302734, 0.08071024715900421, 0.3590320646762848]], "s_pred_p_now": [[0.3826863765716553, 0.00699300691485405, 0.7023060917854309], [0.38551831245422363, 0.013888888992369175, 0.7016806602478027], [0.37907448410987854, 0.0, 0.7015706896781921], [0.3862766921520233, 0.013937282375991344, 0.7030430436134338], [0.4032506048679352, 0.05369127541780472, 0.7006369233131409]], "s_pred_p_future": [[0.3862766921520233, 0.013937282375991344, 0.7030430436134338], [0.3898456394672394, 0.02083333395421505, 0.7037814855575562], [0.3894774317741394, 0.027210883796215057, 0.6976743936538696], [0.3947860896587372, 0.04026845470070839, 0.6963906288146973], [0.3980162441730499, 0.040816325694322586, 0.7019027471542358]], "superset_p_future": [[0.19608786702156067, 0.15580110251903534, 0.34923338890075684], [0.3666455149650574, 0.3782287836074829, 0.32261306047439575], [0.34636425971984863, 0.3509933650493622, 0.3287671208381653], [0.35406601428985596, 0.35943394899368286, 0.33366045355796814], [0.3905565142631531, 0.4102104902267456, 0.3158441483974457]]}, "fast_shift": {}, "slow_shift": {}, "short_long": {}}, "bal_Accs": {"ekstedt_events": {"shift_hold_p_future_after": [0.5016019054735662, 0.4967401457126845, 0.5091444050065383, 0.5000326919484401, 0.4994208854847749], "shift_hold_p_future_before": [0.5006118064636652, 0.4996217074537642, 0.5051840089669344, 0.5035821034933682, 0.4978750233513917], "s_pred_p_future": [0.5, 0.5065189739241043, 0.5, 0.511129955480178, 0.4957335170659317], "shift_hold_p_now_after": [0.5025920044834672, 0.49414814122921724, 0.4946151690640762, 0.4982299645058845, 0.49513824023911823], "shift_hold_p_now_before": [0.501980198019802, 0.500990099009901, 0.504950495049505, 0.5, 0.49764150943396224], "s_pred_p_now": [0.5028089887640449, 0.5028089887640449, 0.5, 0.5028089887640449, 0.5004504981980071], "backchannel": [0.521826362322855, 0.5021167566272637, 0.5018004596599714, 0.46974591434154084, 0.4726094312643644], "short_long": [0.5146303007965273, 0.5156285193603211, 0.5132635092245633, 0.48649589450621455, 0.521315805639167]}, "roddy_events": {"overlaps_before_p_now": [0.4903191489361702, 0.5036170212765957, 0.4815957446808511, 0.4832978723404255, 0.48], "overlaps_before_p_future": [0.49, 0.4979787234042553, 0.4903191489361702, 0.4826595744680851, 0.4903191489361702], "overlaps_after_p_now": [0.5046808510638298, 0.510531914893617, 0.522127659574468, 0.5267021276595745, 0.5237234042553192], "overlaps_after_p_future": [0.4953191489361702, 0.5012765957446809, 0.4903191489361702, 0.48031914893617017, 0.4869148936170213], "overlap_spred_before_p_future": [0.4927932960893855, 0.49558659217877093, 0.4927932960893855, 0.49837988826815643, 0.49058659217877093]}, "gap_0": {"gap_0_p_future": [0.4989337201460727, 0.49871741039050277, 0.5038337723148961, 0.5051138171037396, 0.5004237126388518],