{"f1_score": {"ekstedt_events": {"shift_hold_p_future_after": [[0.2210606187582016, 0.1182994470000267, 0.4658454656600952], [0.6331831812858582, 0.6857143044471741, 0.5080500841140747], [0.5161429047584534, 0.5250338315963745, 0.49496403336524963], [0.4108065962791443, 0.37362638115882874, 0.499372661113739], [0.40091222524642944, 0.36220473051071167, 0.4931164085865021]], "shift_hold_p_future_before": [[0.30166590213775635, 0.22797927260398865, 0.4771929681301117], [0.2601785361766815, 0.1717352420091629, 0.4708571434020996], [0.2725403606891632, 0.19014084339141846, 0.468822181224823], [0.40983670949935913, 0.3730407655239105, 0.4974874258041382], [0.18705156445503235, 0.0721062645316124, 0.4608599841594696]], "s_pred_p_future": [[0.38286054134368896, 0.0, 0.7043189406394958], [0.4029105007648468, 0.043478261679410934, 0.7046979665756226], [0.399907648563385, 0.033149171620607376, 0.7078464031219482], [0.42552000284194946, 0.09375, 0.704081654548645], [0.38859713077545166, 0.011173184029757977, 0.7054908275604248]], "shift_hold_p_now_after": [[0.23238499462604523, 0.13743218779563904, 0.45856979489326477], [0.5083364248275757, 0.5232403874397278, 0.4728340804576874], [0.2413364052772522, 0.14801444113254547, 0.4636363685131073], [0.2883192300796509, 0.21575342118740082, 0.46117648482322693], [0.27822238206863403, 0.2010398656129837, 0.4620770215988159]], "shift_hold_p_now_before": [[0.149488627910614, 0.019607843831181526, 0.4588744640350342], [0.2079305797815323, 0.1007462665438652, 0.46325168013572693], [0.16772906482219696, 0.04615384712815285, 0.4573304057121277], [0.18432000279426575, 0.06844106316566467, 0.46035242080688477], [0.15183888375759125, 0.0234375, 0.45770063996315]], "s_pred_p_now": [[0.38286054134368896, 0.0, 0.7043189406394958], [0.38286054134368896, 0.0, 0.7043189406394958], [0.38286054134368896, 0.0, 0.7043189406394958], [0.38286054134368896, 0.0, 0.7043189406394958], [0.38286054134368896, 0.0, 0.7043189406394958]], "backchannel": [[0.45056968927383423, 0.33589744567871094, 0.6045801639556885], [0.533134937286377, 0.5496323704719543, 0.5109780430793762], [0.5780372023582458, 0.5946934819221497, 0.555666983127594], [0.5130777955055237, 0.47578948736190796, 0.5631579160690308], [0.5351651906967163, 0.50104820728302, 0.5809859037399292]], "short_long": [[0.5712037086486816, 0.13584905862808228, 0.7849765419960022], [0.5144681334495544, 0.14367815852165222, 0.6965376734733582], [0.5212058424949646, 0.30835118889808655, 0.625724196434021], [0.4887218177318573, 0.22374428808689117, 0.6188340783119202], [0.5121158957481384, 0.2630385458469391, 0.6344206929206848]]}, "roddy_events": {"overlaps_before_p_now": [[0.2982497215270996, 0.17924527823925018, 0.5219780206680298], [0.3964320719242096, 0.3234042525291443, 0.5337243676185608], [0.22595641016960144, 0.0710659921169281, 0.5171504020690918], [0.29212021827697754, 0.17061612010002136, 0.5205479264259338], [0.35029125213623047, 0.25777778029441833, 0.5242165327072144]], "overlaps_before_p_future": [[0.25424546003341675, 0.1170731708407402, 0.5121293663978577], [0.512367308139801, 0.4848484992980957, 0.5641025900840759], [0.33689576387405396, 0.2410714328289032, 0.5170454382896423], [0.3323323130607605, 0.22325581312179565, 0.5373961329460144], [0.6354097723960876, 0.6442952752113342, 0.6187050342559814]], "overlaps_after_p_now": [[0.7066498398780823, 0.7929292917251587, 0.5444444417953491], [0.5891382694244385, 0.6052631735801697, 0.5588235259056091], [0.485670268535614, 0.44961240887641907, 0.553459107875824], [0.6714720129966736, 0.7783251404762268, 0.47058823704719543], [0.6921190023422241, 0.7696335315704346, 0.5463917255401611]], "overlaps_after_p_future": [[0.5054796934127808, 0.48327139019966125, 0.5472312569618225], [0.6435006856918335, 0.672897219657898, 0.5882353186607361], [0.6744376420974731, 0.7055214643478394, 0.6159999966621399], [0.579088032245636, 0.5641025900840759, 0.6072607040405273], [0.6291304230690002, 0.6399999856948853, 0.6086956262588501]], "overlap_spred_before_p_future": [[0.2160840779542923, 0.04324324429035187, 0.525469183921814], [0.2516801357269287, 0.09473684430122375, 0.532608687877655], [0.2928767800331116, 0.1599999964237213, 0.5307262539863586], [0.244695246219635, 0.08465608209371567, 0.5311653017997742], [0.20135927200317383, 0.02185792289674282, 0.5226666927337646]]}, "gap_0": {"gap_0_p_future": [[0.3619246482849121, 0.3490959703922272, 0.4068441092967987], [0.6059489846229553, 0.6456953883171082, 0.46677741408348083], [0.4076134264469147, 0.40587449073791504, 0.41370224952697754], [0.5377770662307739, 0.5606242418289185, 0.4577777683734894], [0.6535115242004395, 0.7028154134750366, 0.48087432980537415]], "gap_0_p_now": [[0.13823796808719635, 0.07213114947080612, 0.3697104752063751], [0.19047421216964722, 0.13949842751026154, 0.3689655065536499], [0.14559823274612427, 0.08149959146976471, 0.3700391352176666], [0.12668362259864807, 0.05780346691608429, 0.36786702275276184], [0.12620730698108673, 0.05770816281437874, 0.36605656147003174]], "s_pred_p_now": [[0.39339351654052734, 0.027681661769747734, 0.7045215368270874], [0.4057304561138153, 0.05423728749155998, 0.7047619223594666], [0.3996244966983795, 0.04109589010477066, 0.7046413421630859], [0.40309977531433105, 0.0477815717458725, 0.7053854465484619], [0.39612892270088196, 0.034364260733127594, 0.7038988471031189]], "s_pred_p_future": [[0.3826863765716553, 0.00699300691485405, 0.7023060917854309], [0.3890760540962219, 0.020761245861649513, 0.7024185061454773], [0.41765686869621277, 0.07432432472705841, 0.7097457647323608], [0.42687714099884033, 0.09333333373069763, 0.7106382846832275], [0.39339351654052734, 0.027681661769747734, 0.7045215368270874]], "superset_p_future": [[0.2834034562110901, 0.25945377349853516, 0.37444543838500977], [0.60281902551651, 0.6440142393112183, 0.4462200403213501], [0.44065946340560913, 0.45030051469802856, 0.40401002764701843], [0.5432173609733582, 0.5698466897010803, 0.4419889450073242], [0.6695475578308105, 0.7207074165344238, 0.4750692546367645]]}, "fast_shift": {}, "slow_shift": {}, "short_long": {}}, "bal_Accs": {"ekstedt_events": {"shift_hold_p_future_after": [0.502970297029703, 0.5085325985428731, 0.5079207920792079, 0.5117364094900055, 0.5087661124603026], "shift_hold_p_future_before": [0.5025920044834672, 0.505940594059406, 0.5055623015131702, 0.503960396039604, 0.501980198019802], "s_pred_p_future": [0.5, 0.5065189739241043, 0.5084269662921348, 0.5134884460462158, 0.5028089887640449], "shift_hold_p_now_after": [0.503960396039604, 0.5115028955725761, 0.5064076218942649, 0.5204464786101252, 0.5006118064636652], "shift_hold_p_now_before": [0.500990099009901, 0.4996217074537642, 0.5025920044834672, 0.49764150943396224, 0.5], "s_pred_p_now": [0.5, 0.5, 0.5, 0.5, 0.5], "backchannel": [0.553295103198904, 0.5376187517312112, 0.5788739827964395, 0.5449852893836514, 0.5694543222261318], "short_long": [0.5055541904703401, 0.439507955034093, 0.5192528206073264, 0.4327559022872003, 0.4776091897536704]}, "roddy_events": {"overlaps_before_p_now": [0.4953191489361702, 0.5059574468085106, 0.5086170212765957, 0.4979787234042553, 0.4926595744680851], "overlaps_before_p_future": [0.49, 0.4953191489361702, 0.4926595744680851, 0.4926595744680851, 0.49], "overlaps_after_p_now": [0.5708510638297872, 0.5361702127659574, 0.5361702127659574, 0.6025531914893617, 0.5922340425531915], "overlaps_after_p_future": [0.5032978723404256, 0.5195744680851063, 0.4979787234042553, 0.5006382978723404, 0.5198936170212766], "overlap_spred_before_p_future": [0.4927932960893855, 0.5011731843575419, 0.49558659217877093, 0.4927932960893855, 0.49558659217877093]}, "gap_0": {"gap_0_p_future": [0.5021312872975278, 0.5102289066178062, 0.5074588693361836, 0.5080988917306053, 0.5034100596760444], "gap_0_p_now": [0.5004262574595055, 0.5014912649031059, 0.5027700372816226, 0.4997862350650838, 0.5004262574595055],