{"f1_score": {"ekstedt_events": {"shift_hold_p_future_after": [[0.22931554913520813, 0.1387900412082672, 0.44495412707328796], [0.5096532106399536, 0.5636147260665894, 0.3811129927635193], [0.4315035939216614, 0.4511873424053192, 0.38461539149284363], [0.3507031202316284, 0.31963470578193665, 0.4247104227542877], [0.34945353865623474, 0.31432974338531494, 0.4331210255622864]], "shift_hold_p_future_before": [[0.24987149238586426, 0.16753926873207092, 0.445993036031723], [0.2298547327518463, 0.13405796885490417, 0.4580498933792114], [0.3008193373680115, 0.2370617687702179, 0.4526946246623993], [0.3390170931816101, 0.29780563712120056, 0.43718594312667847], [0.25797736644744873, 0.1708185076713562, 0.4655963182449341]], "s_pred_p_future": [[0.38286054134368896, 0.0, 0.7043189406394958], [0.40419840812683105, 0.04371584579348564, 0.7068676948547363], [0.3861912488937378, 0.01104972418397665, 0.7011685967445374], [0.3923153281211853, 0.03208556026220322, 0.6947723627090454], [0.387395977973938, 0.011111111380159855, 0.70333331823349]], "shift_hold_p_now_after": [[0.23004589974880219, 0.13162705302238464, 0.4644870460033417], [0.42157456278800964, 0.41260746121406555, 0.4429347813129425], [0.26529332995414734, 0.18053098022937775, 0.46720367670059204], [0.28957074880599976, 0.2222222238779068, 0.44999998807907104], [0.29373249411582947, 0.2222222238779068, 0.46407538652420044]], "shift_hold_p_now_before": [[0.15469953417778015, 0.027290448546409607, 0.45819762349128723], [0.18824633955955505, 0.07238095253705978, 0.4642464220523834], [0.17664512991905212, 0.05747126415371895, 0.46052631735801697], [0.1945762038230896, 0.08286252617835999, 0.460686594247818], [0.18609566986560822, 0.06883364915847778, 0.4654226005077362]], "s_pred_p_now": [[0.38286054134368896, 0.0, 0.7043189406394958], [0.38286054134368896, 0.0, 0.7043189406394958], [0.38286054134368896, 0.0, 0.7043189406394958], [0.38286054134368896, 0.0, 0.7043189406394958], [0.38859713077545166, 0.011173184029757977, 0.7054908275604248]], "backchannel": [[0.4519650340080261, 0.39956802129745483, 0.5223367810249329], [0.5365046262741089, 0.6325581669807434, 0.4074999988079071], [0.5211488008499146, 0.604948103427887, 0.40860214829444885], [0.4802320599555969, 0.5193662047386169, 0.42767295241355896], [0.4932076334953308, 0.5023429989814758, 0.4809384047985077]], "short_long": [[0.5705557465553284, 0.21884498000144958, 0.7432567477226257], [0.5434066653251648, 0.4214417636394501, 0.6032953262329102], [0.4733239412307739, 0.44859811663627625, 0.4854651093482971], [0.4614216685295105, 0.4361370801925659, 0.4738371968269348], [0.5114001035690308, 0.44407346844673157, 0.5444596409797668]]}, "roddy_events": {"overlaps_before_p_now": [[0.22565484046936035, 0.09433962404727936, 0.47252747416496277], [0.2567186951637268, 0.1572052389383316, 0.4438040256500244], [0.2193097472190857, 0.08530806005001068, 0.47123289108276367], [0.24678529798984528, 0.12844036519527435, 0.46927374601364136], [0.2952306866645813, 0.20087336003780365, 0.47262248396873474]], "overlaps_before_p_future": [[0.2505143880844116, 0.12962962687015533, 0.47777777910232544], [0.4093358814716339, 0.37735849618911743, 0.469453364610672], [0.388455331325531, 0.35114502906799316, 0.4585987329483032], [0.32604026794433594, 0.235807865858078, 0.49567723274230957], [0.4049277901649475, 0.38235294818878174, 0.44736841320991516]], "overlaps_after_p_now": [[0.5734962224960327, 0.7002518773078918, 0.33519554138183594], [0.3934274911880493, 0.36900368332862854, 0.43934425711631775], [0.39239901304244995, 0.36090224981307983, 0.4516128897666931], [0.619251012802124, 0.7277353405952454, 0.41530054807662964], [0.5374013185501099, 0.6114285588264465, 0.39823007583618164]], "overlaps_after_p_future": [[0.454517126083374, 0.43382352590560913, 0.4934210479259491], [0.4812769293785095, 0.48630136251449585, 0.47183099389076233], [0.5592654347419739, 0.6036585569381714, 0.47580644488334656], [0.42721027135849, 0.40148699283599854, 0.47557002305984497], [0.4138437509536743, 0.3834586441516876, 0.47096773982048035]], "overlap_spred_before_p_future": [[0.19243590533733368, 0.01092896144837141, 0.5173333287239075], [0.2222479283809662, 0.0625, 0.5081967115402222], [0.27250975370407104, 0.1651376187801361, 0.4647058844566345], [0.21135616302490234, 0.042553190141916275, 0.5135135054588318], [0.19836845993995667, 0.021621622145175934, 0.51474529504776]]}, "gap_0": {"gap_0_p_future": [[0.24262237548828125, 0.20990391075611115, 0.35718581080436707], [0.40642428398132324, 0.42439326643943787, 0.3435060381889343], [0.34880632162094116, 0.34880635142326355, 0.34880635142326355], [0.34957173466682434, 0.3540169894695282, 0.33400672674179077], [0.4275193512439728, 0.450549453496933, 0.3468795418739319]], "gap_0_p_now": [[0.12491568922996521, 0.056105609983205795, 0.3658536672592163], [0.15830422937870026, 0.09822866320610046, 0.3686583936214447], [0.15476977825164795, 0.09485530853271484, 0.3645598292350769], [0.13062521815299988, 0.06393442302942276, 0.3641425371170044], [0.16161730885505676, 0.103833869099617, 0.3639455735683441]], "s_pred_p_now": [[0.3826863765716553, 0.00699300691485405, 0.7023060917854309], [0.37907448410987854, 0.0, 0.7015706896781921], [0.3826863765716553, 0.00699300691485405, 0.7023060917854309], [0.3862766921520233, 0.013937282375991344, 0.7030430436134338], [0.3953360915184021, 0.034246575087308884, 0.702531635761261]], "s_pred_p_future": [[0.3826863765716553, 0.00699300691485405, 0.7023060917854309], [0.38551831245422363, 0.013888888992369175, 0.7016806602478027], [0.4049147665500641, 0.06535948067903519, 0.6937901377677917], [0.4032844603061676, 0.059405941516160965, 0.6958377957344055], [0.3980162441730499, 0.040816325694322586, 0.7019027471542358]], "superset_p_future": [[0.18996024131774902, 0.15063221752643585, 0.3394612967967987], [0.40370917320251465, 0.4235925078392029, 0.328125], [0.36256247758865356, 0.3731481432914734, 0.3223223090171814], [0.34631139039993286, 0.35349273681640625, 0.3190123438835144], [0.41825130581855774, 0.4426877498626709, 0.3253588378429413]]}, "fast_shift": {}, "slow_shift": {}, "short_long": {}}, "bal_Accs": {"ekstedt_events": {"shift_hold_p_future_after": [0.5075424995329721, 0.5107463104801045, 0.5119699234074351, 0.5059732860078461, 0.5160190547356622], "shift_hold_p_future_before": [0.5065524005230712, 0.5069306930693069, 0.5054175228843639, 0.5105127965626751, 0.5085325985428731], "s_pred_p_future": [0.5, 0.508877464490142, 0.4980920076319695, 0.49427602289590844, 0.5004504981980071], "shift_hold_p_now_after": [0.5099009900990099, 0.5079207920792079, 0.5226274985989164, 0.5269988791331963, 0.5134830935923781], "shift_hold_p_now_before": [0.500990099009901, 0.503960396039604, 0.503960396039604, 0.501980198019802, 0.502970297029703], "s_pred_p_now": [0.5, 0.5, 0.5, 0.5, 0.5028089887640449], "backchannel": [0.4952312149546703, 0.5000879642453416, 0.4852706678544959, 0.4660963339497069, 0.4994909303248314], "short_long": [0.5317740647459918, 0.5304482257304912, 0.526880234248623, 0.5318713270675921, 0.5314054917378217]}, "roddy_events": {"overlaps_before_p_now": [0.4856382978723404, 0.4829787234042553, 0.45393617021276594, 0.48627659574468085, 0.4903191489361702], "overlaps_before_p_future": [0.4903191489361702, 0.48031914893617017, 0.47595744680851065, 0.49861702127659574, 0.4879787234042553], "overlaps_after_p_now": [0.48531914893617023, 0.4369148936170213, 0.44021276595744685, 0.46638297872340423, 0.47138297872340423], "overlaps_after_p_future": [0.4832978723404255, 0.48223404255319147, 0.47095744680851065, 0.4939361702127659, 0.4728723404255319], "overlap_spred_before_p_future": [0.4927932960893855, 0.49058659217877093, 0.4927932960893855, 0.49058659217877093, 0.4855865921787709]}, "gap_0": {"gap_0_p_future": [0.502343779822117, 0.5066050820068456, 0.5038312274942424, 0.508523876779784, 0.5046862872339072],