{"f1_score": {"ekstedt_events": {"shift_hold_p_future_after": [[0.20795878767967224, 0.10889292508363724, 0.4439411163330078], [0.4881304204463959, 0.5352798104286194, 0.3758170008659363], [0.4492022395133972, 0.4654255211353302, 0.41055718064308167], [0.33831727504730225, 0.29906541109085083, 0.4318181872367859], [0.3310661315917969, 0.2888540029525757, 0.4316185712814331]], "shift_hold_p_future_before": [[0.2567259967327118, 0.17253521084785461, 0.45727482438087463], [0.23445971310138702, 0.13818182051181793, 0.46380090713500977], [0.29603105783462524, 0.22525596618652344, 0.4646226465702057], [0.3257018029689789, 0.27608346939086914, 0.44389641284942627], [0.2268039882183075, 0.12797075510025024, 0.46223223209381104]], "s_pred_p_future": [[0.38286054134368896, 0.0, 0.7043189406394958], [0.3918164074420929, 0.021978022530674934, 0.7023411393165588], [0.3805128037929535, 0.0, 0.699999988079071], [0.41245952248573303, 0.06417112052440643, 0.7048903703689575], [0.3805128037929535, 0.0, 0.699999988079071]], "shift_hold_p_now_after": [[0.20473253726959229, 0.10526315867900848, 0.4416761100292206], [0.390442430973053, 0.3944827616214752, 0.38081803917884827], [0.24358108639717102, 0.16055846214294434, 0.44134727120399475], [0.2787441909313202, 0.21140938997268677, 0.43914079666137695], [0.25883376598358154, 0.18644067645072937, 0.43127962946891785]], "shift_hold_p_now_before": [[0.15766127407550812, 0.03461538627743721, 0.4507658779621124], [0.19681766629219055, 0.08921933174133301, 0.453125], [0.16046418249607086, 0.0383877158164978, 0.451259583234787], [0.18134541809558868, 0.06779661029577255, 0.4518272280693054], [0.15820887684822083, 0.034682080149650574, 0.4524590075016022]], "s_pred_p_now": [[0.38286054134368896, 0.0, 0.7043189406394958], [0.38286054134368896, 0.0, 0.7043189406394958], [0.38286054134368896, 0.0, 0.7043189406394958], [0.38286054134368896, 0.0, 0.7043189406394958], [0.38286054134368896, 0.0, 0.7043189406394958]], "backchannel": [[0.42854711413383484, 0.3479262590408325, 0.5368248820304871], [0.5228692293167114, 0.5870646834373474, 0.4366515874862671], [0.5261496305465698, 0.573390543460846, 0.4627026915550232], [0.45132356882095337, 0.47252747416496277, 0.4228456914424896], [0.49721962213516235, 0.5079365372657776, 0.482826292514801]], "short_long": [[0.5671578049659729, 0.16438356041908264, 0.7649325728416443], [0.5095725059509277, 0.3025210201740265, 0.6112412214279175], [0.49768105149269104, 0.39649122953414917, 0.5473684072494507], [0.43202683329582214, 0.3163444697856903, 0.48883047699928284], [0.4891076683998108, 0.3816254436969757, 0.5418848395347595]]}, "roddy_events": {"overlaps_before_p_now": [[0.26785004138946533, 0.14218010008335114, 0.5041095614433289], [0.2937561571598053, 0.1946902722120285, 0.47999998927116394], [0.2641168236732483, 0.14084507524967194, 0.4958677589893341], [0.24985313415527344, 0.12264151126146317, 0.4890109896659851], [0.3092780113220215, 0.21238937973976135, 0.49142858386039734]], "overlaps_before_p_future": [[0.2624858319759369, 0.12682926654815674, 0.5175201892852783], [0.3370088040828705, 0.25108224153518677, 0.4985507130622864], [0.4020773768424988, 0.3388429880142212, 0.5209580659866333], [0.3043075501918793, 0.19354838132858276, 0.5125347971916199], [0.42178764939308167, 0.3878327012062073, 0.48562300205230713]], "overlaps_after_p_now": [[0.6011542081832886, 0.7015706896781921, 0.41237112879753113], [0.39617547392845154, 0.35521236062049866, 0.47318610548973083], [0.3724339008331299, 0.31020408868789673, 0.48942598700523376], [0.606721818447113, 0.6918919086456299, 0.446601927280426], [0.5661375522613525, 0.6190476417541504, 0.46666666865348816]], "overlaps_after_p_future": [[0.3920978009700775, 0.341269850730896, 0.48765432834625244], [0.4857085347175598, 0.47101449966430664, 0.5133333206176758], [0.5156264305114746, 0.5419355034828186, 0.4661654233932495], [0.4020948112010956, 0.3467741906642914, 0.5060975551605225], [0.45018285512924194, 0.42804428935050964, 0.49180328845977783]], "overlap_spred_before_p_future": [[0.19243590533733368, 0.01092896144837141, 0.5173333287239075], [0.2359633892774582, 0.07407407462596893, 0.5257452726364136], [0.35004618763923645, 0.24528302252292633, 0.5375722646713257], [0.2359633892774582, 0.07407407462596893, 0.5257452726364136], [0.19388777017593384, 0.010989011265337467, 0.521276593208313]]}, "gap_0": {"gap_0_p_future": [[0.2563759684562683, 0.22288261353969574, 0.37365269660949707], [0.42425811290740967, 0.4422360360622406, 0.36130866408348083], [0.3780689537525177, 0.3813892602920532, 0.3664429485797882], [0.3880589008331299, 0.39482200145721436, 0.3643779754638672], [0.45833438634872437, 0.489651083946228, 0.34867924451828003]], "gap_0_p_now": [[0.12067687511444092, 0.0525883324444294, 0.35908839106559753], [0.16671288013458252, 0.11216429620981216, 0.35771429538726807], [0.15999165177345276, 0.10333863645792007, 0.35836178064346313], [0.11596810072660446, 0.04624277353286743, 0.3601107895374298], [0.14253902435302734, 0.08071024715900421, 0.3590320646762848]], "s_pred_p_now": [[0.3890760540962219, 0.020761245861649513, 0.7024185061454773], [0.39339351654052734, 0.027681661769747734, 0.7045215368270874], [0.38551831245422363, 0.013888888992369175, 0.7016806602478027], [0.3890760540962219, 0.020761245861649513, 0.7024185061454773], [0.3980162441730499, 0.040816325694322586, 0.7019027471542358]], "s_pred_p_future": [[0.37907448410987854, 0.0, 0.7015706896781921], [0.37907448410987854, 0.0, 0.7015706896781921], [0.3988209366798401, 0.04095563292503357, 0.7032734751701355], [0.41337713599205017, 0.07308970391750336, 0.7028753757476807], [0.3804410994052887, 0.0069204154424369335, 0.6982123851776123]], "superset_p_future": [[0.20546969771385193, 0.16703297197818756, 0.3515825569629669], [0.4333127737045288, 0.4545857310295105, 0.3524460792541504], [0.39970868825912476, 0.4124656319618225, 0.35121458768844604], [0.3901183009147644, 0.40165820717811584, 0.34625062346458435], [0.47748175263404846, 0.51277756690979, 0.34330886602401733]]}, "fast_shift": {}, "slow_shift": {}, "short_long": {}}, "bal_Accs": {"ekstedt_events": {"shift_hold_p_future_after": [0.49589482533158974, 0.5075424995329721, 0.5091444050065383, 0.5042826452456566, 0.5092331402951615], "shift_hold_p_future_before": [0.5002335139174294, 0.4962731178778255, 0.5071642069867364, 0.5012236129273304, 0.4992434149075285], "s_pred_p_future": [0.5, 0.5009009963960144, 0.49528301886792453, 0.5097784608861564, 0.49528301886792453], "shift_hold_p_now_after": [0.498486829815057, 0.500467027834859, 0.493480291425369, 0.5056837287502335, 0.5051840089669344], "shift_hold_p_now_before": [0.4962731178778255, 0.4982533158976275, 0.49688492434149073, 0.4996217074537642, 0.5], "s_pred_p_now": [0.5, 0.5, 0.5, 0.5004504981980071, 0.5], "backchannel": [0.4937564101604318, 0.47691032138766404, 0.5163314043585348, 0.4411275893304985, 0.5028298284884374], "short_long": [0.5224778344288142, 0.4788121710997809, 0.5334428814218728, 0.45092348014824823, 0.4960787927186354]}, "roddy_events": {"overlaps_before_p_now": [0.4956382978723404, 0.4909574468085106, 0.4898936170212766, 0.5012765957446809, 0.4903191489361702], "overlaps_before_p_future": [0.49, 0.4953191489361702, 0.4903191489361702, 0.4876595744680851, 0.4953191489361702], "overlaps_after_p_now": [0.5090425531914894, 0.49521276595744684, 0.49882978723404253, 0.49244680851063827, 0.4921276595744681], "overlaps_after_p_future": [0.4876595744680851, 0.5112765957446809, 0.4876595744680851, 0.4926595744680851, 0.515531914893617], "overlap_spred_before_p_future": [0.4927932960893855, 0.4927932960893855, 0.4927932960893855, 0.49558659217877093, 0.4927932960893855]}, "gap_0": {"gap_0_p_future": [0.5002124925245893, 0.5023412350014632, 0.5061788245473401, 0.5027687648712957, 0.5012774999681898], "gap_0_p_now": [0.5004262574595055, 0.49850619027624027, 0.4993587051952514, 0.5002124925245893, 0.4989337201460727],