{"f1_score": {"ekstedt_events": {"shift_hold_p_future_after": [[0.23629948496818542, 0.14130434393882751, 0.4625850319862366], [0.5565519332885742, 0.5978128910064697, 0.45826512575149536], [0.5119441747665405, 0.5343709588050842, 0.45852187275886536], [0.4202669858932495, 0.40294116735458374, 0.4615384638309479], [0.4059711694717407, 0.3748079836368561, 0.48020434379577637]], "shift_hold_p_future_before": [[0.2693774700164795, 0.18661971390247345, 0.4665127098560333], [0.20735061168670654, 0.10332103073596954, 0.45515695214271545], [0.30802345275878906, 0.24242424964904785, 0.4642857015132904], [0.39526882767677307, 0.3644716739654541, 0.46862995624542236], [0.23004589974880219, 0.13162705302238464, 0.4644870460033417]], "s_pred_p_future": [[0.38286054134368896, 0.0, 0.7043189406394958], [0.4096956253051758, 0.054347824305295944, 0.708053708076477], [0.3942791819572449, 0.02222222276031971, 0.7066666483879089], [0.41506439447402954, 0.0736842080950737, 0.701694905757904], [0.38286054134368896, 0.0, 0.7043189406394958]], "shift_hold_p_now_after": [[0.24552619457244873, 0.1590106040239334, 0.4516128897666931], [0.44939953088760376, 0.4609164297580719, 0.4219653308391571], [0.2727803587913513, 0.19863013923168182, 0.4494117498397827], [0.3364471197128296, 0.2866344749927521, 0.4551045596599579], [0.3110605776309967, 0.2512396574020386, 0.4535585045814514]], "shift_hold_p_now_before": [[0.15183888375759125, 0.0234375, 0.45770063996315], [0.18796081840991974, 0.07532956451177597, 0.4562569260597229], [0.18917013704776764, 0.07561437040567398, 0.45966851711273193], [0.18465310335159302, 0.07156308740377426, 0.45404207706451416], [0.1744409203529358, 0.05384615436196327, 0.4617067873477936]], "s_pred_p_now": [[0.38286054134368896, 0.0, 0.7043189406394958], [0.38859713077545166, 0.011173184029757977, 0.7054908275604248], [0.38286054134368896, 0.0, 0.7043189406394958], [0.38286054134368896, 0.0, 0.7043189406394958], [0.3942791819572449, 0.02222222276031971, 0.7066666483879089]], "backchannel": [[0.4436946511268616, 0.3587338924407959, 0.5578011274337769], [0.5191835761070251, 0.5699658989906311, 0.45098039507865906], [0.520295262336731, 0.5491949915885925, 0.48148149251937866], [0.4701892137527466, 0.4667309522628784, 0.47483381628990173], [0.5054388046264648, 0.4965786933898926, 0.5173383355140686]], "short_long": [[0.5710894465446472, 0.1666666716337204, 0.7696737051010132], [0.4892602264881134, 0.21395349502563477, 0.6244444251060486], [0.4967826008796692, 0.36928701400756836, 0.5593869686126709], [0.4411987364292145, 0.28677839040756226, 0.5170239806175232], [0.4861818552017212, 0.3358490467071533, 0.5600000023841858]]}, "roddy_events": {"overlaps_before_p_now": [[0.26224449276924133, 0.14018692076206207, 0.4917127192020416], [0.3463037610054016, 0.27004218101501465, 0.48967552185058594], [0.2652592062950134, 0.13461539149284363, 0.510869562625885], [0.3023398816585541, 0.18691588938236237, 0.519336998462677], [0.3347868323326111, 0.25, 0.49418604373931885]], "overlaps_before_p_future": [[0.24118231236934662, 0.09852216392755508, 0.5093833804130554], [0.3847736716270447, 0.3333333432674408, 0.48148149251937866], [0.3840896487236023, 0.3122362792491913, 0.5191740393638611], [0.3269484043121338, 0.23111110925674438, 0.5071225166320801], [0.4575282037258148, 0.4420289993286133, 0.4866666793823242]], "overlaps_after_p_now": [[0.6107656955718994, 0.7240506410598755, 0.3977900445461273], [0.43913203477859497, 0.4350877106189728, 0.4467353820800781], [0.4138437509536743, 0.3834586441516876, 0.47096773982048035], [0.6121342182159424, 0.7226462960243225, 0.40437158942222595], [0.5857884883880615, 0.6648199558258057, 0.4372093081474304]], "overlaps_after_p_future": [[0.4495850205421448, 0.42105263471603394, 0.5032258033752441], [0.5291703343391418, 0.5418060421943665, 0.505415141582489], [0.593047022819519, 0.6319018602371216, 0.5199999809265137], [0.4549987316131592, 0.42424243688583374, 0.5128205418586731], [0.5035903453826904, 0.4964539110660553, 0.5170068144798279]], "overlap_spred_before_p_future": [[0.20135927200317383, 0.02185792289674282, 0.5226666927337646], [0.23052623867988586, 0.06417112052440643, 0.5283018946647644], [0.4064917266368866, 0.3243243098258972, 0.5535714030265808], [0.2429787665605545, 0.08421052992343903, 0.5271739363670349], [0.19388777017593384, 0.010989011265337467, 0.521276593208313]]}, "gap_0": {"gap_0_p_future": [[0.28315556049346924, 0.256186306476593, 0.37758830189704895], [0.47455886006355286, 0.49879226088523865, 0.3897058963775635], [0.41300660371780396, 0.4225352108478546, 0.3796423673629761], [0.4442959129810333, 0.4618249535560608, 0.3829181492328644], [0.5149407982826233, 0.5501729846000671, 0.3915756642818451]], "gap_0_p_now": [[0.14028406143188477, 0.07516340166330338, 0.3683035671710968], [0.1839686632156372, 0.13197171688079834, 0.3660355806350708], [0.16269844770431519, 0.1041666641831398, 0.36764705181121826], [0.13699787855148315, 0.07183673232793808, 0.36515912413597107], [0.15608978271484375, 0.095238097012043, 0.3691615164279938]], "s_pred_p_now": [[0.38551831245422363, 0.013888888992369175, 0.7016806602478027], [0.3996244966983795, 0.04109589010477066, 0.7046413421630859], [0.3862766921520233, 0.013937282375991344, 0.7030430436134338], [0.3996244966983795, 0.04109589010477066, 0.7046413421630859], [0.39983680844306946, 0.047138046473264694, 0.6998939514160156]], "s_pred_p_future": [[0.37907448410987854, 0.0, 0.7015706896781921], [0.3862766921520233, 0.013937282375991344, 0.7030430436134338], [0.4280715882778168, 0.10389610379934311, 0.7038626670837402], [0.4091719388961792, 0.06644517928361893, 0.7007454633712769], [0.3832348883152008, 0.013745704665780067, 0.6975764036178589]], "superset_p_future": [[0.22603659331798553, 0.19130434095859528, 0.3580673038959503], [0.48532259464263916, 0.5147247314453125, 0.37355372309684753], [0.43262502551078796, 0.4504261910915375, 0.36495593190193176], [0.4453878402709961, 0.4658385217189789, 0.36764705181121826], [0.5233577489852905, 0.5621931552886963, 0.3757292926311493]]}, "fast_shift": {}, "slow_shift": {}, "short_long": {}}, "bal_Accs": {"ekstedt_events": {"shift_hold_p_future_after": [0.5006118064636652, 0.5055623015131702, 0.5080095273678311, 0.5201242294040724, 0.5139501214272371], "shift_hold_p_future_before": [0.501980198019802, 0.502970297029703, 0.5101345040164393, 0.5035821034933682, 0.501980198019802], "s_pred_p_future": [0.5, 0.5116864532541869, 0.5056179775280899, 0.5078704685181259, 0.5], "shift_hold_p_now_after": [0.5045722025032692, 0.5083878199140669, 0.5073416775639829, 0.5247291238557817, 0.5038156174107976], "shift_hold_p_now_before": [0.501980198019802, 0.503960396039604, 0.5099009900990099, 0.5, 0.5], "s_pred_p_now": [0.5, 0.5028089887640449, 0.5, 0.5056179775280899, 0.5056179775280899], "backchannel": [0.5144841552063604, 0.5018116891381001, 0.5245626118268863, 0.4762402958593171, 0.5214370737477261], "short_long": [0.5082468210578045, 0.47844359809161086, 0.5216587832995475, 0.43561234310051805, 0.48670065728853124]}, "roddy_events": {"overlaps_before_p_now": [0.4926595744680851, 0.4829787234042553, 0.5072340425531915, 0.4929787234042553, 0.49], "overlaps_before_p_future": [0.49, 0.49, 0.4926595744680851, 0.4876595744680851, 0.49], "overlaps_after_p_now": [0.4859574468085106, 0.4492553191489361, 0.4658510638297872, 0.4896808510638298, 0.49170212765957444], "overlaps_after_p_future": [0.4926595744680851, 0.5145744680851063, 0.5032978723404256, 0.4929787234042553, 0.5075531914893617], "overlap_spred_before_p_future": [0.4927932960893855, 0.49558659217877093, 0.49558659217877093, 0.49558659217877093, 0.4927932960893855]}, "gap_0": {"gap_0_p_future": [0.5012787723785166, 0.5061788245473401, 0.507670089450446, 0.5061788245473401, 0.501489992492779], "gap_0_p_now": [0.5008525149190111, 0.5049013245791503, 0.5078851267956891, 0.4997862350650838, 0.5021312872975278],