{"f1_score": {"ekstedt_events": {"shift_hold_p_future_after": [[0.8776431083679199, 0.9169884324073792, 0.7839195728302002], [0.8464241027832031, 0.9014084339141846, 0.7154471278190613], [0.8748872876167297, 0.9128305315971375, 0.7845036387443542], [0.8707261681556702, 0.9074627161026001, 0.7832167744636536], [0.8833341598510742, 0.9208494424819946, 0.7939698696136475]], "shift_hold_p_future_before": [[0.858025312423706, 0.9052631855010986, 0.7455012798309326], [0.853466272354126, 0.8984375, 0.7463414669036865], [0.858018159866333, 0.901077389717102, 0.7554479241371155], [0.844688892364502, 0.8969465494155884, 0.7202072739601135], [0.8371463418006897, 0.8977695107460022, 0.6927374005317688]], "s_pred_p_future": [[0.8950692415237427, 0.8894878625869751, 0.8997554779052734], [0.86418616771698, 0.8523676991462708, 0.8741092681884766], [0.8640710115432739, 0.8507042527198792, 0.8752940893173218], [0.864357590675354, 0.8586666584014893, 0.8691357970237732], [0.8669127225875854, 0.8594594597816467, 0.8731707334518433]], "shift_hold_p_now_after": [[0.862338662147522, 0.9039215445518494, 0.7632850408554077], [0.8322117328643799, 0.8880382776260376, 0.6992287635803223], [0.8556345105171204, 0.8987217545509338, 0.7529975771903992], [0.8382147550582886, 0.8851485252380371, 0.7264150977134705], [0.8270514607429504, 0.8927911520004272, 0.6704545617103577]], "shift_hold_p_now_before": [[0.8106034994125366, 0.8696498274803162, 0.6699507236480713], [0.7951233386993408, 0.8610038757324219, 0.6381909251213074], [0.7987050414085388, 0.8554337024688721, 0.6635730862617493], [0.7669299244880676, 0.8592321872711182, 0.5470588207244873], [0.796157717704773, 0.8715083599090576, 0.6166666746139526]], "s_pred_p_now": [[0.8770207166671753, 0.8666666746139526, 0.8857142925262451], [0.8770596981048584, 0.8674033284187317, 0.8851674795150757], [0.8815221190452576, 0.8654970526695251, 0.8949771523475647], [0.8464457392692566, 0.8387096524238586, 0.8529411554336548], [0.8592277765274048, 0.8541114330291748, 0.8635236024856567]], "backchannel": [[0.7864491939544678, 0.7810651063919067, 0.7936803102493286], [0.7684532403945923, 0.7686424255371094, 0.7681992053985596], [0.7646716237068176, 0.7861471772193909, 0.7358288764953613], [0.774368405342102, 0.7855203747749329, 0.7593908905982971], [0.7639161348342896, 0.7761732935905457, 0.7474541664123535]], "short_long": [[0.6285104155540466, 0.3032258152961731, 0.7882353067398071], [0.6009148955345154, 0.23569023609161377, 0.780251681804657], [0.5885217785835266, 0.3847874701023102, 0.688561737537384], [0.6243217587471008, 0.3352601230144501, 0.7662601470947266], [0.5934554934501648, 0.1858736127614975, 0.7935909628868103]]}, "roddy_events": {"overlaps_before_p_now": [[0.607642412185669, 0.7724137902259827, 0.2978723347187042], [0.6062918305397034, 0.7281795740127563, 0.37714284658432007], [0.5934715867042542, 0.7373493909835815, 0.3229813575744629], [0.6024945974349976, 0.7667436599731445, 0.2937062978744507], [0.617075502872467, 0.7910112142562866, 0.290076345205307]], "overlaps_before_p_future": [[0.7504772543907166, 0.8223350048065186, 0.6153846383094788], [0.7647356986999512, 0.8324872851371765, 0.6373626589775085], [0.7475671768188477, 0.8304668068885803, 0.5917159914970398], [0.7351970672607422, 0.8289156556129456, 0.5590062141418457], [0.7490972876548767, 0.8436018824577332, 0.5714285969734192]], "overlaps_after_p_now": [[0.6577503681182861, 0.7777777910232544, 0.43209877610206604], [0.6447712779045105, 0.800000011920929, 0.3529411852359772], [0.638367235660553, 0.7793427109718323, 0.3733333349227905], [0.6654657125473022, 0.8036951422691345, 0.4055944085121155], [0.6662209630012512, 0.8109339475631714, 0.39416059851646423]], "overlaps_after_p_future": [[0.8180702924728394, 0.8638743162155151, 0.7319587469100952], [0.7583677172660828, 0.8517646789550781, 0.5827814340591431], [0.7990696430206299, 0.8449198007583618, 0.7128713130950928], [0.8175636529922485, 0.8645833134651184, 0.7291666865348816], [0.7895193099975586, 0.8613138794898987, 0.6545454263687134]], "overlap_spred_before_p_future": [[0.8501611351966858, 0.8963730335235596, 0.7674418687820435], [0.8102074861526489, 0.8724489808082581, 0.6987951993942261], [0.8658851385116577, 0.8991825580596924, 0.8062826991081238], [0.8818490505218506, 0.9075630307197571, 0.8358209133148193], [0.8593857288360596, 0.8925619721412659, 0.800000011920929]]}, "gap_0": {"gap_0_p_future": [[0.8994099497795105, 0.9387244582176208, 0.7617504000663757], [0.8878504633903503, 0.9316096901893616, 0.7346278429031372], [0.900131344795227, 0.9354976415634155, 0.7762963175773621], [0.8903346657752991, 0.9319899082183838, 0.7444794774055481], [0.8963487148284912, 0.938506007194519, 0.748735249042511]], "gap_0_p_now": [[0.8562889695167542, 0.9163934588432312, 0.6458333134651184], [0.8638262748718262, 0.9119657874107361, 0.6952662467956543], [0.8751369714736938, 0.9214527010917664, 0.7129629850387573], [0.8571527600288391, 0.9161184430122375, 0.6506849527359009], [0.8323904275894165, 0.9118347764015198, 0.5542168617248535]], "s_pred_p_now": [[0.9404191374778748, 0.9376053810119629, 0.942812979221344], [0.9368494749069214, 0.9289617538452148, 0.9435600638389587], [0.9383898377418518, 0.9301470518112183, 0.9454023241996765], [0.9177902936935425, 0.9113043546676636, 0.923308253288269], [0.9353318214416504, 0.9280575513839722, 0.9415204524993896]], "s_pred_p_future": [[0.9355887174606323, 0.9328858852386475, 0.9378882050514221], [0.9062687158584595, 0.8960573673248291, 0.9149560332298279], [0.9178622961044312, 0.913117527961731, 0.9218989014625549], [0.9194390773773193, 0.9137930870056152, 0.9242424368858337], [0.927428662776947, 0.9211909174919128, 0.9327354431152344]], "superset_p_future": [[0.891735315322876, 0.9351190328598022, 0.7268170714378357], [0.8800376653671265, 0.9301914572715759, 0.6893839836120605], [0.8907002210617065, 0.9305724501609802, 0.739130437374115], [0.8856900334358215, 0.9286577701568604, 0.722352921962738], [0.8770666718482971, 0.931435227394104, 0.6703910827636719]]}, "fast_shift": {}, "slow_shift": {}, "short_long": {}}, "bal_Accs": {"ekstedt_events": {"shift_hold_p_future_after": [0.8821548664300392, 0.8616850364281712, 0.8627638707266954, 0.8582477115636091, 0.8812535027087615], "shift_hold_p_future_before": [0.8461657014758079, 0.8158275733233701, 0.842205305436204, 0.8439519895385765, 0.8518727816177845], "s_pred_p_future": [0.8974454102183591, 0.8637375450498198, 0.8628365486538054, 0.8673415306338774, 0.8687990248039008], "shift_hold_p_now_after": [0.8630534279843078, 0.8447973099196713, 0.840225107416402, 0.8104100504390062, 0.8180412852606016], "shift_hold_p_now_before": [0.7620726695311041, 0.7853026340369886, 0.7810526807397721, 0.7556650476368392, 0.7572996450588455], "s_pred_p_now": [0.8768814924740301, 0.8773319906720374, 0.8779944880220479, 0.8418486326054696, 0.862624549501802], "backchannel": [0.7934393645612643, 0.7879256908000629, 0.7923182883280804, 0.7908565845916588, 0.7869019367106613], "short_long": [0.6422026332493806, 0.5737913876773757, 0.5577686999610951, 0.6053146180150295, 0.6037277064520752]}, "roddy_events": {"overlaps_before_p_now": [0.5551063829787234, 0.544468085106383, 0.5598936170212766, 0.5611702127659575, 0.5409574468085107], "overlaps_before_p_future": [0.6950000000000001, 0.7128723404255319, 0.7340425531914894, 0.7275531914893617, 0.7186170212765958], "overlaps_after_p_now": [0.5901063829787234, 0.5804255319148937, 0.5814893617021277, 0.5951063829787234, 0.6407446808510638], "overlaps_after_p_future": [0.7404255319148936, 0.8003191489361702, 0.7896808510638298, 0.7832978723404256, 0.7919148936170213], "overlap_spred_before_p_future": [0.8741340782122905, 0.8522346368715084, 0.8784078212290503, 0.8725139664804469, 0.842513966480447]}, "gap_0": {"gap_0_p_future": [0.8699622094132916, 0.8569670827448436, 0.8710221272155845, 0.8716723288926214, 0.8844625974984412],