{"f1_score": {"ekstedt_events": {"shift_hold_p_future_after": [[0.7098771333694458, 0.8363345265388489, 0.2495412826538086], [0.6977319717407227, 0.8157894611358643, 0.2679738700389862], [0.7061769366264343, 0.8524971008300781, 0.1735357940196991], [0.6978517770767212, 0.8347205519676208, 0.19961611926555634]], "shift_hold_p_future_before": [[0.6963142156600952, 0.85550457239151, 0.11682242900133133], [0.6913778185844421, 0.805994987487793, 0.2741433084011078], [0.7072030305862427, 0.8543839454650879, 0.17142857611179352], [0.695665717124939, 0.8407045006752014, 0.16768915951251984]], "s_pred_p_future": [[0.5449692010879517, 0.5237258076667786, 0.5621970891952515], [0.550052285194397, 0.5248227119445801, 0.5705128312110901], [0.5460915565490723, 0.4836852252483368, 0.5967016220092773], [0.568329930305481, 0.5114504098892212, 0.6144578456878662]], "shift_hold_p_now_after": [[0.70121169090271, 0.8433829545974731, 0.18367347121238708], [0.6944389343261719, 0.8257027864456177, 0.2166064977645874], [0.7007262110710144, 0.857361376285553, 0.13053612411022186], [0.701026439666748, 0.8471412062644958, 0.16913318634033203]], "shift_hold_p_now_before": [[0.7066589593887329, 0.8306451439857483, 0.25531914830207825], [0.6878727674484253, 0.8018394708633423, 0.2730061411857605], [0.7042965292930603, 0.8583461046218872, 0.14351852238178253], [0.6979624032974243, 0.8341270089149475, 0.20229007303714752]], "s_pred_p_now": [[0.5466626882553101, 0.5246478915214539, 0.5645161271095276], [0.5566189885139465, 0.52173912525177, 0.5849056839942932], [0.54921954870224, 0.4743083119392395, 0.6099706888198853], [0.568329930305481, 0.5114504098892212, 0.6144578456878662]], "backchannel": [[0.5841032862663269, 0.7532728910446167, 0.2414860725402832], [0.5573062300682068, 0.7870544195175171, 0.09200000017881393], [0.5819974541664124, 0.7781537175178528, 0.18472468852996826], [0.5805870294570923, 0.7696821689605713, 0.19761499762535095]], "short_long": [[0.4418269991874695, 0.10026384890079498, 0.7087959051132202], [0.4360036253929138, 0.08994708955287933, 0.7064846158027649], [0.40174543857574463, 0.5394456386566162, 0.29411765933036804], [0.4577659070491791, 0.22937625646591187, 0.6362773180007935]]}, "roddy_events": {"overlaps_before_p_now": [[0.7040293216705322, 0.8857142925262451, 0.0], [0.7040293216705322, 0.8857142925262451, 0.0], [0.7040293216705322, 0.8857142925262451, 0.0], [0.7040293216705322, 0.8857142925262451, 0.0]], "overlaps_before_p_future": [[0.7040293216705322, 0.8857142925262451, 0.0], [0.7040293216705322, 0.8857142925262451, 0.0], [0.7040293216705322, 0.8857142925262451, 0.0], [0.7040293216705322, 0.8857142925262451, 0.0]], "overlaps_after_p_now": [[0.7040293216705322, 0.8857142925262451, 0.0], [0.7040293216705322, 0.8857142925262451, 0.0], [0.7040293216705322, 0.8857142925262451, 0.0], [0.7040293216705322, 0.8857142925262451, 0.0]], "overlaps_after_p_future": [[0.7040293216705322, 0.8857142925262451, 0.0], [0.7040293216705322, 0.8857142925262451, 0.0], [0.7040293216705322, 0.8857142925262451, 0.0], [0.7040293216705322, 0.8857142925262451, 0.0]], "overlap_spred_before_p_future": [[0.916016697883606, 0.9709091186523438, 0.0], [0.916016697883606, 0.9709091186523438, 0.0], [0.916016697883606, 0.9709091186523438, 0.0], [0.916016697883606, 0.9709091186523438, 0.0]]}, "gap_0": {"gap_0_p_future": [[0.8602596521377563, 0.9502798914909363, 0.0], [0.8602596521377563, 0.9502798914909363, 0.0], [0.8596277236938477, 0.9462531805038452, 0.03180914372205734], [0.8602596521377563, 0.9502798914909363, 0.0]], "gap_0_p_now": [[0.8602596521377563, 0.9502798914909363, 0.0], [0.8602596521377563, 0.9502798914909363, 0.0], [0.8585245013237, 0.9447269439697266, 0.03474903479218483], [0.8602596521377563, 0.9502798914909363, 0.0]], "s_pred_p_now": [[0.5684375762939453, 0.5516372919082642, 0.5821596384048462], [0.569595992565155, 0.5545796751976013, 0.5818610191345215], [0.5597949028015137, 0.5068119764328003, 0.6030701994895935], [0.5744038820266724, 0.5607008934020996, 0.5855962038040161]], "s_pred_p_future": [[0.5695065259933472, 0.5568040013313293, 0.5798816680908203], [0.5733592510223389, 0.5532994866371155, 0.5897436141967773], [0.5585155487060547, 0.5047748684883118, 0.6024096608161926], [0.5744038820266724, 0.5607008934020996, 0.5855962038040161]], "superset_p_future": [[0.8675425052642822, 0.9530389308929443, 0.0], [0.8675425052642822, 0.9530389308929443, 0.0], [0.867038369178772, 0.9508987069129944, 0.016096578910946846], [0.8675425052642822, 0.9530389308929443, 0.0]]}, "fast_shift": {}, "slow_shift": {}, "short_long": {}}, "bal_Accs": {"ekstedt_events": {"shift_hold_p_future_after": [0.5651913020386485, 0.5724302406340647, 0.5675583200555623, 0.5656100625076602], "shift_hold_p_future_before": [0.5643537811006251, 0.5775064346120848, 0.5730354005801365, 0.5695295583609102], "s_pred_p_future": [0.5504424170181551, 0.5495369521364386, 0.5401957637997432, 0.5289404914725839], "shift_hold_p_now_after": [0.563281345753156, 0.5775396290395065, 0.5692997507864526, 0.5645044327327695], "shift_hold_p_now_before": [0.5655768680802387, 0.573267761572088, 0.5742916819871716, 0.569948318829922], "s_pred_p_now": [0.5478520997615991, 0.5468434806528517, 0.5614913808912525, 0.5343274344397579], "backchannel": [0.5141727660573799, 0.5221130637859277, 0.5100277897373674, 0.5132125197333228], "short_long": [0.4937288708586883, 0.4866294793779581, 0.5053245436105477, 0.4688810006761325]}, "roddy_events": {"overlaps_before_p_now": [0.6975806451612903, 0.5967741935483871, 0.7056451612903225, 0.6058467741935484], "overlaps_before_p_future": [0.6199596774193548, 0.5967741935483871, 0.7056451612903225, 0.6058467741935484], "overlaps_after_p_now": [0.5504032258064516, 0.5967741935483871, 0.6512096774193548, 0.623991935483871], "overlaps_after_p_future": [0.6975806451612903, 0.6370967741935484, 0.6512096774193548, 0.623991935483871], "overlap_spred_before_p_future": [0.678370786516854, 0.6351825842696629, 0.6170411985018727, 0.6028792134831461]}, "gap_0": {"gap_0_p_future": [0.5787794926867775, 0.5842600114123293, 0.5804500374036798, 0.5715657073272967], "gap_0_p_now": [0.5783687406203963, 0.5491655690331188, 0.5814895384431809, 0.575724476386728], "s_pred_p_now": [0.5744227671379989, 0.5712755802159776, 0.5680776803293359, 0.5862239723166875], "s_pred_p_future": [0.5717707773999164, 0.5738440427182149, 0.5694290316806874, 0.5764333870294136], "superset_p_future": [0.5811668251962054, 0.561454427499282, 0.5823350751421054, 0.5767169465911519]}, "fast_shift": {}, "slow_shift": {}, "short_long": {}}}