{"f1_score": {"ekstedt_events": {"shift_hold_p_future_after": [[0.6850930452346802, 0.7783251404762268, 0.4630071520805359], [0.7127828598022461, 0.8069164156913757, 0.4885496199131012], [0.6515910625457764, 0.7272727489471436, 0.4713114798069], [0.678221583366394, 0.7599591612815857, 0.48351648449897766], [0.6804076433181763, 0.7781035900115967, 0.4476885497570038]], "shift_hold_p_future_before": [[0.6677799224853516, 0.7621890306472778, 0.4428904354572296], [0.6549211144447327, 0.7359667420387268, 0.4618644118309021], [0.6394875049591064, 0.7217572927474976, 0.4435146450996399], [0.6599757671356201, 0.7530120611190796, 0.4383561611175537], [0.6582722663879395, 0.7549800872802734, 0.42790699005126953]], "s_pred_p_future": [[0.6358940601348877, 0.5679012537002563, 0.6929824352264404], [0.6054171323776245, 0.5486725568771362, 0.6530612111091614], [0.5876242518424988, 0.49517685174942017, 0.6652451753616333], [0.6134650707244873, 0.6015831232070923, 0.6234413981437683], [0.575143575668335, 0.5585106611251831, 0.5891088843345642]], "shift_hold_p_now_after": [[0.6897132396697998, 0.7875848412513733, 0.4565756916999817], [0.7116348147392273, 0.8186046481132507, 0.45682451128959656], [0.6638572216033936, 0.7365079522132874, 0.4907975494861603], [0.701532244682312, 0.794946551322937, 0.4790123403072357], [0.6990224719047546, 0.796920120716095, 0.4658227860927582]], "shift_hold_p_now_before": [[0.6280559301376343, 0.7145833373069763, 0.4219409227371216], [0.5592344999313354, 0.6090047359466553, 0.4406779706478119], [0.5519372820854187, 0.5978391170501709, 0.4425956606864929], [0.6316708922386169, 0.7185877561569214, 0.42462843656539917], [0.6724578142166138, 0.7717923521995544, 0.4358353614807129]], "s_pred_p_now": [[0.6216354966163635, 0.528052806854248, 0.7002096176147461], [0.6047047972679138, 0.49659863114356995, 0.6954732537269592], [0.5846877694129944, 0.42352941632270813, 0.7200000286102295], [0.6041463613510132, 0.5279502868652344, 0.6681222915649414], [0.5971485376358032, 0.5230769515037537, 0.6593406796455383]], "backchannel": [[0.6462382078170776, 0.6171792149543762, 0.6852658987045288], [0.683265209197998, 0.6783625483512878, 0.6898496150970459], [0.6875228881835938, 0.6847195625305176, 0.6912878751754761], [0.6929692625999451, 0.688715934753418, 0.6986817121505737], [0.7049210071563721, 0.721222996711731, 0.6830266118049622]], "short_long": [[0.5959645509719849, 0.22372882068157196, 0.7787439823150635], [0.6607031226158142, 0.41225627064704895, 0.7826982736587524], [0.6571903824806213, 0.5656192302703857, 0.7021546363830566], [0.613079845905304, 0.26490065455436707, 0.7840467095375061], [0.5881173014640808, 0.16730037331581116, 0.7947516441345215]]}, "roddy_events": {"overlaps_before_p_now": [[0.6203676462173462, 0.743842363357544, 0.38823530077934265], [0.5521817207336426, 0.6140350699424744, 0.43589743971824646], [0.5844817161560059, 0.6684931516647339, 0.4265402853488922], [0.5826646089553833, 0.6611111164093018, 0.43518519401550293], [0.6370363235473633, 0.7338501214981079, 0.45502644777297974]], "overlaps_before_p_future": [[0.6205548644065857, 0.6908078193664551, 0.48847925662994385], [0.6447673439979553, 0.7448979616165161, 0.45652174949645996], [0.6438170075416565, 0.7574257254600525, 0.43023255467414856], [0.5526202917098999, 0.6024096608161926, 0.4590163826942444], [0.6180555820465088, 0.707446813583374, 0.44999998807907104]], "overlaps_after_p_now": [[0.6157071590423584, 0.692307710647583, 0.4716981053352356], [0.640006959438324, 0.7371134161949158, 0.457446813583374], [0.6327824592590332, 0.7165775299072266, 0.4752475321292877], [0.586370587348938, 0.6629526615142822, 0.4423963129520416], [0.625, 0.7127659320831299, 0.46000000834465027]], "overlaps_after_p_future": [[0.6304168701171875, 0.6784660816192627, 0.5400843620300293], [0.673160195350647, 0.7272727489471436, 0.5714285969734192], [0.6160871982574463, 0.6743515729904175, 0.5065501928329468], [0.5946527719497681, 0.6628895401954651, 0.4663677215576172], [0.6450159549713135, 0.7208672165870667, 0.5024154782295227]], "overlap_spred_before_p_future": [[0.6306302547454834, 0.6579804420471191, 0.5816733241081238], [0.6751357316970825, 0.729411780834198, 0.5779816508293152], [0.65766841173172, 0.7138643264770508, 0.5570776462554932], [0.6624391674995422, 0.7277936935424805, 0.5454545617103577], [0.613532543182373, 0.6474359035491943, 0.5528455376625061]]}, "gap_0": {"gap_0_p_future": [[0.7262483239173889, 0.8092280626296997, 0.4356955289840698], [0.7105553150177002, 0.7879341840744019, 0.4396135210990906], [0.6907846927642822, 0.7659971714019775, 0.42742857336997986], [0.7165964841842651, 0.8026607632637024, 0.41524308919906616], [0.7129279375076294, 0.8036890625953674, 0.3951285481452942]], "gap_0_p_now": [[0.6988639831542969, 0.7763946652412415, 0.42739078402519226], [0.6755236387252808, 0.748693585395813, 0.41931942105293274], [0.6471093893051147, 0.707893431186676, 0.4342745840549469], [0.7013475298881531, 0.778238832950592, 0.4321133494377136], [0.7132998704910278, 0.7974966764450073, 0.41848522424697876]], "s_pred_p_now": [[0.7704281210899353, 0.7446042895317078, 0.792397677898407], [0.7548331022262573, 0.719851553440094, 0.7845934629440308], [0.7630209922790527, 0.729629635810852, 0.7914285659790039], [0.7418440580368042, 0.7050092816352844, 0.773181140422821], [0.7266021966934204, 0.6943942308425903, 0.7540029287338257]], "s_pred_p_future": [[0.7532574534416199, 0.7320490479469299, 0.7713004350662231], [0.7128691673278809, 0.6575342416763306, 0.7599451541900635], [0.7181998491287231, 0.6729678511619568, 0.7566807270050049], [0.6965069770812988, 0.6666666865348816, 0.7218934893608093], [0.7115174531936646, 0.6897746920585632, 0.7300150990486145]], "superset_p_future": [[0.729039192199707, 0.8068364858627319, 0.43330180644989014], [0.7476111054420471, 0.8350293040275574, 0.41530054807662964], [0.7176644802093506, 0.7947797775268555, 0.4245196580886841], [0.7233073115348816, 0.8055022358894348, 0.41085270047187805], [0.722038209438324, 0.8099590539932251, 0.38781726360321045]]}, "fast_shift": {}, "slow_shift": {}, "short_long": {}}, "bal_Accs": {"ekstedt_events": {"shift_hold_p_future_after": [0.6316131141416028, 0.6144591817672334, 0.5907621894264898, 0.6126331029329348, 0.6012516345974219], "shift_hold_p_future_before": [0.5996403885671586, 0.6066598169250887, 0.5817298711003176, 0.575387633102933, 0.584854287315524], "s_pred_p_future": [0.6310684757260971, 0.6008585965656137, 0.59187513249947, 0.6150360398558405, 0.5756041975832097], "shift_hold_p_now_after": [0.6307771343172053, 0.6239585279282645, 0.6308004857089482, 0.6270502521950307, 0.610741640201756], "shift_hold_p_now_before": [0.5837754530169998, 0.56801326359051, 0.5576125537082011, 0.5680786474873902, 0.5656314216327294], "s_pred_p_now": [0.6185870256518974, 0.6036410854356582, 0.597440110239559, 0.5996131015475938, 0.5925376298494806], "backchannel": [0.6693461449201584, 0.6901169362989137, 0.653224357486693, 0.687375072055818, 0.6924994572418904], "short_long": [0.5871163257366341, 0.6774883797121035, 0.6650183262690174, 0.621787783852407, 0.5525677252902512]}, "roddy_events": {"overlaps_before_p_now": [0.5411702127659574, 0.5278723404255319, 0.5569148936170213, 0.516063829787234, 0.5253191489361702], "overlaps_before_p_future": [0.6053191489361702, 0.5942553191489361, 0.5617021276595745, 0.5217021276595745, 0.5809574468085106], "overlaps_after_p_now": [0.5952127659574469, 0.5759574468085107, 0.5963829787234043, 0.5455319148936171, 0.5661702127659575], "overlaps_after_p_future": [0.5885106382978724, 0.6429787234042553, 0.5751063829787234, 0.5725531914893618, 0.6087234042553191], "overlap_spred_before_p_future": [0.6075977653631285, 0.6258100558659218, 0.6330167597765364, 0.6399162011173184, 0.622122905027933]}, "gap_0": {"gap_0_p_future": [0.6423140054204679, 0.6273911771067934, 0.6103446959575524, 0.6141657441691797, 0.609679225356593],