{"f1_score": {"ekstedt_events": {"shift_hold_p_future_after": [[0.7867076992988586, 0.8571428656578064, 0.6189258098602295], [0.7678143382072449, 0.8468125462532043, 0.5796344876289368], [0.775248646736145, 0.8383233547210693, 0.625], [0.7862204909324646, 0.8554913401603699, 0.6212121248245239], [0.790249228477478, 0.8677839636802673, 0.605555534362793]], "shift_hold_p_future_before": [[0.7543493509292603, 0.8404154777526855, 0.5493333339691162], [0.7343112230300903, 0.8148873448371887, 0.5423728823661804], [0.7447773218154907, 0.8234146237373352, 0.5574572086334229], [0.7536703944206238, 0.8460111021995544, 0.533707857131958], [0.7720709443092346, 0.853383481502533, 0.5783783793449402]], "s_pred_p_future": [[0.7950345873832703, 0.7777777910232544, 0.8095238208770752], [0.7795799970626831, 0.7783505320549011, 0.7806122303009033], [0.7926808595657349, 0.7851458787918091, 0.7990074157714844], [0.7344555854797363, 0.7594339847564697, 0.7134831547737122], [0.7964556217193604, 0.8049382567405701, 0.7893333435058594]], "shift_hold_p_now_after": [[0.776890754699707, 0.8522402048110962, 0.5974025726318359], [0.756067156791687, 0.8481481671333313, 0.5367231369018555], [0.7648632526397705, 0.826747715473175, 0.6174496412277222], [0.769180417060852, 0.8566142320632935, 0.5609065294265747], [0.7710574269294739, 0.8589861989021301, 0.5616045594215393]], "shift_hold_p_now_before": [[0.7211400270462036, 0.8108108043670654, 0.5075376629829407], [0.6650710105895996, 0.7270742654800415, 0.5173745155334473], [0.7067885398864746, 0.7749999761581421, 0.5443037748336792], [0.7335183620452881, 0.8292682766914368, 0.5054348111152649], [0.6984630227088928, 0.8285714387893677, 0.3885350227355957]], "s_pred_p_now": [[0.7764974236488342, 0.7507163286209106, 0.7981438636779785], [0.7758278250694275, 0.7448680400848389, 0.801822304725647], [0.7848016023635864, 0.7371794581413269, 0.8247863054275513], [0.7671049237251282, 0.7547169923782349, 0.7775061130523682], [0.8182517886161804, 0.8126649260520935, 0.8229426145553589]], "backchannel": [[0.7302175760269165, 0.7216699719429016, 0.7416974306106567], [0.7532773017883301, 0.7542856931686401, 0.7519230842590332], [0.7508986592292786, 0.7553889155387878, 0.7448680400848389], [0.7534030675888062, 0.7552182078361511, 0.7509652376174927], [0.7673547267913818, 0.7736549377441406, 0.7588932514190674]], "short_long": [[0.5959645509719849, 0.22372882068157196, 0.7787439823150635], [0.6515326499938965, 0.371257483959198, 0.7891566157341003], [0.6561789512634277, 0.5135699510574341, 0.7262044548988342], [0.6012538075447083, 0.23999999463558197, 0.7786407470703125], [0.5762923955917358, 0.12145748734474182, 0.7996306419372559]]}, "roddy_events": {"overlaps_before_p_now": [[0.5693405270576477, 0.7770419716835022, 0.17886178195476532], [0.5930266380310059, 0.6979166865348816, 0.3958333432674408], [0.5819379091262817, 0.7435294389724731, 0.2781457006931305], [0.6177903413772583, 0.7506053447723389, 0.3680981695652008], [0.5986080765724182, 0.7893570065498352, 0.23999999463558197]], "overlaps_before_p_future": [[0.6630933880805969, 0.7570332288742065, 0.4864864945411682], [0.6571236252784729, 0.7953488230705261, 0.39726027846336365], [0.6221681833267212, 0.7964205741882324, 0.2945736348628998], [0.7083841562271118, 0.784415602684021, 0.5654450058937073], [0.694832980632782, 0.8229885101318359, 0.45390069484710693]], "overlaps_after_p_now": [[0.6021686792373657, 0.7204030156135559, 0.37988826632499695], [0.6279630661010742, 0.7717646956443787, 0.3576158881187439], [0.6340833306312561, 0.78899085521698, 0.34285715222358704], [0.6391092538833618, 0.7703348994255066, 0.39240506291389465], [0.6221681833267212, 0.7964205741882324, 0.2945736348628998]], "overlaps_after_p_future": [[0.709624707698822, 0.774193525314331, 0.5882353186607361], [0.7301693558692932, 0.8120300769805908, 0.5762711763381958], [0.7270967960357666, 0.8090452551841736, 0.5730336904525757], [0.7383144497871399, 0.8217821717262268, 0.5813953280448914], [0.7272573709487915, 0.8372092843055725, 0.5205479264259338]], "overlap_spred_before_p_future": [[0.8102422952651978, 0.8515406250953674, 0.7363184094429016], [0.7570655345916748, 0.8367347121238708, 0.6144578456878662], [0.7644060850143433, 0.8471177816390991, 0.6163522005081177], [0.8085530400276184, 0.8682170510292053, 0.7017543911933899], [0.817416250705719, 0.8655914068222046, 0.7311828136444092]]}, "gap_0": {"gap_0_p_future": [[0.8230011463165283, 0.8919482827186584, 0.5815832018852234], [0.8025970458984375, 0.8728668689727783, 0.5565476417541504], [0.8101416826248169, 0.8781942129135132, 0.5718562602996826], [0.8097655177116394, 0.8899795413017273, 0.528896689414978], [0.8244817852973938, 0.901054322719574, 0.5563636422157288]], "gap_0_p_now": [[0.8073292374610901, 0.8780694603919983, 0.5596330165863037], [0.7876773476600647, 0.8571428656578064, 0.5444444417953491], [0.7797896265983582, 0.845434308052063, 0.5499351620674133], [0.8117489814758301, 0.8847118020057678, 0.5562701225280762], [0.7898684740066528, 0.8851405382156372, 0.45627376437187195]], "s_pred_p_now": [[0.895243763923645, 0.8873483538627625, 0.9019607901573181], [0.8822731375694275, 0.8721541166305542, 0.8908818960189819], [0.8856276869773865, 0.8782161474227905, 0.891933023929596], [0.8742803335189819, 0.8645833134651184, 0.8825300931930542], [0.8921103477478027, 0.8877722024917603, 0.8958009481430054]], "s_pred_p_future": [[0.8646774291992188, 0.8556700944900513, 0.8723404407501221], [0.8643026351928711, 0.8500000238418579, 0.8764705657958984], [0.8613251447677612, 0.8496503233909607, 0.871257483959198], [0.837300717830658, 0.8336079120635986, 0.8404423594474792], [0.8808391690254211, 0.8758389353752136, 0.8850931525230408]], "superset_p_future": [[0.8206150531768799, 0.8892233371734619, 0.559808611869812], [0.8176313638687134, 0.8948913812637329, 0.5239361524581909], [0.8187562823295593, 0.8904150724411011, 0.5463535189628601], [0.8153358101844788, 0.8942279815673828, 0.5154362320899963], [0.8290594220161438, 0.9055619835853577, 0.5382436513900757]]}, "fast_shift": {}, "slow_shift": {}, "short_long": {}}, "bal_Accs": {"ekstedt_events": {"shift_hold_p_future_after": [0.7597375303568092, 0.7419157481785914, 0.7552867550906034, 0.7336260041098449, 0.7544180833177657], "shift_hold_p_future_before": [0.724738464412479, 0.7067158602652718, 0.7229917803101065, 0.6990612740519335, 0.7331589762749859], "s_pred_p_future": [0.7942018231927073, 0.78500635997456, 0.7825418698325206, 0.7517754928980285, 0.8069217723129107], "shift_hold_p_now_after": [0.7337707827386513, 0.7411031197459368, 0.7430272744255557, 0.7326359050999439, 0.7420698673640949], "shift_hold_p_now_before": [0.6531711189986924, 0.6565103680179338, 0.6984961703717542, 0.6746870913506444, 0.6842097889034187], "s_pred_p_now": [0.7736379054483782, 0.7718359126563494, 0.7782223871104516, 0.7682584269662922, 0.8217352130591478], "backchannel": [0.7372695149614081, 0.7519595439334616, 0.732261167715999, 0.7475239000726173, 0.7703721449051858], "short_long": [0.5811577287712185, 0.5918514650777075, 0.6380869013248152, 0.5717232835759772, 0.5878278764051846]}, "roddy_events": {"overlaps_before_p_now": [0.5451063829787235, 0.544468085106383, 0.5626595744680851, 0.5908510638297872, 0.5476595744680851], "overlaps_before_p_future": [0.6411702127659575, 0.6443617021276595, 0.6490425531914894, 0.6696808510638298, 0.6254255319148936], "overlaps_after_p_now": [0.5225531914893617, 0.5735106382978723, 0.5774468085106383, 0.563936170212766, 0.5761702127659575], "overlaps_after_p_future": [0.6603191489361702, 0.6990425531914894, 0.7017021276595745, 0.6769148936170213, 0.709468085106383], "overlap_spred_before_p_future": [0.750949720670391, 0.7984078212290503, 0.7645810055865923, 0.7695810055865921, 0.7897206703910615]}, "gap_0": {"gap_0_p_future": [0.7712715196396533, 0.7539985494522273, 0.7659363031390363, 0.7467369037167106, 0.767839828988052],