{"f1_score": {"ekstedt_events": {"shift_hold_p_future_after": [[0.8197121620178223, 0.8847235441207886, 0.664850115776062], [0.8244737386703491, 0.8855250477790833, 0.6790450811386108], [0.8360447883605957, 0.887159526348114, 0.7142857313156128], [0.8306593894958496, 0.8830409646034241, 0.7058823704719543], [0.8272261619567871, 0.889305830001831, 0.679347813129425]], "shift_hold_p_future_before": [[0.8063114285469055, 0.8764045238494873, 0.6393442749977112], [0.7951233386993408, 0.8610038757324219, 0.6381909251213074], [0.8147244453430176, 0.8747591376304626, 0.6717171669006348], [0.795794665813446, 0.864503800868988, 0.6321243643760681], [0.8190307021141052, 0.8815165758132935, 0.6701846718788147]], "s_pred_p_future": [[0.8464378118515015, 0.837837815284729, 0.8536585569381714], [0.8073293566703796, 0.8110831379890442, 0.8041775226593018], [0.8207593560218811, 0.807692289352417, 0.8317307829856873], [0.7994210720062256, 0.8050000071525574, 0.7947368621826172], [0.7972880601882935, 0.7989822030067444, 0.7958656549453735]], "shift_hold_p_now_after": [[0.8033201098442078, 0.8762790560722351, 0.6295264363288879], [0.7832949757575989, 0.8694064021110535, 0.5781710743904114], [0.8254136443138123, 0.8740000128746033, 0.7096773982048035], [0.8024258613586426, 0.8696479797363281, 0.642297625541687], [0.8159947395324707, 0.8849721550941467, 0.6516854166984558]], "shift_hold_p_now_before": [[0.7376048564910889, 0.8436363339424133, 0.485029935836792], [0.7583903074264526, 0.8313725590705872, 0.5845410823822021], [0.7446985244750977, 0.80781090259552, 0.5943601131439209], [0.7347152829170227, 0.8320895433425903, 0.5027624368667603], [0.7198183536529541, 0.8426666855812073, 0.42718446254730225]], "s_pred_p_now": [[0.8387649059295654, 0.8301886916160583, 0.8459657430648804], [0.8051282167434692, 0.8051282167434692, 0.8051282167434692], [0.7635643482208252, 0.7023411393165588, 0.8149688243865967], [0.8233387470245361, 0.8188976645469666, 0.8270676732063293], [0.8309561610221863, 0.828125, 0.8333333134651184]], "backchannel": [[0.7508639693260193, 0.7490347623825073, 0.7533206939697266], [0.7477380037307739, 0.7665198445320129, 0.7225130796432495], [0.734398603439331, 0.7479674816131592, 0.7161749601364136], [0.7433139085769653, 0.7483629584312439, 0.7365328073501587], [0.7619991898536682, 0.7739602327346802, 0.7459349632263184]], "short_long": [[0.5915123224258423, 0.20761245489120483, 0.780019223690033], [0.6271555423736572, 0.3802083432674408, 0.7484143972396851], [0.5929572582244873, 0.4527558982372284, 0.6618005037307739], [0.5928418040275574, 0.2214765101671219, 0.7751938104629517], [0.5556373596191406, 0.06694560497999191, 0.7956003546714783]]}, "roddy_events": {"overlaps_before_p_now": [[0.5624918341636658, 0.7939913868904114, 0.12727272510528564], [0.6126213073730469, 0.7623529434204102, 0.33112582564353943], [0.5899307727813721, 0.7747747898101807, 0.24242424964904785], [0.5826194882392883, 0.7664399147033691, 0.2370370328426361], [0.5630427002906799, 0.7878788113594055, 0.14035087823867798]], "overlaps_before_p_future": [[0.6980403065681458, 0.8177570104598999, 0.47297295928001404], [0.6818115711212158, 0.8165137767791748, 0.4285714328289032], [0.6936826109886169, 0.8306998014450073, 0.43609023094177246], [0.7126604318618774, 0.8097561001777649, 0.5301204919815063], [0.7175925374031067, 0.8333333134651184, 0.5]], "overlaps_after_p_now": [[0.5899307727813721, 0.7747747898101807, 0.24242424964904785], [0.5958004593849182, 0.7964988946914673, 0.21848739683628082], [0.6119800209999084, 0.7991169691085815, 0.2601625919342041], [0.609920859336853, 0.7790432572364807, 0.29197078943252563], [0.5917407274246216, 0.7973856329917908, 0.20512820780277252]], "overlaps_after_p_future": [[0.7237765192985535, 0.8118811845779419, 0.5581395626068115], [0.7638002634048462, 0.8489208817481995, 0.6037735939025879], [0.7684618830680847, 0.8459657430648804, 0.6227545142173767], [0.7246772646903992, 0.8301886916160583, 0.5263158082962036], [0.7582443356513977, 0.8597701191902161, 0.567375898361206]], "overlap_spred_before_p_future": [[0.8223884105682373, 0.8664849996566772, 0.7434554696083069], [0.7611669898033142, 0.8442211151123047, 0.612500011920929], [0.7553778290748596, 0.8428927659988403, 0.5987260937690735], [0.7579355835914612, 0.8413098454475403, 0.6086956262588501], [0.834750771522522, 0.8722222447395325, 0.7676767706871033]]}, "gap_0": {"gap_0_p_future": [[0.8509610891342163, 0.9123817086219788, 0.6358974575996399], [0.8443027138710022, 0.9041439890861511, 0.6347687244415283], [0.8570090532302856, 0.9107744097709656, 0.668749988079071], [0.8386940360069275, 0.9029045701026917, 0.6138613820075989], [0.8559655547142029, 0.9152263402938843, 0.6484641432762146]], "gap_0_p_now": [[0.8204290270805359, 0.899149477481842, 0.5447897911071777], [0.8232784271240234, 0.8964667320251465, 0.5670102834701538], [0.8156830072402954, 0.8739569783210754, 0.6116373538970947], [0.8236105442047119, 0.8944099545478821, 0.5757071375846863], [0.8164886832237244, 0.9018356204032898, 0.5176470875740051]], "s_pred_p_now": [[0.9114311933517456, 0.9069374203681946, 0.9152542352676392], [0.9017689228057861, 0.8981636166572571, 0.9048361778259277], [0.9113017320632935, 0.903677761554718, 0.9177877306938171], [0.9193936586380005, 0.9128919839859009, 0.924924910068512], [0.9194508194923401, 0.9140893220901489, 0.9240121841430664]], "s_pred_p_future": [[0.8663245439529419, 0.8623548746109009, 0.8697017431259155], [0.8679403066635132, 0.8637873530387878, 0.8714733719825745], [0.864694356918335, 0.8561643958091736, 0.8719512224197388], [0.8760073184967041, 0.8710217475891113, 0.8802488446235657], [0.8727667331695557, 0.8689883947372437, 0.8759811520576477]], "superset_p_future": [[0.8476427793502808, 0.9113401770591736, 0.60550457239151], [0.8422579765319824, 0.9115250110626221, 0.5789473652839661], [0.8535338640213013, 0.9126559495925903, 0.6287878751754761], [0.8348166942596436, 0.9031305313110352, 0.575129508972168], [0.85428386926651, 0.9169104695320129, 0.616216242313385]]}, "fast_shift": {}, "slow_shift": {}, "short_long": {}}, "bal_Accs": {"ekstedt_events": {"shift_hold_p_future_after": [0.8195217634971044, 0.7741546796189054, 0.8107883429852419, 0.8050812628432655, 0.7949794507752662], "shift_hold_p_future_before": [0.79890715486643, 0.7692368765178405, 0.787927330468896, 0.7839108910891088, 0.7745656641135812], "s_pred_p_future": [0.8481291074835701, 0.8154547381810473, 0.8193767224931101, 0.8083792664829341, 0.8042187831248675], "shift_hold_p_now_after": [0.7831869979450775, 0.78201942835793, 0.7991967121240426, 0.7627732112833925, 0.7881935363347655], "shift_hold_p_now_before": [0.7031430973286008, 0.7065150382962825, 0.7243835232579862, 0.6976928824957968, 0.7327806837287503], "s_pred_p_now": [0.8406031375874496, 0.8112942548229807, 0.7572079711681153, 0.8273531905872377, 0.8357801568793725], "backchannel": [0.7547987303203396, 0.7642857677594197, 0.7158530285902514, 0.7447333747576305, 0.7803645088600583], "short_long": [0.5887851424125151, 0.593243851997461, 0.6002979298482708, 0.5909044372094928, 0.6173853840325982]}, "roddy_events": {"overlaps_before_p_now": [0.5152127659574468, 0.5531914893617021, 0.5481914893617021, 0.53, 0.5462765957446808], "overlaps_before_p_future": [0.652340425531915, 0.6702127659574468, 0.6832978723404255, 0.6572340425531915, 0.6926595744680851], "overlaps_after_p_now": [0.5286170212765957, 0.5473404255319149, 0.5613829787234043, 0.5514893617021277, 0.5777659574468085], "overlaps_after_p_future": [0.7230851063829787, 0.7298936170212766, 0.723936170212766, 0.7190425531914894, 0.7617021276595746], "overlap_spred_before_p_future": [0.8175418994413408, 0.7935474860335195, 0.8067877094972067, 0.7785474860335195, 0.8185474860335196]}, "gap_0": {"gap_0_p_future": [0.8219948849104859, 0.7872402692420252, 0.8062246313191077, 0.7987568551106361, 0.7876639818808769],