{"f1_score": {"ekstedt_events": {"shift_hold_p_future_after": [[0.7126917839050293, 0.7960395812988281, 0.5141509175300598], [0.71229487657547, 0.7964426875114441, 0.5118483304977417], [0.6948326826095581, 0.7561761736869812, 0.5487077832221985], [0.6868016719818115, 0.7586206793785095, 0.5157232880592346], [0.7095015645027161, 0.7944663763046265, 0.5071089863777161]], "shift_hold_p_future_before": [[0.6761692762374878, 0.765531063079834, 0.46330276131629944], [0.6626572608947754, 0.7392669916152954, 0.4801670014858246], [0.6611571907997131, 0.7343915104866028, 0.48670756816864014], [0.6758079528808594, 0.7574206590652466, 0.48140043020248413], [0.6700716018676758, 0.7505154609680176, 0.4784482717514038]], "s_pred_p_future": [[0.6466807126998901, 0.5958701968193054, 0.6893423795700073], [0.6541780233383179, 0.6260387897491455, 0.6778042912483215], [0.6855158805847168, 0.6276922821998596, 0.7340659499168396], [0.6416882276535034, 0.6216216087341309, 0.6585366129875183], [0.6595420837402344, 0.649076521396637, 0.6683291792869568]], "shift_hold_p_now_after": [[0.7097505331039429, 0.798828125, 0.497560977935791], [0.7122701406478882, 0.8072866797447205, 0.4859335124492645], [0.6878563761711121, 0.7516059875488281, 0.5360000133514404], [0.7074536681175232, 0.7892107963562012, 0.5127021074295044], [0.7178634405136108, 0.8027477860450745, 0.515662670135498]], "shift_hold_p_now_before": [[0.6479806900024414, 0.7310488224029541, 0.450106143951416], [0.605029821395874, 0.6542056202888489, 0.48788926005363464], [0.6011671423912048, 0.6543352603912354, 0.47451668977737427], [0.6429941654205322, 0.7221052646636963, 0.4545454680919647], [0.6820911169052124, 0.7690762877464294, 0.47488585114479065]], "s_pred_p_now": [[0.6454094052314758, 0.5659164190292358, 0.7121534943580627], [0.6314893364906311, 0.5382059812545776, 0.7098121047019958], [0.6141221523284912, 0.48148149251937866, 0.7254902124404907], [0.6296641826629639, 0.5562499761581421, 0.6913043260574341], [0.6382512450218201, 0.5696594715118408, 0.695842444896698]], "backchannel": [[0.6675759553909302, 0.6474226713180542, 0.6946428418159485], [0.693558394908905, 0.692307710647583, 0.6952381134033203], [0.7053846120834351, 0.7061068415641785, 0.7044146060943604], [0.6928325891494751, 0.6838454008102417, 0.7049028873443604], [0.7172631025314331, 0.7317073345184326, 0.6978636980056763]], "short_long": [[0.614586353302002, 0.27361562848091125, 0.7820137143135071], [0.6592971086502075, 0.41847825050354004, 0.777546763420105], [0.6484575271606445, 0.5561694502830505, 0.6937738060951233], [0.614586353302002, 0.27361562848091125, 0.7820137143135071], [0.5843558311462402, 0.1596958190202713, 0.792877197265625]]}, "roddy_events": {"overlaps_before_p_now": [[0.6276682615280151, 0.7487684488296509, 0.4000000059604645], [0.5273948907852173, 0.6017192006111145, 0.3876652121543884], [0.606721818447113, 0.6918919086456299, 0.446601927280426], [0.586370587348938, 0.6629526615142822, 0.4423963129520416], [0.6292804479598999, 0.7360405921936035, 0.4285714328289032]], "overlaps_before_p_future": [[0.6343202590942383, 0.7135134935379028, 0.48543688654899597], [0.6565656661987305, 0.7575757503509521, 0.46666666865348816], [0.636154294013977, 0.7579461932182312, 0.4071856141090393], [0.5559311509132385, 0.6112759709358215, 0.45188283920288086], [0.6359058022499084, 0.7352185249328613, 0.4491978585720062]], "overlaps_after_p_now": [[0.6057296991348267, 0.6831955909729004, 0.4600938856601715], [0.6281105279922485, 0.7239583134651184, 0.4479166567325592], [0.6349841952323914, 0.721485435962677, 0.47236180305480957], [0.5820539593696594, 0.6629834175109863, 0.42990654706954956], [0.6299885511398315, 0.7286821603775024, 0.4444444477558136]], "overlaps_after_p_future": [[0.6201839447021484, 0.6705882549285889, 0.5254237055778503], [0.6800766587257385, 0.7465940117835999, 0.5550239086151123], [0.6747926473617554, 0.7368420958518982, 0.5581395626068115], [0.6250360012054443, 0.7029972672462463, 0.4784688949584961], [0.6742671132087708, 0.764102578163147, 0.5053763389587402]], "overlap_spred_before_p_future": [[0.6488102078437805, 0.6913580298423767, 0.5726495981216431], [0.7021758556365967, 0.7688022255897522, 0.5829145908355713], [0.6999666690826416, 0.7726027369499207, 0.5699481964111328], [0.6804651021957397, 0.7413793206214905, 0.5714285969734192], [0.6483796834945679, 0.6969696879386902, 0.5614035129547119]]}, "gap_0": {"gap_0_p_future": [[0.745579183101654, 0.8261632919311523, 0.46341463923454285], [0.7261949181556702, 0.8005464673042297, 0.46585366129875183], [0.7289918661117554, 0.8007329106330872, 0.4777911305427551], [0.752274215221405, 0.8321678042411804, 0.47252747416496277], [0.7486187815666199, 0.8311575055122375, 0.4596100151538849]], "gap_0_p_now": [[0.7181443572044373, 0.7945330142974854, 0.45066991448402405], [0.6963984370231628, 0.7700934410095215, 0.4383561611175537], [0.6780924797058105, 0.7395371794700623, 0.4629441499710083], [0.7144452333450317, 0.7904849052429199, 0.4481927752494812], [0.7384080290794373, 0.8185840845108032, 0.45767197012901306]], "s_pred_p_now": [[0.7601715326309204, 0.7289377450942993, 0.7867435216903687], [0.7603798508644104, 0.7210626006126404, 0.7938289046287537], [0.7706379890441895, 0.7354596853256226, 0.800565779209137], [0.7229881882667542, 0.6780303120613098, 0.7612359523773193], [0.7447768449783325, 0.7065420746803284, 0.7773049473762512]], "s_pred_p_future": [[0.7435812950134277, 0.721541166305542, 0.7623318433761597], [0.7310385704040527, 0.6796875, 0.7747252583503723], [0.7513618469238281, 0.7065637111663818, 0.7894737124443054], [0.6955076456069946, 0.6569343209266663, 0.7283236980438232], [0.7222428321838379, 0.6939501762390137, 0.74631267786026]], "superset_p_future": [[0.7416380643844604, 0.8189076781272888, 0.4479065239429474], [0.7530583143234253, 0.8353563547134399, 0.4402116537094116], [0.745022714138031, 0.8209718465805054, 0.4563106894493103], [0.7495478987693787, 0.8289763927459717, 0.4476093649864197], [0.7514649629592896, 0.8333333134651184, 0.44025155901908875]]}, "fast_shift": {}, "slow_shift": {}, "short_long": {}}, "bal_Accs": {"ekstedt_events": {"shift_hold_p_future_after": [0.6450962077339809, 0.6710956473005791, 0.6861246030263404, 0.6531944703904353, 0.6573323370072857], "shift_hold_p_future_before": [0.6054362039977583, 0.6215113020736036, 0.6350177470577246, 0.6132122174481599, 0.6104193909957034], "s_pred_p_future": [0.6421984312062752, 0.6523213907144372, 0.6787152851388594, 0.641429934280263, 0.6615433538265847], "shift_hold_p_now_after": [0.6431813936110592, 0.6662105361479544, 0.6703717541565477, 0.6408789463852046, 0.6654539510554829], "shift_hold_p_now_before": [0.5951896133009527, 0.611867177283766, 0.5962264150943397, 0.5977489258359798, 0.5971371193723146], "s_pred_p_now": [0.6410589357642569, 0.6284714861140556, 0.6189050243799025, 0.625, 0.6334269662921348], "backchannel": [0.677358377565, 0.6951496140802683, 0.6704428906173967, 0.6820803731181266, 0.705379668655532], "short_long": [0.5722966193664639, 0.6301574625796016, 0.6232927903024347, 0.5911911051047362, 0.5321016851976985]}, "roddy_events": {"overlaps_before_p_now": [0.47521276595744677, 0.5045744680851063, 0.5298936170212766, 0.4874468085106383, 0.5103191489361703], "overlaps_before_p_future": [0.5626595744680851, 0.5795744680851064, 0.6248936170212767, 0.5606382978723404, 0.5559574468085107], "overlaps_after_p_now": [0.561595744680851, 0.5479787234042552, 0.5967021276595745, 0.5278723404255319, 0.5751063829787234], "overlaps_after_p_future": [0.5708510638297872, 0.6359574468085106, 0.6382978723404256, 0.5748936170212766, 0.5627659574468085], "overlap_spred_before_p_future": [0.6394972067039106, 0.657122905027933, 0.6688826815642458, 0.6616759776536313, 0.6412290502793296]}, "gap_0": {"gap_0_p_future": [0.6565891768777595, 0.6463564530289727, 0.6719458971129009, 0.6529602626254914, 0.6444236617424387],