{"f1_score": {"ekstedt_events": {"shift_hold_p_future_after": [[0.701532244682312, 0.794946551322937, 0.4790123403072357], [0.7030745148658752, 0.7913385629653931, 0.4928229749202728], [0.6614857912063599, 0.7284482717514038, 0.5019763112068176], [0.6661337614059448, 0.7471620440483093, 0.47311827540397644], [0.6908765435218811, 0.788759708404541, 0.45771142840385437]], "shift_hold_p_future_before": [[0.6764295697212219, 0.7702970504760742, 0.4528301954269409], [0.6552050709724426, 0.7354166507720947, 0.4641350209712982], [0.651107907295227, 0.7284210324287415, 0.46694216132164], [0.660727858543396, 0.7492385506629944, 0.4498886466026306], [0.6497392654418945, 0.7411167621612549, 0.4320712685585022]], "s_pred_p_future": [[0.630592942237854, 0.5932203531265259, 0.6619718074798584], [0.6340312957763672, 0.6166219711303711, 0.6486486196517944], [0.6535686254501343, 0.598802387714386, 0.6995515823364258], [0.65606689453125, 0.6598984599113464, 0.6528497338294983], [0.6304001808166504, 0.6345177888870239, 0.6269429922103882]], "shift_hold_p_now_after": [[0.6985655426979065, 0.7992351651191711, 0.45876288414001465], [0.6982057094573975, 0.8085901141166687, 0.43526169657707214], [0.6718909740447998, 0.7381974458694458, 0.5139442086219788], [0.7014578580856323, 0.7905604839324951, 0.4892086386680603], [0.7042092680931091, 0.801152765750885, 0.47328245639801025]], "shift_hold_p_now_before": [[0.6225267052650452, 0.7141382694244385, 0.40430107712745667], [0.5741968750953674, 0.6251468658447266, 0.4528301954269409], [0.5690258741378784, 0.6231038570404053, 0.44020795822143555], [0.6319777965545654, 0.7180020809173584, 0.4270613193511963], [0.6445935964584351, 0.7472745180130005, 0.4000000059604645]], "s_pred_p_now": [[0.6132366061210632, 0.5443425178527832, 0.6710816621780396], [0.5957776308059692, 0.4899328947067261, 0.6846473217010498], [0.5826557278633118, 0.4318181872367859, 0.7093023061752319], [0.6518387198448181, 0.6017699241638184, 0.6938775777816772], [0.6463484764099121, 0.5934718251228333, 0.690744936466217]], "backchannel": [[0.6553928256034851, 0.6279069781303406, 0.692307710647583], [0.6686341762542725, 0.6517311334609985, 0.6913357377052307], [0.6852045059204102, 0.672690749168396, 0.702010989189148], [0.6746122241020203, 0.6585366129875183, 0.6962025165557861], [0.7007203698158264, 0.7021883726119995, 0.698748767375946]], "short_long": [[0.5924358367919922, 0.21694914996623993, 0.7768115997314453], [0.6692464351654053, 0.4204545319080353, 0.7914110422134399], [0.7067962884902954, 0.6015936136245728, 0.7584540843963623], [0.6085179448127747, 0.2574257552623749, 0.7809152603149414], [0.5843963027000427, 0.15444014966487885, 0.7955182194709778]]}, "roddy_events": {"overlaps_before_p_now": [[0.6062918305397034, 0.7281795740127563, 0.37714284658432007], [0.5322848558425903, 0.5843373537063599, 0.4344262182712555], [0.5783022046089172, 0.6611570119857788, 0.4225352108478546], [0.589506208896637, 0.6666666865348816, 0.4444444477558136], [0.6276295185089111, 0.7314578294754028, 0.4324324429035187]], "overlaps_before_p_future": [[0.6005621552467346, 0.6722689270973206, 0.465753436088562], [0.6406014561653137, 0.7430025339126587, 0.4480874240398407], [0.6491987705230713, 0.7688564658164978, 0.42424243688583374], [0.569553017616272, 0.620895504951477, 0.4730290472507477], [0.640006959438324, 0.7371134161949158, 0.457446813583374]], "overlaps_after_p_now": [[0.5914502143859863, 0.6590909361839294, 0.4642857015132904], [0.5951181650161743, 0.6863270998001099, 0.4236453175544739], [0.5783022046089172, 0.6611570119857788, 0.4225352108478546], [0.590060293674469, 0.6648044586181641, 0.44954127073287964], [0.6435655355453491, 0.7238605618476868, 0.4926108419895172]], "overlaps_after_p_future": [[0.5831103324890137, 0.6328358054161072, 0.48962655663490295], [0.6568567156791687, 0.7089337110519409, 0.5589519739151001], [0.6329401731491089, 0.6896551847457886, 0.5263158082962036], [0.6310542821884155, 0.6983240246772766, 0.5045871734619141], [0.6574077010154724, 0.7345844507217407, 0.5123152732849121]], "overlap_spred_before_p_future": [[0.7050005793571472, 0.7407407164573669, 0.6410256624221802], [0.7672783732414246, 0.8179271817207336, 0.676616907119751], [0.7158665060997009, 0.7811634540557861, 0.5989847779273987], [0.7472849488258362, 0.7977207899093628, 0.6570048332214355], [0.7078691124916077, 0.7507507801055908, 0.6311110854148865]]}, "gap_0": {"gap_0_p_future": [[0.7412573099136353, 0.8220264315605164, 0.4584450423717499], [0.7245413064956665, 0.798905611038208, 0.46415552496910095], [0.7173208594322205, 0.7890841960906982, 0.466042160987854], [0.738824725151062, 0.8210989236831665, 0.450742244720459], [0.726877748966217, 0.8170360922813416, 0.4111888110637665]], "gap_0_p_now": [[0.7082104086875916, 0.7859103679656982, 0.4361445903778076], [0.6995419263839722, 0.772323489189148, 0.4446978271007538], [0.6558790802955627, 0.7192460298538208, 0.4339999854564667], [0.7226895093917847, 0.7987278699874878, 0.456441730260849], [0.7215110659599304, 0.8082855939865112, 0.41767069697380066]], "s_pred_p_now": [[0.7561120986938477, 0.7308377623558044, 0.7776141166687012], [0.7603798508644104, 0.7210626006126404, 0.7938289046287537], [0.7645748257637024, 0.730983316898346, 0.7931526303291321], [0.7391724586486816, 0.70566725730896, 0.7676767706871033], [0.7395440340042114, 0.7088607549667358, 0.7656477689743042]], "s_pred_p_future": [[0.7325378656387329, 0.7137930989265442, 0.7484848499298096], [0.7227136492729187, 0.6692759394645691, 0.7681756019592285], [0.7533118724822998, 0.7035573124885559, 0.7956403493881226], [0.7224235534667969, 0.6961130499839783, 0.7448071241378784], [0.7258753180503845, 0.7027971744537354, 0.7455089688301086]], "superset_p_future": [[0.7399424910545349, 0.8160513639450073, 0.45062321424484253], [0.7587194442749023, 0.8396519422531128, 0.4510638415813446], [0.7330489158630371, 0.8098001480102539, 0.4412878751754761], [0.7460665702819824, 0.8256475329399109, 0.44354838132858276], [0.7354676127433777, 0.8228321671485901, 0.40336135029792786]]}, "fast_shift": {}, "slow_shift": {}, "short_long": {}}, "bal_Accs": {"ekstedt_events": {"shift_hold_p_future_after": [0.6155707080141977, 0.6249719783299085, 0.6403792266019055, 0.6270175602465907, 0.6162478983747431], "shift_hold_p_future_before": [0.5810947132449094, 0.590383896880254, 0.5916308611993275, 0.5986829815056978, 0.5925415654773025], "s_pred_p_future": [0.6274909900360399, 0.6343544625821497, 0.6514203943184227, 0.6623383506465974, 0.6365009539961841], "shift_hold_p_now_after": [0.6269054735662245, 0.6312675135438073, 0.6254716981132076, 0.6352606015318513, 0.6237577059592752], "shift_hold_p_now_before": [0.5733513917429478, 0.5801279656267514, 0.5561881188118811, 0.5690687464972912, 0.5747758266392677], "s_pred_p_now": [0.6084905660377358, 0.5942071231715074, 0.5917161331354674, 0.6473659105363578, 0.641747933008268], "backchannel": [0.6779797420214558, 0.6779067504136191, 0.6615716028957082, 0.6832501104232016, 0.6912136819961521], "short_long": [0.6106179740770317, 0.6578567479574913, 0.6907621270757827, 0.6328347359583922, 0.566977906095788]}, "roddy_events": {"overlaps_before_p_now": [0.49659574468085105, 0.49765957446808506, 0.5059574468085106, 0.5224468085106383, 0.5196808510638298], "overlaps_before_p_future": [0.5713829787234043, 0.6006382978723405, 0.6003191489361701, 0.5713829787234043, 0.5806382978723404], "overlaps_after_p_now": [0.5659574468085107, 0.5417021276595745, 0.5441489361702128, 0.5525531914893618, 0.5578723404255319], "overlaps_after_p_future": [0.5925531914893617, 0.6526595744680852, 0.5904255319148937, 0.566595744680851, 0.5747872340425532], "overlap_spred_before_p_future": [0.6644972067039107, 0.7188826815642457, 0.6832960893854749, 0.7397486033519554, 0.7041620111731843]}, "gap_0": {"gap_0_p_future": [0.6337824941787227, 0.6325011769795523, 0.6416803450776807, 0.6480589380463412, 0.6450662289575142],