{"f1_score": {"ekstedt_events": {"shift_hold_p_future_after": [[0.805420458316803, 0.8733459115028381, 0.6436170339584351], [0.7779152989387512, 0.8571428656578064, 0.5891891717910767], [0.8138555884361267, 0.8665338754653931, 0.6883720755577087], [0.8089151382446289, 0.8729704022407532, 0.6563307642936707], [0.8084055185317993, 0.878731369972229, 0.6408839821815491]], "shift_hold_p_future_before": [[0.7779268622398376, 0.8605948090553284, 0.5810055732727051], [0.7661097049713135, 0.837890625, 0.5951219797134399], [0.7838447093963623, 0.8552253246307373, 0.6138107180595398], [0.7777027487754822, 0.8590102791786194, 0.584022045135498], [0.7855272889137268, 0.8579599857330322, 0.6129870414733887]], "s_pred_p_future": [[0.8310372829437256, 0.8196721076965332, 0.8405796885490417], [0.773705780506134, 0.7799999713897705, 0.7684210538864136], [0.8336505889892578, 0.8257372379302979, 0.8402948379516602], [0.7673555612564087, 0.7815533876419067, 0.7554348111152649], [0.8201161623001099, 0.8241205811500549, 0.8167539238929749]], "shift_hold_p_now_after": [[0.7883648872375488, 0.863593578338623, 0.6091644167900085], [0.7764933109283447, 0.8629254698753357, 0.5706051588058472], [0.7941735982894897, 0.8502512574195862, 0.660592257976532], [0.7865357398986816, 0.8646125197410583, 0.6005509495735168], [0.799903929233551, 0.8746517896652222, 0.6218487620353699]], "shift_hold_p_now_before": [[0.7428492307662964, 0.8345864415168762, 0.5243242979049683], [0.7236155867576599, 0.7900723814964294, 0.5653104782104492], [0.7339513301849365, 0.8024439811706543, 0.5707964897155762], [0.7459356784820557, 0.8398510217666626, 0.5222222208976746], [0.7303680777549744, 0.8448430299758911, 0.45768025517463684]], "s_pred_p_now": [[0.8459986448287964, 0.8295454382896423, 0.8598130941390991], [0.8182191848754883, 0.8054794669151306, 0.8289156556129456], [0.8102699518203735, 0.7753846049308777, 0.8395604491233826], [0.8075519800186157, 0.8091602921485901, 0.8062015771865845], [0.8437389135360718, 0.8415584564208984, 0.8455696105957031]], "backchannel": [[0.7534579038619995, 0.7502429485321045, 0.7577756643295288], [0.7553117275238037, 0.7669990658760071, 0.7396150231361389], [0.7495607137680054, 0.7606915235519409, 0.7346115112304688], [0.7522757053375244, 0.7610294222831726, 0.7405189871788025], [0.7791062593460083, 0.7894737124443054, 0.7651821970939636]], "short_long": [[0.5792338252067566, 0.18118466436862946, 0.7746884226799011], [0.6429646015167236, 0.37746480107307434, 0.7733333110809326], [0.6058071255683899, 0.4886363744735718, 0.6633416414260864], [0.5903664231300354, 0.21548821032047272, 0.7744433879852295], [0.5587794184684753, 0.07500000298023224, 0.7963302731513977]]}, "roddy_events": {"overlaps_before_p_now": [[0.5472522974014282, 0.781857430934906, 0.10619468986988068], [0.586259663105011, 0.7117794752120972, 0.3502824902534485], [0.5922013521194458, 0.751173734664917, 0.2933333218097687], [0.5838631987571716, 0.7586206793785095, 0.25531914830207825], [0.5541252493858337, 0.7835497856140137, 0.12280701845884323]], "overlaps_before_p_future": [[0.6890320777893066, 0.7911548018455505, 0.4970414340496063], [0.6717687249183655, 0.8163265585899353, 0.4000000059604645], [0.6883474588394165, 0.8288288116455078, 0.42424243688583374], [0.7066604495048523, 0.8039215803146362, 0.523809552192688], [0.6969512701034546, 0.8221709132194519, 0.4615384638309479]], "overlaps_after_p_now": [[0.6213306188583374, 0.7577937841415405, 0.36477985978126526], [0.6340833306312561, 0.78899085521698, 0.34285715222358704], [0.623141884803772, 0.7891156673431396, 0.31111112236976624], [0.6310502290725708, 0.7785547971725464, 0.35374149680137634], [0.5997017621994019, 0.795604407787323, 0.23140496015548706]], "overlaps_after_p_future": [[0.7348828315734863, 0.8071979284286499, 0.5989304780960083], [0.7433279156684875, 0.8284313678741455, 0.5833333134651184], [0.7445603609085083, 0.8220551609992981, 0.598870038986206], [0.7482897639274597, 0.8349514603614807, 0.5853658318519592], [0.7444956302642822, 0.8457943797111511, 0.5540540814399719]], "overlap_spred_before_p_future": [[0.8309585452079773, 0.8698061108589172, 0.7614213228225708], [0.7864230871200562, 0.8578680157661438, 0.6585366129875183], [0.796358585357666, 0.8664987683296204, 0.6708074808120728], [0.7667872309684753, 0.8455696105957031, 0.6257668733596802], [0.8088647127151489, 0.8617021441459656, 0.7142857313156128]]}, "gap_0": {"gap_0_p_future": [[0.8356008529663086, 0.9020256400108337, 0.6030150651931763], [0.8203447461128235, 0.8859686255455017, 0.590563178062439], [0.8303974270820618, 0.8944934606552124, 0.6059654355049133], [0.834323525428772, 0.9037280082702637, 0.591304361820221], [0.8402082324028015, 0.906929075717926, 0.6065858006477356]], "gap_0_p_now": [[0.8260548114776611, 0.8927972912788391, 0.5923566818237305], [0.8142295479774475, 0.8822034001350403, 0.5762194991111755], [0.8014692068099976, 0.8652668595314026, 0.5780822038650513], [0.8305277824401855, 0.8985507488250732, 0.5923460721969604], [0.814285397529602, 0.8983527421951294, 0.5199241042137146]], "s_pred_p_now": [[0.9194257259368896, 0.9134948253631592, 0.9244713187217712], [0.8985146880149841, 0.8919382691383362, 0.9041095972061157], [0.9033771753311157, 0.8983050584793091, 0.9076923131942749], [0.9226969480514526, 0.918367326259613, 0.9263803958892822], [0.9178682565689087, 0.9134125709533691, 0.921658992767334]], "s_pred_p_future": [[0.8808391690254211, 0.8758389353752136, 0.8850931525230408], [0.8631138205528259, 0.8556876182556152, 0.8694316148757935], [0.8711748123168945, 0.8662207126617432, 0.8753893971443176], [0.8563488721847534, 0.8575999736785889, 0.855284571647644], [0.9017689228057861, 0.8981636166572571, 0.9048361778259277]], "superset_p_future": [[0.8351876735687256, 0.9016344547271729, 0.5825977325439453], [0.8282210826873779, 0.9019607901573181, 0.5479082465171814], [0.8376868963241577, 0.9026495814323425, 0.5907384157180786], [0.8339691758155823, 0.9055831432342529, 0.5617367625236511], [0.8412073254585266, 0.9105216860771179, 0.5777166485786438]]}, "fast_shift": {}, "slow_shift": {}, "short_long": {}}, "bal_Accs": {"ekstedt_events": {"shift_hold_p_future_after": [0.8141042406127406, 0.7679805716420699, 0.7929665608070241, 0.7772464038856716, 0.7821968989351765], "shift_hold_p_future_before": [0.7701942835793014, 0.7372641509433963, 0.7663786661685037, 0.7470203624135998, 0.762539697365963], "s_pred_p_future": [0.8317256730973076, 0.7825418698325206, 0.8300561797752809, 0.7800773796904812, 0.8285986856052576], "shift_hold_p_now_after": [0.7702269755277414, 0.7606155426863441, 0.7633523257986177, 0.7531944703904352, 0.7693816551466467], "shift_hold_p_now_before": [0.6961797123108537, 0.6943676443116009, 0.706360919110779, 0.7002848869792639, 0.7113207547169811], "s_pred_p_now": [0.8440746237015052, 0.8185817256730974, 0.8044042823828704, 0.8145537417850328, 0.8489241043035828], "backchannel": [0.7578512767916632, 0.7722306235354889, 0.7484072856854098, 0.7711582083741961, 0.7842517798722834], "short_long": [0.5974261318262792, 0.5957880295677458, 0.608063558367631, 0.5649558736204108, 0.5957573151503983]}, "roddy_events": {"overlaps_before_p_now": [0.5184042553191489, 0.5054255319148936, 0.5326595744680851, 0.5680851063829787, 0.5303191489361702], "overlaps_before_p_future": [0.6464893617021277, 0.6629787234042553, 0.675, 0.6645744680851065, 0.6263829787234043], "overlaps_after_p_now": [0.5618085106382978, 0.5424468085106383, 0.5677659574468085, 0.5811702127659575, 0.5714893617021277], "overlaps_after_p_future": [0.6992553191489361, 0.7586170212765957, 0.7323404255319148, 0.7201063829787234, 0.7077659574468085], "overlap_spred_before_p_future": [0.795195530726257, 0.8123743016759777, 0.8041340782122905, 0.7847206703910614, 0.7775139664804469]}, "gap_0": {"gap_0_p_future": [0.798551997048008, 0.7676311536944433, 0.7859716761461236, 0.7642147319667647, 0.7889452990800474],