{"f1_score": {"ekstedt_events": {"shift_hold_p_future_after": [[0.8166655898094177, 0.8811320662498474, 0.6631016135215759], [0.7891573309898376, 0.8649155497550964, 0.6086956262588501], [0.8022210001945496, 0.8591269850730896, 0.6666666865348816], [0.7962951064109802, 0.8679245114326477, 0.625668466091156], [0.8163831233978271, 0.8830682635307312, 0.6575342416763306]], "shift_hold_p_future_before": [[0.7720049023628235, 0.856877326965332, 0.5698323845863342], [0.766601026058197, 0.8396501541137695, 0.5925925970077515], [0.7863209247589111, 0.8574162721633911, 0.6169666051864624], [0.7726959586143494, 0.8582020401954651, 0.5690140724182129], [0.7850913405418396, 0.8601134419441223, 0.6063829660415649]], "s_pred_p_future": [[0.807647705078125, 0.7887324094772339, 0.8235294222831726], [0.7715022563934326, 0.7746835350990295, 0.768831193447113], [0.802892804145813, 0.7968337535858154, 0.8079800605773926], [0.7348053455352783, 0.758293867111206, 0.7150837779045105], [0.8176050782203674, 0.8211587071418762, 0.8146213889122009]], "shift_hold_p_now_after": [[0.8061912059783936, 0.8728652596473694, 0.6473684310913086], [0.7782673239707947, 0.8637200593948364, 0.5747126340866089], [0.7858852744102478, 0.8442211151123047, 0.6469248533248901], [0.7882871031761169, 0.8687615394592285, 0.5965909361839294], [0.8044525980949402, 0.8790397047996521, 0.62678062915802]], "shift_hold_p_now_before": [[0.7509812712669373, 0.8350810408592224, 0.5506493449211121], [0.7111151814460754, 0.7685683369636536, 0.5742574334144592], [0.7213746905326843, 0.7871235609054565, 0.5647558569908142], [0.7317676544189453, 0.8302238583564758, 0.49723756313323975], [0.7478896975517273, 0.8545780777931213, 0.4937500059604645]], "s_pred_p_now": [[0.8143973350524902, 0.7882353067398071, 0.8363636136054993], [0.8071970343589783, 0.7838616967201233, 0.8267898559570312], [0.8050718307495117, 0.7692307829856873, 0.8351648449897766], [0.8080583810806274, 0.7989276051521301, 0.815724790096283], [0.8361998796463013, 0.8297872543334961, 0.8415841460227966]], "backchannel": [[0.7362173795700073, 0.7287128567695618, 0.7462962865829468], [0.7521382570266724, 0.7592592835426331, 0.7425742745399475], [0.7551776170730591, 0.7644363045692444, 0.7427427172660828], [0.7607361078262329, 0.7678076028823853, 0.7512388229370117], [0.7751950621604919, 0.7838827967643738, 0.7635270357131958]], "short_long": [[0.5808095932006836, 0.18685121834278107, 0.7742555141448975], [0.6402095556259155, 0.3550295829772949, 0.7802419066429138], [0.6248636245727539, 0.4920634925365448, 0.6900726556777954], [0.6047515869140625, 0.24666666984558105, 0.7805825471878052], [0.572024405002594, 0.10699588805437088, 0.8003680109977722]]}, "roddy_events": {"overlaps_before_p_now": [[0.5670735239982605, 0.7743362784385681, 0.17741934955120087], [0.5836670398712158, 0.7022900581359863, 0.3606557250022888], [0.5894319415092468, 0.7440758347511292, 0.29870128631591797], [0.5869898200035095, 0.7534883618354797, 0.27397260069847107], [0.558845043182373, 0.7763158082962036, 0.15000000596046448]], "overlaps_before_p_future": [[0.6874312162399292, 0.7871286869049072, 0.5], [0.6528446078300476, 0.8045454621315002, 0.36764705181121826], [0.6553841233253479, 0.8143176436424255, 0.356589138507843], [0.7066498398780823, 0.7929292917251587, 0.5444444417953491], [0.6846500039100647, 0.8192219734191895, 0.4316546618938446]], "overlaps_after_p_now": [[0.5994022488594055, 0.7334963083267212, 0.34730538725852966], [0.6103677749633789, 0.7674418687820435, 0.31506848335266113], [0.6286258697509766, 0.7795823812484741, 0.3448275923728943], [0.6301742792129517, 0.7706855535507202, 0.3660130798816681], [0.5986080765724182, 0.7893570065498352, 0.23999999463558197]], "overlaps_after_p_future": [[0.6937096118927002, 0.7671957612037659, 0.5555555820465088], [0.739406406879425, 0.8208954930305481, 0.5862069129943848], [0.7176902890205383, 0.8059701323509216, 0.5517241358757019], [0.7112735509872437, 0.8106796145439148, 0.5243902206420898], [0.7290105223655701, 0.836448609828949, 0.5270270109176636]], "overlap_spred_before_p_future": [[0.8150742053985596, 0.8514285683631897, 0.75], [0.7808446884155273, 0.8512820601463318, 0.6547619104385376], [0.7618311047554016, 0.8486352562904358, 0.6064516305923462], [0.7917091250419617, 0.8593350648880005, 0.6706587076187134], [0.8213450908660889, 0.8679245114326477, 0.7379679083824158]]}, "gap_0": {"gap_0_p_future": [[0.8372069597244263, 0.9040757417678833, 0.6030664443969727], [0.8263964653015137, 0.8912310004234314, 0.5993788838386536], [0.8311754465103149, 0.8948696255683899, 0.6081504821777344], [0.8258634209632874, 0.898811936378479, 0.5704348087310791], [0.8395447134971619, 0.9077550768852234, 0.6007066965103149]], "gap_0_p_now": [[0.8275378942489624, 0.8921651244163513, 0.6012461185455322], [0.8055014610290527, 0.8703944683074951, 0.5782792568206787], [0.7924935221672058, 0.857268750667572, 0.5656836628913879], [0.8244243860244751, 0.8947804570198059, 0.5780730843544006], [0.8201577663421631, 0.9015669226646423, 0.5351043939590454]], "s_pred_p_now": [[0.9017077684402466, 0.8946459293365479, 0.9077155590057373], [0.8871747255325317, 0.8784722089767456, 0.8945783376693726], [0.9049582481384277, 0.8987993001937866, 0.9101978540420532], [0.8920565843582153, 0.8846815824508667, 0.898330807685852], [0.9017691016197205, 0.8967850804328918, 0.9060092568397522]], "s_pred_p_future": [[0.8663457036018372, 0.8600337505340576, 0.8717156052589417], [0.8565645813941956, 0.8457539081573486, 0.8657616972923279], [0.8695554733276367, 0.8624787926673889, 0.8755760192871094], [0.8304693698883057, 0.8325358629226685, 0.8287112712860107], [0.8904873132705688, 0.884353756904602, 0.89570552110672]], "superset_p_future": [[0.8331332802772522, 0.8999999761581421, 0.5789473652839661], [0.8254690766334534, 0.9018351435661316, 0.5351724028587341], [0.8316137194633484, 0.8995840549468994, 0.5732323527336121], [0.824524998664856, 0.8999415040016174, 0.5378378629684448], [0.8399769067764282, 0.9104130268096924, 0.5722222328186035]]}, "fast_shift": {}, "slow_shift": {}, "short_long": {}}, "bal_Accs": {"ekstedt_events": {"shift_hold_p_future_after": [0.7943909957033439, 0.7657668597048384, 0.7877265084999066, 0.7586119932747992, 0.7936110592191294], "shift_hold_p_future_before": [0.7669904726321689, 0.7338268260788343, 0.7360965813562488, 0.7240472632168877, 0.7773024472258546], "s_pred_p_future": [0.805994276022896, 0.7788318846724613, 0.7877093491626034, 0.7513249947000211, 0.8257896968412126], "shift_hold_p_now_after": [0.7731972725574444, 0.7736876517840463, 0.7747664860825705, 0.7453624135998506, 0.7779142536895198], "shift_hold_p_now_before": [0.710708948253316, 0.6949467588268261, 0.7027788156174108, 0.6878806276854101, 0.711699047263217], "s_pred_p_now": [0.8103667585329659, 0.804192283230867, 0.7992368030527879, 0.8100487598049608, 0.8391456434174264], "backchannel": [0.7397736885841126, 0.7661741916647327, 0.7411567859736332, 0.765601488280168, 0.7770499412323978], "short_long": [0.5859287015991973, 0.5717539979933248, 0.6044546143292995, 0.5604715686876753, 0.6024428199930381]}, "roddy_events": {"overlaps_before_p_now": [0.5251063829787235, 0.5268085106382979, 0.5406382978723404, 0.549468085106383, 0.5370212765957447], "overlaps_before_p_future": [0.6258510638297872, 0.6520212765957447, 0.6699999999999999, 0.6686170212765958, 0.6593617021276595], "overlaps_after_p_now": [0.550531914893617, 0.5558510638297872, 0.5718085106382979, 0.5695744680851064, 0.5405319148936171], "overlaps_after_p_future": [0.6936170212765957, 0.7243617021276596, 0.6890425531914894, 0.6911702127659575, 0.7127659574468085], "overlap_spred_before_p_future": [0.7800558659217877, 0.8067877094972067, 0.8001675977653631, 0.7791340782122905, 0.7947206703910614]}, "gap_0": {"gap_0_p_future": [0.7966370195060504, 0.7514333702332328, 0.765291191103307, 0.753764425952081, 0.7938491684798514],