{"f1_score": {"ekstedt_events": {"shift_hold_p_future_after": [[0.7532377243041992, 0.8292682766914368, 0.5721271634101868], [0.7652379870414734, 0.8364348411560059, 0.5956416726112366], [0.7128093242645264, 0.7683982849121094, 0.5803921818733215], [0.7290210723876953, 0.7975460290908813, 0.5657894611358643], [0.7640134692192078, 0.8491096496582031, 0.5613079071044922]], "shift_hold_p_future_before": [[0.7278896570205688, 0.8094302415847778, 0.5336538553237915], [0.7022339105606079, 0.7761806845664978, 0.5260869860649109], [0.6961729526519775, 0.7661795616149902, 0.529411792755127], [0.7178813815116882, 0.8003952503204346, 0.521327018737793], [0.7208590507507324, 0.8130393028259277, 0.5012787580490112]], "s_pred_p_future": [[0.7426460385322571, 0.7093023061752319, 0.7706422209739685], [0.730828046798706, 0.7058823704719543, 0.7517730593681335], [0.7326400279998779, 0.6850152611732483, 0.7726269364356995], [0.7154463529586792, 0.714652955532074, 0.7161125540733337], [0.7203088402748108, 0.7226462960243225, 0.7183462381362915]], "shift_hold_p_now_after": [[0.7423447966575623, 0.8293613195419312, 0.5350649356842041], [0.7476178407669067, 0.8389512896537781, 0.5300546288490295], [0.7153422236442566, 0.7762460112571716, 0.5702647566795349], [0.7463149428367615, 0.8285163640975952, 0.5505050420761108], [0.7488899230957031, 0.8417132496833801, 0.5277777910232544]], "shift_hold_p_now_before": [[0.6828935146331787, 0.770770788192749, 0.47356322407722473], [0.6291857957839966, 0.6789838075637817, 0.5105633735656738], [0.6344295740127563, 0.6893423795700073, 0.5036231875419617], [0.6891936659812927, 0.7789890766143799, 0.4752941131591797], [0.6883757710456848, 0.8084714412689209, 0.40229883790016174]], "s_pred_p_now": [[0.7146459817886353, 0.6646341681480408, 0.7566371560096741], [0.7221798896789551, 0.6534653306007385, 0.7798742055892944], [0.6572197675704956, 0.5323193669319153, 0.7620889544487], [0.7177389860153198, 0.670694887638092, 0.7572383284568787], [0.7433310747146606, 0.7159090638160706, 0.7663551568984985]], "backchannel": [[0.6917904019355774, 0.6728585958480835, 0.7172167897224426], [0.7126279473304749, 0.7025948166847229, 0.7261029481887817], [0.7276082038879395, 0.7200791239738464, 0.7377201318740845], [0.7073466181755066, 0.6954773664474487, 0.7232876420021057], [0.7338964939117432, 0.7286973595619202, 0.7408792972564697]], "short_long": [[0.5859130620956421, 0.1993127167224884, 0.7757459282875061], [0.6398971676826477, 0.336448609828949, 0.7888998985290527], [0.7327094078063965, 0.5893271565437317, 0.8031145930290222], [0.5949234366416931, 0.22297297418117523, 0.7775628566741943], [0.5804049968719482, 0.13545817136764526, 0.7988878488540649]]}, "roddy_events": {"overlaps_before_p_now": [[0.597169041633606, 0.764976978302002, 0.28169015049934387], [0.5508747100830078, 0.6391184329986572, 0.3849765360355377], [0.5950347781181335, 0.7091836929321289, 0.3804347813129425], [0.6421440839767456, 0.734375, 0.46875], [0.6077674627304077, 0.7685185074806213, 0.3055555522441864]], "overlaps_before_p_future": [[0.6610864400863647, 0.7454068064689636, 0.5025641322135925], [0.6738194227218628, 0.7913669347763062, 0.4528301954269409], [0.6571236252784729, 0.7953488230705261, 0.39726027846336365], [0.6523769497871399, 0.7118644118309021, 0.5405405163764954], [0.6888161897659302, 0.8009592294692993, 0.4779874086380005]], "overlaps_after_p_now": [[0.6146963834762573, 0.7197943329811096, 0.4171122908592224], [0.6582055687904358, 0.7726161479949951, 0.443113774061203], [0.6495701670646667, 0.7635468244552612, 0.43529412150382996], [0.6276295185089111, 0.7314578294754028, 0.4324324429035187], [0.6537559032440186, 0.7887324094772339, 0.4000000059604645]], "overlaps_after_p_future": [[0.695760190486908, 0.7520891427993774, 0.5898617506027222], [0.7114636898040771, 0.7798408269882202, 0.5829145908355713], [0.6999134421348572, 0.7736842036247253, 0.5612244606018066], [0.6999134421348572, 0.7736842036247253, 0.5612244606018066], [0.7123425602912903, 0.8235294222831726, 0.503311276435852]], "overlap_spred_before_p_future": [[0.7715088725090027, 0.802431583404541, 0.7161571979522705], [0.7386506199836731, 0.804347813129425, 0.621052622795105], [0.7366668581962585, 0.8136482834815979, 0.598870038986206], [0.7722638845443726, 0.8273972868919373, 0.6735751032829285], [0.7623099684715271, 0.8069164156913757, 0.6824644804000854]]}, "gap_0": {"gap_0_p_future": [[0.7885680198669434, 0.8624089360237122, 0.5300146341323853], [0.7619267106056213, 0.8350287675857544, 0.5059602856636047], [0.7570266127586365, 0.8261260986328125, 0.5150753855705261], [0.7941823601722717, 0.8694915175437927, 0.5304877758026123], [0.7872132658958435, 0.874330461025238, 0.4821731746196747]], "gap_0_p_now": [[0.7694311738014221, 0.8432574272155762, 0.5109289884567261], [0.7422323226928711, 0.8149819374084473, 0.48750001192092896], [0.722934365272522, 0.7867612242698669, 0.4994450509548187], [0.7666618824005127, 0.841644823551178, 0.5041095614433289], [0.7639215588569641, 0.858208954334259, 0.43377482891082764]], "s_pred_p_now": [[0.846753716468811, 0.8330404162406921, 0.8584202527999878], [0.8460156917572021, 0.8256880640983582, 0.8633093237876892], [0.8366789817810059, 0.8180180191993713, 0.8525547385215759], [0.8300603628158569, 0.8094373941421509, 0.8476052284240723], [0.8469219207763672, 0.8359240293502808, 0.8562783598899841]], "s_pred_p_future": [[0.8178491592407227, 0.8034782409667969, 0.830075204372406], [0.7745822668075562, 0.7287128567695618, 0.8136054277420044], [0.7962414026260376, 0.7628083229064941, 0.8246844410896301], [0.8112117052078247, 0.7936508059501648, 0.8261515498161316], [0.8469984531402588, 0.8381601572036743, 0.8545176386833191]], "superset_p_future": [[0.7891464829444885, 0.8604218363761902, 0.5182012915611267], [0.7956475615501404, 0.8763440847396851, 0.4888888895511627], [0.7784594297409058, 0.8514357209205627, 0.50104820728302], [0.8012024164199829, 0.8740875720977783, 0.5241379141807556], [0.8017951846122742, 0.8853615522384644, 0.4841269850730896]]}, "fast_shift": {}, "slow_shift": {}, "short_long": {}}, "bal_Accs": {"ekstedt_events": {"shift_hold_p_future_after": [0.6923547543433588, 0.6838781991406688, 0.6945684662805903, 0.6983280403512049, 0.7069820661311415], "shift_hold_p_future_before": [0.6604707640575378, 0.6718849243414907, 0.6400242854474127, 0.6491453390622082, 0.678413973472819], "s_pred_p_future": [0.7389230443078227, 0.7289325842696629, 0.7228641085435659, 0.7206381174475303, 0.7267065931736273], "shift_hold_p_now_after": [0.6885484774892583, 0.6822529422753596, 0.687492994582477, 0.6924201382402391, 0.705291425368952], "shift_hold_p_now_before": [0.618662432280964, 0.6470997571455259, 0.6293340183074911, 0.6282972165141043, 0.6528161778441995], "s_pred_p_now": [0.7094816620733517, 0.7167691329234683, 0.66125185499258, 0.7127411490354039, 0.7407250370998516], "backchannel": [0.7055499824071509, 0.7222201426892354, 0.692194389752727, 0.7155423463620234, 0.7214097486842794], "short_long": [0.6313860392735017, 0.6458678870528493, 0.6820136372013023, 0.6188903904826258, 0.5902338390974057]}, "roddy_events": {"overlaps_before_p_now": [0.5418085106382978, 0.5059574468085106, 0.5624468085106383, 0.5659574468085107, 0.5414893617021277], "overlaps_before_p_future": [0.6442553191489362, 0.6297872340425532, 0.6514893617021277, 0.6281914893617022, 0.6554255319148936], "overlaps_after_p_now": [0.5552127659574468, 0.5545744680851064, 0.5972340425531915, 0.5530851063829787, 0.5812765957446808], "overlaps_after_p_future": [0.6427659574468085, 0.6735106382978724, 0.6595744680851063, 0.6380851063829787, 0.6902127659574468], "overlap_spred_before_p_future": [0.6717039106145252, 0.7457821229050279, 0.7318156424581006, 0.7593016759776536, 0.7510614525139665]}, "gap_0": {"gap_0_p_future": [0.7111654006183914, 0.7019976842132051, 0.7047779007774427, 0.7009237698973165, 0.7173225941901744],