{"f1_score": {"ekstedt_events": {"shift_hold_p_future_after": [[0.8285067081451416, 0.8903467655181885, 0.6811988949775696], [0.7919609546661377, 0.8685927391052246, 0.6094182729721069], [0.8386123180389404, 0.8893203735351562, 0.7178217768669128], [0.8252003192901611, 0.8831417560577393, 0.6871795058250427], [0.82361900806427, 0.8895078897476196, 0.6666666865348816]], "shift_hold_p_future_before": [[0.8130347728729248, 0.8814192414283752, 0.650137722492218], [0.776890754699707, 0.8522402048110962, 0.5974025726318359], [0.8166036009788513, 0.8773946166038513, 0.6717948913574219], [0.7992051243782043, 0.8698112964630127, 0.6310160160064697], [0.8124915361404419, 0.8781869411468506, 0.656000018119812]], "s_pred_p_future": [[0.8335809111595154, 0.8219178318977356, 0.8433734774589539], [0.7866376638412476, 0.791979968547821, 0.7821522355079651], [0.8412440419197083, 0.8296703100204468, 0.8509615659713745], [0.8098370432853699, 0.8140703439712524, 0.8062826991081238], [0.8097071647644043, 0.8149999976158142, 0.8052631616592407]], "shift_hold_p_now_after": [[0.810059130191803, 0.8812615871429443, 0.6404494643211365], [0.7827792763710022, 0.8711434006690979, 0.5722891688346863], [0.82172030210495, 0.8730158805847168, 0.6995305418968201], [0.8041650056838989, 0.8722800612449646, 0.6419098377227783], [0.8009846210479736, 0.8774193525314331, 0.6189111471176147]], "shift_hold_p_now_before": [[0.7626562714576721, 0.8531855940818787, 0.5470085740089417], [0.7458139061927795, 0.8201581239700317, 0.5687204003334045], [0.7568778991699219, 0.8203045725822449, 0.6057906746864319], [0.7635015249252319, 0.8493919372558594, 0.5589041113853455], [0.7236502170562744, 0.8483245372772217, 0.4266666769981384]], "s_pred_p_now": [[0.8563417196273804, 0.8418079018592834, 0.8685445785522461], [0.8258795738220215, 0.8219895362854004, 0.8291457295417786], [0.8328413963317871, 0.7987421154975891, 0.8614718317985535], [0.8178158402442932, 0.8193384408950806, 0.8165374398231506], [0.8433892130851746, 0.8455696105957031, 0.8415584564208984]], "backchannel": [[0.7617225050926208, 0.7617225050926208, 0.7617225050926208], [0.7629265785217285, 0.7817703485488892, 0.7376185655593872], [0.7544394731521606, 0.7696428298950195, 0.7340205907821655], [0.760063648223877, 0.771324872970581, 0.7449392676353455], [0.7763293385505676, 0.7911111116409302, 0.7564767003059387]], "short_long": [[0.5848199129104614, 0.1894736886024475, 0.7789473533630371], [0.6318359375, 0.37057220935821533, 0.7601246237754822], [0.5793516635894775, 0.45038166642189026, 0.6426799297332764], [0.5874228477478027, 0.20477814972400665, 0.7753133773803711], [0.5619003176689148, 0.08298755437135696, 0.7970615029335022]]}, "roddy_events": {"overlaps_before_p_now": [[0.5624918341636658, 0.7939913868904114, 0.12727272510528564], [0.5819379091262817, 0.7435294389724731, 0.2781457006931305], [0.5685442686080933, 0.7453703880310059, 0.2361111044883728], [0.5857922434806824, 0.7653758525848389, 0.24817518889904022], [0.5719601511955261, 0.7922077775001526, 0.15789473056793213]], "overlaps_before_p_future": [[0.6920058131217957, 0.7990314960479736, 0.4907975494861603], [0.6826894879341125, 0.8235294222831726, 0.41791045665740967], [0.677503764629364, 0.8251121044158936, 0.4000000059604645], [0.7066604495048523, 0.8039215803146362, 0.523809552192688], [0.7027594447135925, 0.8275862336158752, 0.4680851101875305]], "overlaps_after_p_now": [[0.6126213073730469, 0.7623529434204102, 0.33112582564353943], [0.5961905121803284, 0.7866666913032532, 0.2380952388048172], [0.6312463283538818, 0.7936508059501648, 0.32592591643333435], [0.612989068031311, 0.7703016400337219, 0.317241370677948], [0.5697230696678162, 0.783369779586792, 0.16806723177433014]], "overlaps_after_p_future": [[0.7188863158226013, 0.7989822030067444, 0.568306028842926], [0.7532051205635071, 0.8413461446762085, 0.5874999761581421], [0.7402503490447998, 0.8255528211593628, 0.5798816680908203], [0.7232800126075745, 0.826603353023529, 0.5290322303771973], [0.6955088376998901, 0.8264840245246887, 0.4492753744125366]], "overlap_spred_before_p_future": [[0.796728253364563, 0.8478260636329651, 0.7052631378173828], [0.7644060850143433, 0.8471177816390991, 0.6163522005081177], [0.7721304893493652, 0.8521303534507751, 0.6289308071136475], [0.7553778290748596, 0.8428927659988403, 0.5987260937690735], [0.8128571510314941, 0.8640000224113464, 0.7213114500045776]]}, "gap_0": {"gap_0_p_future": [[0.8508090376853943, 0.9117889404296875, 0.6372881531715393], [0.8377560377120972, 0.9019119143486023, 0.6131147742271423], [0.8617327213287354, 0.9144295454025269, 0.6772152185440063], [0.8396545052528381, 0.9051937460899353, 0.6101694703102112], [0.8484116792678833, 0.9131675362586975, 0.6216696500778198]], "gap_0_p_now": [[0.8316937685012817, 0.9013968706130981, 0.5876288414001465], [0.8285000324249268, 0.8985984921455383, 0.5830508470535278], [0.8244456052780151, 0.882914125919342, 0.6197183132171631], [0.8343170881271362, 0.9018151760101318, 0.5979729890823364], [0.8108621835708618, 0.9007936716079712, 0.4959677457809448]], "s_pred_p_now": [[0.9323387145996094, 0.9278350472450256, 0.936170220375061], [0.914654552936554, 0.9106239676475525, 0.9180834889411926], [0.9194692373275757, 0.914675772190094, 0.9235473871231079], [0.9049848318099976, 0.8998302221298218, 0.9093701839447021], [0.9162653684616089, 0.9127516746520996, 0.9192546606063843]], "s_pred_p_future": [[0.8792089223861694, 0.8756219148635864, 0.8822606205940247], [0.8630563020706177, 0.8604269027709961, 0.8652932047843933], [0.8921014666557312, 0.8862478733062744, 0.8970814347267151], [0.8678052425384521, 0.8668830990791321, 0.8685897588729858], [0.9001415967941284, 0.8973509669303894, 0.902515709400177]], "superset_p_future": [[0.8460699319839478, 0.9086595773696899, 0.6081424951553345], [0.8378124833106995, 0.9113485217094421, 0.5582733750343323], [0.8524290323257446, 0.913017749786377, 0.622107982635498], [0.8408350348472595, 0.9080223441123962, 0.5854304432868958], [0.8500092625617981, 0.9167391657829285, 0.5963431596755981]]}, "fast_shift": {}, "slow_shift": {}, "short_long": {}}, "bal_Accs": {"ekstedt_events": {"shift_hold_p_future_after": [0.8222585466093779, 0.7797169811320754, 0.8069166822342612, 0.8071501961516907, 0.7994068746497291], "shift_hold_p_future_before": [0.8100878012329535, 0.7554642256678498, 0.8056603773584906, 0.796403885671586, 0.7890388567158603], "s_pred_p_future": [0.8340841636633454, 0.7952353190587238, 0.8381386474454102, 0.8182637269450922, 0.8187142251430994], "shift_hold_p_now_after": [0.780973286007846, 0.7707500467027835, 0.8087194096768167, 0.7746543994022044, 0.7884270502521951], "shift_hold_p_now_before": [0.7223005791145152, 0.7109985055109285, 0.7355968615729498, 0.7312675135438071, 0.7214552587334204], "s_pred_p_now": [0.8548600805596778, 0.8301621793512826, 0.8260811956752172, 0.8248887004451981, 0.8511765952936188], "backchannel": [0.7653637976597768, 0.7847028305771203, 0.7450440569858583, 0.7722549540714345, 0.7903812033508764], "short_long": [0.5827702356819624, 0.589593955402666, 0.5798728423121813, 0.5638347973872269, 0.6061746217007596]}, "roddy_events": {"overlaps_before_p_now": [0.5193617021276596, 0.5369148936170213, 0.5592553191489361, 0.5573404255319149, 0.533936170212766], "overlaps_before_p_future": [0.651063829787234, 0.6728723404255319, 0.6676595744680851, 0.6578723404255319, 0.63], "overlaps_after_p_now": [0.5430851063829787, 0.5579787234042553, 0.5754255319148937, 0.5628723404255319, 0.5697872340425532], "overlaps_after_p_future": [0.6988297872340425, 0.7069148936170213, 0.7370212765957447, 0.7393617021276595, 0.7603191489361703], "overlap_spred_before_p_future": [0.8219553072625698, 0.7835474860335195, 0.7979608938547487, 0.746340782122905, 0.782513966480447]}, "gap_0": {"gap_0_p_future": [0.8228512170604776, 0.7787113028209337, 0.819228664859844, 0.8019506050311105, 0.7961878586606609],