{"f1_score": {"ekstedt_events": {"shift_hold_p_future_after": [[0.689754068851471, 0.8792341947555542, 0.0], [0.689754068851471, 0.8792341947555542, 0.0]], "shift_hold_p_future_before": [[0.689754068851471, 0.8792341947555542, 0.0], [0.689754068851471, 0.8792341947555542, 0.0]], "s_pred_p_future": [[0.42593079805374146, 0.07719298452138901, 0.7087486386299133], [0.3913336396217346, 0.0, 0.708695650100708]], "shift_hold_p_now_after": [[0.689754068851471, 0.8792341947555542, 0.0], [0.689754068851471, 0.8792341947555542, 0.0]], "shift_hold_p_now_before": [[0.689754068851471, 0.8792341947555542, 0.0], [0.689754068851471, 0.8792341947555542, 0.0]], "s_pred_p_now": [[0.424107164144516, 0.07665505260229111, 0.7058823704719543], [0.40456077456474304, 0.029197080060839653, 0.7089715600013733]], "backchannel": [[0.5279268026351929, 0.5372693538665771, 0.5090054869651794], [0.5724478363990784, 0.7645618915557861, 0.18336163461208344]], "short_long": [[0.4381464719772339, 0.0989583358168602, 0.7032589912414551], [0.44014889001846313, 0.10769230872392654, 0.699999988079071]]}, "roddy_events": {"overlaps_before_p_now": [[0.7040293216705322, 0.8857142925262451, 0.0], [0.7040293216705322, 0.8857142925262451, 0.0]], "overlaps_before_p_future": [[0.7040293216705322, 0.8857142925262451, 0.0], [0.7040293216705322, 0.8857142925262451, 0.0]], "overlaps_after_p_now": [[0.7040293216705322, 0.8857142925262451, 0.0], [0.7040293216705322, 0.8857142925262451, 0.0]], "overlaps_after_p_future": [[0.7040293216705322, 0.8857142925262451, 0.0], [0.7040293216705322, 0.8857142925262451, 0.0]], "overlap_spred_before_p_future": [[0.916016697883606, 0.9709091186523438, 0.0], [0.916016697883606, 0.9709091186523438, 0.0]]}, "gap_0": {"gap_0_p_future": [[0.8602596521377563, 0.9502798914909363, 0.0], [0.8602596521377563, 0.9502798914909363, 0.0]], "gap_0_p_now": [[0.8602596521377563, 0.9502798914909363, 0.0], [0.8602596521377563, 0.9502798914909363, 0.0]], "s_pred_p_now": [[0.3908191919326782, 0.0, 0.7100313305854797], [0.3908191919326782, 0.0, 0.7100313305854797]], "s_pred_p_future": [[0.41578370332717896, 0.06106870248913765, 0.7055068016052246], [0.3908191919326782, 0.0, 0.7100313305854797]], "superset_p_future": [[0.8675425052642822, 0.9530389308929443, 0.0], [0.8675425052642822, 0.9530389308929443, 0.0]]}, "fast_shift": {}, "slow_shift": {}, "short_long": {}}, "bal_Accs": {"ekstedt_events": {"shift_hold_p_future_after": [0.5523476120439597, 0.5467428606446869], "shift_hold_p_future_before": [0.5453461412754831, 0.5496741839277689], "s_pred_p_future": [0.5084815697781038, 0.5186250687694847], "shift_hold_p_now_after": [0.5, 0.5], "shift_hold_p_now_before": [0.5511755934142255, 0.5419526494259918], "s_pred_p_now": [0.5476114065651935, 0.5014212360168715], "backchannel": [0.48887236291048575, 0.5], "short_long": [0.4952670723461799, 0.5076233941852604]}, "roddy_events": {"overlaps_before_p_now": [0.5, 0.6290322580645161], "overlaps_before_p_future": [0.5090725806451613, 0.6290322580645161], "overlaps_after_p_now": [0.48689516129032256, 0.6602822580645161], "overlaps_after_p_future": [0.4788306451612903, 0.6602822580645161], "overlap_spred_before_p_future": [0.5, 0.6707631086142323]}, "gap_0": {"gap_0_p_future": [0.5080964816064154, 0.5511581372508525], "gap_0_p_now": [0.5039132357013152, 0.5525823837082116], "s_pred_p_now": [0.553767674959728, 0.4980400930732056], "s_pred_p_future": [0.5530755921484398, 0.5], "superset_p_future": [0.5029077438730163, 0.5477602531574111]}, "fast_shift": {}, "slow_shift": {}, "short_long": {}}}