{"f1_score": {"ekstedt_events": {"shift_hold_p_future_after": [[0.689754068851471, 0.8792341947555542, 0.0], [0.689754068851471, 0.8792341947555542, 0.0]], "shift_hold_p_future_before": [[0.689754068851471, 0.8792341947555542, 0.0], [0.689754068851471, 0.8792341947555542, 0.0]], "s_pred_p_future": [[0.5588281154632568, 0.4150943458080292, 0.6753926873207092], [0.46857231855392456, 0.18633539974689484, 0.6974595785140991]], "shift_hold_p_now_after": [[0.689754068851471, 0.8792341947555542, 0.0], [0.689754068851471, 0.8792341947555542, 0.0]], "shift_hold_p_now_before": [[0.689754068851471, 0.8792341947555542, 0.0], [0.689754068851471, 0.8792341947555542, 0.0]], "s_pred_p_now": [[0.5631768107414246, 0.43119266629219055, 0.6702127456665039], [0.555385947227478, 0.4149184226989746, 0.6693016886711121]], "backchannel": [[0.5032719373703003, 0.5286219120025635, 0.451930969953537], [0.5420116782188416, 0.729648232460022, 0.16199377179145813]], "short_long": [[0.4399084150791168, 0.10362694412469864, 0.7027491331100464], [0.4587724804878235, 0.14536340534687042, 0.703735888004303]]}, "roddy_events": {"overlaps_before_p_now": [[0.7040293216705322, 0.8857142925262451, 0.0], [0.7040293216705322, 0.8857142925262451, 0.0]], "overlaps_before_p_future": [[0.7040293216705322, 0.8857142925262451, 0.0], [0.7040293216705322, 0.8857142925262451, 0.0]], "overlaps_after_p_now": [[0.7040293216705322, 0.8857142925262451, 0.0], [0.7040293216705322, 0.8857142925262451, 0.0]], "overlaps_after_p_future": [[0.7040293216705322, 0.8857142925262451, 0.0], [0.7040293216705322, 0.8857142925262451, 0.0]], "overlap_spred_before_p_future": [[0.916016697883606, 0.9709091186523438, 0.0], [0.916016697883606, 0.9709091186523438, 0.0]]}, "gap_0": {"gap_0_p_future": [[0.8602596521377563, 0.9502798914909363, 0.0], [0.8602596521377563, 0.9502798914909363, 0.0]], "gap_0_p_now": [[0.8602596521377563, 0.9502798914909363, 0.0], [0.8602596521377563, 0.9502798914909363, 0.0]], "s_pred_p_now": [[0.4749203622341156, 0.19730941951274872, 0.7016666531562805], [0.3908191919326782, 0.0, 0.7100313305854797]], "s_pred_p_future": [[0.556625247001648, 0.42504119873046875, 0.6641001105308533], [0.39398106932640076, 0.010638297535479069, 0.7070866227149963]], "superset_p_future": [[0.8675425052642822, 0.9530389308929443, 0.0], [0.8675425052642822, 0.9530389308929443, 0.0]]}, "fast_shift": {}, "slow_shift": {}, "short_long": {}}, "bal_Accs": {"ekstedt_events": {"shift_hold_p_future_after": [0.5710539486048127, 0.5718940229603301], "shift_hold_p_future_before": [0.5746057523389304, 0.5784103444049515], "s_pred_p_future": [0.5587062167614157, 0.5697093343113881], "shift_hold_p_now_after": [0.5, 0.4994637823262655], "shift_hold_p_now_before": [0.5737682314009069, 0.5795159741798424], "s_pred_p_now": [0.5848386209426004, 0.5544883550339264], "backchannel": [0.4877085861155688, 0.5], "short_long": [0.4848884381338742, 0.5082657200811359]}, "roddy_events": {"overlaps_before_p_now": [0.5, 0.6915322580645161], "overlaps_before_p_future": [0.6794354838709677, 0.6915322580645161], "overlaps_after_p_now": [0.6643145161290323, 0.6834677419354839], "overlaps_after_p_future": [0.65625, 0.6995967741935484], "overlap_spred_before_p_future": [0.5, 0.7020131086142323]}, "gap_0": {"gap_0_p_future": [0.5549941179080251, 0.5749037371553928], "gap_0_p_now": [0.5547646474798793, 0.5755064794799893], "s_pred_p_now": [0.5866147604558201, 0.5401497524014081], "s_pred_p_future": [0.5806723942485532, 0.49828769166517506], "superset_p_future": [0.5514406325171788, 0.5797422995191246]}, "fast_shift": {}, "slow_shift": {}, "short_long": {}}}