{"f1_score": {"ekstedt_events": {"shift_hold_p_future_after": [[0.689754068851471, 0.8792341947555542, 0.0], [0.689754068851471, 0.8792341947555542, 0.0]], "shift_hold_p_future_before": [[0.689754068851471, 0.8792341947555542, 0.0], [0.689754068851471, 0.8792341947555542, 0.0]], "s_pred_p_future": [[0.4711627662181854, 0.1957186609506607, 0.6945412158966064], [0.40398475527763367, 0.0357142873108387, 0.7026431560516357]], "shift_hold_p_now_after": [[0.689754068851471, 0.8792341947555542, 0.0], [0.689754068851471, 0.8792341947555542, 0.0]], "shift_hold_p_now_before": [[0.689754068851471, 0.8792341947555542, 0.0], [0.689754068851471, 0.8792341947555542, 0.0]], "s_pred_p_now": [[0.47646859288215637, 0.21021020412445068, 0.6923976540565491], [0.4553338289260864, 0.16718266904354095, 0.6890173554420471]], "backchannel": [[0.5016437768936157, 0.5081967115402222, 0.4883720874786377], [0.5506259202957153, 0.7522037029266357, 0.14237287640571594]], "short_long": [[0.4374089241027832, 0.09870129823684692, 0.7021459341049194], [0.445063054561615, 0.11734694242477417, 0.7012090086936951]]}, "roddy_events": {"overlaps_before_p_now": [[0.7040293216705322, 0.8857142925262451, 0.0], [0.7040293216705322, 0.8857142925262451, 0.0]], "overlaps_before_p_future": [[0.7040293216705322, 0.8857142925262451, 0.0], [0.7040293216705322, 0.8857142925262451, 0.0]], "overlaps_after_p_now": [[0.7040293216705322, 0.8857142925262451, 0.0], [0.7040293216705322, 0.8857142925262451, 0.0]], "overlaps_after_p_future": [[0.7040293216705322, 0.8857142925262451, 0.0], [0.7040293216705322, 0.8857142925262451, 0.0]], "overlap_spred_before_p_future": [[0.916016697883606, 0.9709091186523438, 0.0], [0.916016697883606, 0.9709091186523438, 0.0]]}, "gap_0": {"gap_0_p_future": [[0.8602596521377563, 0.9502798914909363, 0.0], [0.8602596521377563, 0.9502798914909363, 0.0]], "gap_0_p_now": [[0.8602596521377563, 0.9502798914909363, 0.0], [0.8602596521377563, 0.9502798914909363, 0.0]], "s_pred_p_now": [[0.4069071114063263, 0.04591836780309677, 0.7017543911933899], [0.3908191919326782, 0.0, 0.7100313305854797]], "s_pred_p_future": [[0.5085570812225342, 0.28105905652046204, 0.694372296333313], [0.3908191919326782, 0.0, 0.7100313305854797]], "superset_p_future": [[0.8675425052642822, 0.9530389308929443, 0.0], [0.8675425052642822, 0.9530389308929443, 0.0]]}, "fast_shift": {}, "slow_shift": {}, "short_long": {}}, "bal_Accs": {"ekstedt_events": {"shift_hold_p_future_after": [0.5681073048167667, 0.5582281325325815], "shift_hold_p_future_before": [0.5762322792825918, 0.5654645177105038], "s_pred_p_future": [0.5159430588666789, 0.5525971942050247], "shift_hold_p_now_after": [0.5, 0.5], "shift_hold_p_now_before": [0.5760816276504473, 0.557206765534992], "s_pred_p_now": [0.5709242618741976, 0.505020172382175], "backchannel": [0.4865735123357731, 0.5], "short_long": [0.49839418526031104, 0.5105645706558486]}, "roddy_events": {"overlaps_before_p_now": [0.5, 0.7469758064516129], "overlaps_before_p_future": [0.49495967741935487, 0.7469758064516129], "overlaps_after_p_now": [0.5443548387096774, 0.7389112903225806], "overlaps_after_p_future": [0.5362903225806451, 0.7469758064516129], "overlap_spred_before_p_future": [0.5, 0.742626404494382]}, "gap_0": {"gap_0_p_future": [0.5397274503234768, 0.5668990437202358], "gap_0_p_now": [0.5341589679338024, 0.5691830393817149], "s_pred_p_now": [0.5704492572042241, 0.5043225344549848], "s_pred_p_future": [0.559936757950003, 0.5], "superset_p_future": [0.5281847299987321, 0.5664766701717898]}, "fast_shift": {}, "slow_shift": {}, "short_long": {}}}