{"f1_score": {"ekstedt_events": {"shift_hold_p_future_after": [[0.689754068851471, 0.8792341947555542, 0.0], [0.689754068851471, 0.8792341947555542, 0.0]], "shift_hold_p_future_before": [[0.6891061067581177, 0.8784082531929016, 0.0], [0.689754068851471, 0.8792341947555542, 0.0]], "s_pred_p_future": [[0.5518892407417297, 0.48343080282211304, 0.6074073910713196], [0.5532411932945251, 0.4112149477005005, 0.6684210300445557]], "shift_hold_p_now_after": [[0.6891061067581177, 0.8784082531929016, 0.0], [0.689754068851471, 0.8792341947555542, 0.0]], "shift_hold_p_now_before": [[0.68878173828125, 0.8779948353767395, 0.0], [0.689754068851471, 0.8792341947555542, 0.0]], "s_pred_p_now": [[0.5526193380355835, 0.489402711391449, 0.6038864254951477], [0.5586532354354858, 0.4912280738353729, 0.6133333444595337]], "backchannel": [[0.5801602005958557, 0.7059465646743774, 0.3254067599773407], [0.5665209293365479, 0.7365208268165588, 0.2222222238779068]], "short_long": [[0.4619467854499817, 0.15037593245506287, 0.7054734826087952], [0.46058183908462524, 0.17633411288261414, 0.6827524304389954]]}, "roddy_events": {"overlaps_before_p_now": [[0.7040293216705322, 0.8857142925262451, 0.0], [0.7040293216705322, 0.8857142925262451, 0.0]], "overlaps_before_p_future": [[0.7040293216705322, 0.8857142925262451, 0.0], [0.7040293216705322, 0.8857142925262451, 0.0]], "overlaps_after_p_now": [[0.7040293216705322, 0.8857142925262451, 0.0], [0.7040293216705322, 0.8857142925262451, 0.0]], "overlaps_after_p_future": [[0.7040293216705322, 0.8857142925262451, 0.0], [0.7040293216705322, 0.8857142925262451, 0.0]], "overlap_spred_before_p_future": [[0.916016697883606, 0.9709091186523438, 0.0], [0.916016697883606, 0.9709091186523438, 0.0]]}, "gap_0": {"gap_0_p_future": [[0.8602596521377563, 0.9502798914909363, 0.0], [0.8602596521377563, 0.9502798914909363, 0.0]], "gap_0_p_now": [[0.8602596521377563, 0.9502798914909363, 0.0], [0.8602596521377563, 0.9502798914909363, 0.0]], "s_pred_p_now": [[0.5506448745727539, 0.4481707215309143, 0.6343434453010559], [0.4294164180755615, 0.08977556228637695, 0.7068272829055786]], "s_pred_p_future": [[0.5820170044898987, 0.5351351499557495, 0.620309054851532], [0.45616111159324646, 0.15420560538768768, 0.7027914524078369]], "superset_p_future": [[0.8675425052642822, 0.9530389308929443, 0.0], [0.8675425052642822, 0.9530389308929443, 0.0]]}, "fast_shift": {}, "slow_shift": {}, "short_long": {}}, "bal_Accs": {"ekstedt_events": {"shift_hold_p_future_after": [0.585526718960657, 0.5828481840094784], "shift_hold_p_future_before": [0.5827128528822977, 0.589632614290967], "s_pred_p_future": [0.5455827067669172, 0.575497432605905], "shift_hold_p_now_after": [0.503717775871226, 0.5141357192466397], "shift_hold_p_now_before": [0.5832490705560323, 0.5863157249662949], "s_pred_p_now": [0.5826036126902623, 0.5523908857509627], "backchannel": [0.5183412266624917, 0.5], "short_long": [0.49017917511832315, 0.5085868830290737]}, "roddy_events": {"overlaps_before_p_now": [0.5, 0.6673387096774194], "overlaps_before_p_future": [0.719758064516129, 0.6754032258064516], "overlaps_after_p_now": [0.6965725806451613, 0.6592741935483871], "overlaps_after_p_future": [0.6965725806451613, 0.6673387096774194], "overlap_spred_before_p_future": [0.5, 0.6945224719101124]}, "gap_0": {"gap_0_p_future": [0.5663467848898313, 0.5825259798769733], "gap_0_p_now": [0.5648582867125913, 0.5828464735749503], "s_pred_p_now": [0.5760933118549012, 0.5584720482071476], "s_pred_p_future": [0.5788884911401468, 0.5170007756100472], "superset_p_future": [0.5688776870308798, 0.5897789442604765]}, "fast_shift": {}, "slow_shift": {}, "short_long": {}}}