{"f1_score": {"ekstedt_events": {"shift_hold_p_future_after": [[0.689754068851471, 0.8792341947555542, 0.0], [0.689754068851471, 0.8792341947555542, 0.0]], "shift_hold_p_future_before": [[0.689754068851471, 0.8792341947555542, 0.0], [0.689754068851471, 0.8792341947555542, 0.0]], "s_pred_p_future": [[0.5352405905723572, 0.41484716534614563, 0.6328766942024231], [0.5204588770866394, 0.3298968970775604, 0.675000011920929]], "shift_hold_p_now_after": [[0.689754068851471, 0.8792341947555542, 0.0], [0.689754068851471, 0.8792341947555542, 0.0]], "shift_hold_p_now_before": [[0.689754068851471, 0.8792341947555542, 0.0], [0.689754068851471, 0.8792341947555542, 0.0]], "s_pred_p_now": [[0.5410165786743164, 0.43551796674728394, 0.6265734434127808], [0.5570084452629089, 0.4637681245803833, 0.632624089717865]], "backchannel": [[0.5168833136558533, 0.5704917907714844, 0.40831074118614197], [0.553512692451477, 0.7209062576293945, 0.21449275314807892]], "short_long": [[0.44810324907302856, 0.11855670064687729, 0.7056798338890076], [0.4571879804134369, 0.14463840425014496, 0.7014795541763306]]}, "roddy_events": {"overlaps_before_p_now": [[0.7040293216705322, 0.8857142925262451, 0.0], [0.7040293216705322, 0.8857142925262451, 0.0]], "overlaps_before_p_future": [[0.7040293216705322, 0.8857142925262451, 0.0], [0.7040293216705322, 0.8857142925262451, 0.0]], "overlaps_after_p_now": [[0.7040293216705322, 0.8857142925262451, 0.0], [0.7040293216705322, 0.8857142925262451, 0.0]], "overlaps_after_p_future": [[0.7040293216705322, 0.8857142925262451, 0.0], [0.7040293216705322, 0.8857142925262451, 0.0]], "overlap_spred_before_p_future": [[0.916016697883606, 0.9709091186523438, 0.0], [0.916016697883606, 0.9709091186523438, 0.0]]}, "gap_0": {"gap_0_p_future": [[0.8602596521377563, 0.9502798914909363, 0.0], [0.8602596521377563, 0.9502798914909363, 0.0]], "gap_0_p_now": [[0.8602596521377563, 0.9502798914909363, 0.0], [0.8602596521377563, 0.9502798914909363, 0.0]], "s_pred_p_now": [[0.4944743514060974, 0.27218934893608093, 0.6760315895080566], [0.39283329248428345, 0.010582010261714458, 0.7050473093986511]], "s_pred_p_future": [[0.564683198928833, 0.4714714586734772, 0.640816330909729], [0.40804073214530945, 0.041558440774679184, 0.7073751091957092]], "superset_p_future": [[0.8675425052642822, 0.9530389308929443, 0.0], [0.8675425052642822, 0.9530389308929443, 0.0]]}, "fast_shift": {}, "slow_shift": {}, "short_long": {}}, "bal_Accs": {"ekstedt_events": {"shift_hold_p_future_after": [0.5883405850390162, 0.5778562528087592], "shift_hold_p_future_before": [0.5866323487355476, 0.5804862728275524], "s_pred_p_future": [0.5307055749128919, 0.5739730423620026], "shift_hold_p_now_after": [0.5, 0.49812323814192916], "shift_hold_p_now_before": [0.588843608285329, 0.5777056011766148], "s_pred_p_now": [0.5867183201907207, 0.5504653401797176], "backchannel": [0.49226323274231215, 0.5], "short_long": [0.4780933062880325, 0.5053245436105477]}, "roddy_events": {"overlaps_before_p_now": [0.5, 0.6834677419354839], "overlaps_before_p_future": [0.6955645161290323, 0.6915322580645161], "overlaps_after_p_now": [0.7278225806451613, 0.6834677419354839], "overlaps_after_p_future": [0.7278225806451613, 0.6995967741935484], "overlap_spred_before_p_future": [0.5, 0.6814138576779026]}, "gap_0": {"gap_0_p_future": [0.5559410658748407, 0.5735292092907986], "gap_0_p_now": [0.5587398401967938, 0.5743117034507763], "s_pred_p_now": [0.5905763379273313, 0.5709325219258994], "s_pred_p_future": [0.5799713620905673, 0.5030845414951375], "superset_p_future": [0.5642582273694416, 0.583218599166387]}, "fast_shift": {}, "slow_shift": {}, "short_long": {}}}