{"f1_score": {"ekstedt_events": {"shift_hold_p_future_after": [[0.689754068851471, 0.8792341947555542, 0.0], [0.689754068851471, 0.8792341947555542, 0.0]], "shift_hold_p_future_before": [[0.689754068851471, 0.8792341947555542, 0.0], [0.689754068851471, 0.8792341947555542, 0.0]], "s_pred_p_future": [[0.568818211555481, 0.48472505807876587, 0.6370157599449158], [0.5314860343933105, 0.3658536672592163, 0.6658097505569458]], "shift_hold_p_now_after": [[0.689754068851471, 0.8792341947555542, 0.0], [0.689754068851471, 0.8792341947555542, 0.0]], "shift_hold_p_now_before": [[0.689754068851471, 0.8792341947555542, 0.0], [0.689754068851471, 0.8792341947555542, 0.0]], "s_pred_p_now": [[0.5701903104782104, 0.49298596382141113, 0.6328011751174927], [0.5615066289901733, 0.4911591410636902, 0.6185566782951355]], "backchannel": [[0.5484519600868225, 0.6354354619979858, 0.3722854256629944], [0.5502176880836487, 0.7188465595245361, 0.208695650100708]], "short_long": [[0.4546862244606018, 0.13265305757522583, 0.7063903212547302], [0.46103233098983765, 0.1568627506494522, 0.6987740993499756]]}, "roddy_events": {"overlaps_before_p_now": [[0.7040293216705322, 0.8857142925262451, 0.0], [0.7040293216705322, 0.8857142925262451, 0.0]], "overlaps_before_p_future": [[0.7040293216705322, 0.8857142925262451, 0.0], [0.7040293216705322, 0.8857142925262451, 0.0]], "overlaps_after_p_now": [[0.7040293216705322, 0.8857142925262451, 0.0], [0.7040293216705322, 0.8857142925262451, 0.0]], "overlaps_after_p_future": [[0.7040293216705322, 0.8857142925262451, 0.0], [0.7040293216705322, 0.8857142925262451, 0.0]], "overlap_spred_before_p_future": [[0.916016697883606, 0.9709091186523438, 0.0], [0.916016697883606, 0.9709091186523438, 0.0]]}, "gap_0": {"gap_0_p_future": [[0.8602596521377563, 0.9502798914909363, 0.0], [0.8602596521377563, 0.9502798914909363, 0.0]], "gap_0_p_now": [[0.8602596521377563, 0.9502798914909363, 0.0], [0.8602596521377563, 0.9502798914909363, 0.0]], "s_pred_p_now": [[0.5292786955833435, 0.3702422082424164, 0.6591760516166687], [0.4138828217983246, 0.05626598373055458, 0.7059760689735413]], "s_pred_p_future": [[0.5715669393539429, 0.5, 0.6300211548805237], [0.43776530027389526, 0.10810811072587967, 0.7070217728614807]], "superset_p_future": [[0.8675425052642822, 0.9530389308929443, 0.0], [0.8675425052642822, 0.9530389308929443, 0.0]]}, "fast_shift": {}, "slow_shift": {}, "short_long": {}}, "bal_Accs": {"ekstedt_events": {"shift_hold_p_future_after": [0.5849905012869224, 0.5817425542345875], "shift_hold_p_future_before": [0.5821766352085631, 0.5902020263921233], "s_pred_p_future": [0.5620988446726572, 0.5717380341096645], "shift_hold_p_now_after": [0.501675041876047, 0.5005515381786984], "shift_hold_p_now_before": [0.5831316133513094, 0.5843725742533807], "s_pred_p_now": [0.5701563359618558, 0.5550843572345499], "backchannel": [0.4956684540816992, 0.5], "short_long": [0.47662271805273837, 0.5056457065584855]}, "roddy_events": {"overlaps_before_p_now": [0.5, 0.6754032258064516], "overlaps_before_p_future": [0.6643145161290323, 0.6834677419354839], "overlaps_after_p_now": [0.6804435483870968, 0.6673387096774194], "overlaps_after_p_future": [0.6804435483870968, 0.6834677419354839], "overlap_spred_before_p_future": [0.5, 0.6851591760299626]}, "gap_0": {"gap_0_p_future": [0.5627678111121819, 0.5793944734342085], "gap_0_p_now": [0.5611255677480843, 0.5765192089695401], "s_pred_p_now": [0.593774237813973, 0.5493526639222004], "s_pred_p_future": [0.5722450927748941, 0.5131734383390013], "superset_p_future": [0.5649255747498512, 0.585319880948274]}, "fast_shift": {}, "slow_shift": {}, "short_long": {}}}