{"f1_score": {"ekstedt_events": {"shift_hold_p_future_after": [[0.689754068851471, 0.8792341947555542, 0.0], [0.689754068851471, 0.8792341947555542, 0.0]], "shift_hold_p_future_before": [[0.689754068851471, 0.8792341947555542, 0.0], [0.689754068851471, 0.8792341947555542, 0.0]], "s_pred_p_future": [[0.4084685742855072, 0.04912280663847923, 0.6998892426490784], [0.392880380153656, 0.0, 0.7114967703819275]], "shift_hold_p_now_after": [[0.689754068851471, 0.8792341947555542, 0.0], [0.689754068851471, 0.8792341947555542, 0.0]], "shift_hold_p_now_before": [[0.689754068851471, 0.8792341947555542, 0.0], [0.689754068851471, 0.8792341947555542, 0.0]], "s_pred_p_now": [[0.4119516909122467, 0.0559440553188324, 0.7006651759147644], [0.39926597476005554, 0.02181818149983883, 0.7053669095039368]], "backchannel": [[0.5203977227210999, 0.5298892855644226, 0.5011746287345886], [0.552767276763916, 0.7612590789794922, 0.13051146268844604]], "short_long": [[0.4374089241027832, 0.09870129823684692, 0.7021459341049194], [0.4408988356590271, 0.10796914994716644, 0.7011197209358215]]}, "roddy_events": {"overlaps_before_p_now": [[0.7040293216705322, 0.8857142925262451, 0.0], [0.7040293216705322, 0.8857142925262451, 0.0]], "overlaps_before_p_future": [[0.7040293216705322, 0.8857142925262451, 0.0], [0.7040293216705322, 0.8857142925262451, 0.0]], "overlaps_after_p_now": [[0.7040293216705322, 0.8857142925262451, 0.0], [0.7040293216705322, 0.8857142925262451, 0.0]], "overlaps_after_p_future": [[0.7040293216705322, 0.8857142925262451, 0.0], [0.7040293216705322, 0.8857142925262451, 0.0]], "overlap_spred_before_p_future": [[0.916016697883606, 0.9709091186523438, 0.0], [0.916016697883606, 0.9709091186523438, 0.0]]}, "gap_0": {"gap_0_p_future": [[0.8602596521377563, 0.9502798914909363, 0.0], [0.8602596521377563, 0.9502798914909363, 0.0]], "gap_0_p_now": [[0.8602596521377563, 0.9502798914909363, 0.0], [0.8602596521377563, 0.9502798914909363, 0.0]], "s_pred_p_now": [[0.3935492932796478, 0.005390835460275412, 0.7105882167816162], [0.3908191919326782, 0.0, 0.7100313305854797]], "s_pred_p_future": [[0.43776530027389526, 0.10810811072587967, 0.7070217728614807], [0.3908191919326782, 0.0, 0.7100313305854797]], "superset_p_future": [[0.8675425052642822, 0.9530389308929443, 0.0], [0.8675425052642822, 0.9530389308929443, 0.0]]}, "fast_shift": {}, "slow_shift": {}, "short_long": {}}, "bal_Accs": {"ekstedt_events": {"shift_hold_p_future_after": [0.5640218368264085, 0.5556874821260775], "shift_hold_p_future_before": [0.5610241246884831, 0.5626557584671324], "s_pred_p_future": [0.4948652118100128, 0.5499724922061251], "shift_hold_p_now_after": [0.5, 0.5], "shift_hold_p_now_before": [0.5636541447072763, 0.5592392858601953], "s_pred_p_now": [0.5587864478268842, 0.49649275628094625], "backchannel": [0.4865735123357731, 0.5], "short_long": [0.5019776876267749, 0.5102434077079108]}, "roddy_events": {"overlaps_before_p_now": [0.5, 0.6764112903225806], "overlaps_before_p_future": [0.5161290322580645, 0.6764112903225806], "overlaps_after_p_now": [0.5806451612903226, 0.6522177419354839], "overlaps_after_p_future": [0.5806451612903226, 0.6683467741935484], "overlap_spred_before_p_future": [0.5, 0.680126404494382]}, "gap_0": {"gap_0_p_future": [0.5110352328895376, 0.5608983920242199], "gap_0_p_now": [0.5018212302980515, 0.5607568852601965], "s_pred_p_now": [0.5703448481594178, 0.5013513513513513], "s_pred_p_future": [0.5452150826323012, 0.5], "superset_p_future": [0.4987484156380168, 0.5624846828206997]}, "fast_shift": {}, "slow_shift": {}, "short_long": {}}}