{"f1_score": {"ekstedt_events": {"shift_hold_p_future_after": [[0.689754068851471, 0.8792341947555542, 0.0], [0.689754068851471, 0.8792341947555542, 0.0]], "shift_hold_p_future_before": [[0.689754068851471, 0.8792341947555542, 0.0], [0.689754068851471, 0.8792341947555542, 0.0]], "s_pred_p_future": [[0.424107164144516, 0.07665505260229111, 0.7058823704719543], [0.4041512608528137, 0.022304832935333252, 0.7138193845748901]], "shift_hold_p_now_after": [[0.689754068851471, 0.8792341947555542, 0.0], [0.689754068851471, 0.8792341947555542, 0.0]], "shift_hold_p_now_before": [[0.689754068851471, 0.8792341947555542, 0.0], [0.689754068851471, 0.8792341947555542, 0.0]], "s_pred_p_now": [[0.43768441677093506, 0.10309278219938278, 0.7090300917625427], [0.41627052426338196, 0.050724636763334274, 0.7127193212509155]], "backchannel": [[0.5275806188583374, 0.545976996421814, 0.4903225898742676], [0.5561453104019165, 0.7565982341766357, 0.15017065405845642]], "short_long": [[0.4381464719772339, 0.0989583358168602, 0.7032589912414551], [0.4408988356590271, 0.10796914994716644, 0.7011197209358215]]}, "roddy_events": {"overlaps_before_p_now": [[0.7040293216705322, 0.8857142925262451, 0.0], [0.7040293216705322, 0.8857142925262451, 0.0]], "overlaps_before_p_future": [[0.7040293216705322, 0.8857142925262451, 0.0], [0.7040293216705322, 0.8857142925262451, 0.0]], "overlaps_after_p_now": [[0.7040293216705322, 0.8857142925262451, 0.0], [0.7040293216705322, 0.8857142925262451, 0.0]], "overlaps_after_p_future": [[0.7040293216705322, 0.8857142925262451, 0.0], [0.7040293216705322, 0.8857142925262451, 0.0]], "overlap_spred_before_p_future": [[0.916016697883606, 0.9709091186523438, 0.0], [0.916016697883606, 0.9709091186523438, 0.0]]}, "gap_0": {"gap_0_p_future": [[0.8602596521377563, 0.9502798914909363, 0.0], [0.8602596521377563, 0.9502798914909363, 0.0]], "gap_0_p_now": [[0.8602596521377563, 0.9502798914909363, 0.0], [0.8602596521377563, 0.9502798914909363, 0.0]], "s_pred_p_now": [[0.411705881357193, 0.042216360569000244, 0.7134964466094971], [0.3908191919326782, 0.0, 0.7100313305854797]], "s_pred_p_future": [[0.4467884302139282, 0.12980769574642181, 0.7056910395622253], [0.3908191919326782, 0.0, 0.7100313305854797]], "superset_p_future": [[0.8675425052642822, 0.9530389308929443, 0.0], [0.8675425052642822, 0.9530389308929443, 0.0]]}, "fast_shift": {}, "slow_shift": {}, "short_long": {}}, "bal_Accs": {"ekstedt_events": {"shift_hold_p_future_after": [0.5421620296604976, 0.5587030681864608], "shift_hold_p_future_before": [0.5411074682354864, 0.5622038035706991], "s_pred_p_future": [0.5054327892902989, 0.5533765816981477], "shift_hold_p_now_after": [0.5, 0.5], "shift_hold_p_now_before": [0.5426318584793888, 0.5540635085999102], "s_pred_p_now": [0.5380066018705301, 0.5085847240051348], "backchannel": [0.48887236291048575, 0.5], "short_long": [0.4964164976335362, 0.5061528059499663]}, "roddy_events": {"overlaps_before_p_now": [0.5, 0.6058467741935484], "overlaps_before_p_future": [0.5090725806451613, 0.6139112903225806], "overlaps_after_p_now": [0.5413306451612904, 0.5977822580645161], "overlaps_after_p_future": [0.5574596774193549, 0.6139112903225806], "overlap_spred_before_p_future": [0.5, 0.6307350187265918]}, "gap_0": {"gap_0_p_future": [0.5226617345822644, 0.5767999277933052], "gap_0_p_now": [0.5201214969426889, 0.5789814266635458], "s_pred_p_now": [0.5553666249030488, 0.5013513513513513], "s_pred_p_future": [0.5417695841536901, 0.5], "superset_p_future": [0.515453605804018, 0.5735350056071518]}, "fast_shift": {}, "slow_shift": {}, "short_long": {}}}