{"f1_score": {"ekstedt_events": {"shift_hold_p_future_after": [[0.6891061067581177, 0.8784082531929016, 0.0], [0.689754068851471, 0.8792341947555542, 0.0]], "shift_hold_p_future_before": [[0.6886894106864929, 0.8762467503547668, 0.005934718064963818], [0.689754068851471, 0.8792341947555542, 0.0]], "s_pred_p_future": [[0.5679296851158142, 0.5249537825584412, 0.6027820706367493], [0.5476770997047424, 0.4118993282318115, 0.6577895879745483]], "shift_hold_p_now_after": [[0.68878173828125, 0.8779948353767395, 0.0], [0.689754068851471, 0.8792341947555542, 0.0]], "shift_hold_p_now_before": [[0.6880300045013428, 0.8754159212112427, 0.005899704992771149], [0.689754068851471, 0.8792341947555542, 0.0]], "s_pred_p_now": [[0.5664892196655273, 0.5274725556373596, 0.5981308221817017], [0.5682787299156189, 0.4990176856517792, 0.6244477033615112]], "backchannel": [[0.570422887802124, 0.7461035847663879, 0.214618980884552], [0.5730002522468567, 0.7441860437393188, 0.2262996882200241]], "short_long": [[0.4846946597099304, 0.20143884420394897, 0.7060900330543518], [0.4492177963256836, 0.1741071492433548, 0.6642467975616455]]}, "roddy_events": {"overlaps_before_p_now": [[0.7040293216705322, 0.8857142925262451, 0.0], [0.7040293216705322, 0.8857142925262451, 0.0]], "overlaps_before_p_future": [[0.7040293216705322, 0.8857142925262451, 0.0], [0.7040293216705322, 0.8857142925262451, 0.0]], "overlaps_after_p_now": [[0.7040293216705322, 0.8857142925262451, 0.0], [0.7040293216705322, 0.8857142925262451, 0.0]], "overlaps_after_p_future": [[0.7040293216705322, 0.8857142925262451, 0.0], [0.7040293216705322, 0.8857142925262451, 0.0]], "overlap_spred_before_p_future": [[0.916016697883606, 0.9709091186523438, 0.0], [0.916016697883606, 0.9709091186523438, 0.0]]}, "gap_0": {"gap_0_p_future": [[0.8602596521377563, 0.9502798914909363, 0.0], [0.8602596521377563, 0.9502798914909363, 0.0]], "gap_0_p_now": [[0.8602596521377563, 0.9502798914909363, 0.0], [0.8602596521377563, 0.9502798914909363, 0.0]], "s_pred_p_now": [[0.5674828290939331, 0.5, 0.6226012706756592], [0.440440833568573, 0.11650485545396805, 0.7050243020057678]], "s_pred_p_future": [[0.5782344341278076, 0.5549871921539307, 0.5972222089767456], [0.4655241370201111, 0.18058690428733826, 0.6982543468475342]], "superset_p_future": [[0.8675425052642822, 0.9530389308929443, 0.0], [0.8675425052642822, 0.9530389308929443, 0.0]]}, "fast_shift": {}, "slow_shift": {}, "short_long": {}}, "bal_Accs": {"ekstedt_events": {"shift_hold_p_future_after": [0.5769165951709768, 0.590319483596846], "shift_hold_p_future_before": [0.5781396821505904, 0.594742002696409], "s_pred_p_future": [0.5641733907940583, 0.5823056115899505], "shift_hold_p_now_after": [0.5052396126976345, 0.5218572537484168], "shift_hold_p_now_before": [0.5806190505372391, 0.5899007231278344], "s_pred_p_now": [0.577675132954337, 0.5618925362185953], "backchannel": [0.540942241705481, 0.5], "short_long": [0.4821331981068289, 0.5074374577417173]}, "roddy_events": {"overlaps_before_p_now": [0.5080645161290323, 0.6280241935483871], "overlaps_before_p_future": [0.6965725806451613, 0.6360887096774194], "overlaps_after_p_now": [0.6965725806451613, 0.6280241935483871], "overlaps_after_p_future": [0.6965725806451613, 0.6360887096774194], "overlap_spred_before_p_future": [0.5, 0.6632724719101124]}, "gap_0": {"gap_0_p_future": [0.5675124946648126, 0.5887507476911451], "gap_0_p_now": [0.5717225121198631, 0.5884294890917408], "s_pred_p_now": [0.5854394129228566, 0.5635164966290794], "s_pred_p_future": [0.5897201837599189, 0.5176302129944514], "superset_p_future": [0.5740318758621864, 0.5929030887946125]}, "fast_shift": {}, "slow_shift": {}, "short_long": {}}}