{"f1_score": {"ekstedt_events": {"shift_hold_p_future_after": [[0.689754068851471, 0.8792341947555542, 0.0], [0.689754068851471, 0.8792341947555542, 0.0], [0.689754068851471, 0.8792341947555542, 0.0], [0.689754068851471, 0.8792341947555542, 0.0]], "shift_hold_p_future_before": [[0.689754068851471, 0.8792341947555542, 0.0], [0.689754068851471, 0.8792341947555542, 0.0], [0.689754068851471, 0.8792341947555542, 0.0], [0.689754068851471, 0.8792341947555542, 0.0]], "s_pred_p_future": [[0.3921078145503998, 0.0, 0.7100977301597595], [0.392880380153656, 0.0, 0.7114967703819275], [0.392880380153656, 0.0, 0.7114967703819275], [0.392880380153656, 0.0, 0.7114967703819275]], "shift_hold_p_now_after": [[0.689754068851471, 0.8792341947555542, 0.0], [0.689754068851471, 0.8792341947555542, 0.0], [0.689754068851471, 0.8792341947555542, 0.0], [0.689754068851471, 0.8792341947555542, 0.0]], "shift_hold_p_now_before": [[0.689754068851471, 0.8792341947555542, 0.0], [0.689754068851471, 0.8792341947555542, 0.0], [0.689754068851471, 0.8792341947555542, 0.0], [0.689754068851471, 0.8792341947555542, 0.0]], "s_pred_p_now": [[0.3921078145503998, 0.0, 0.7100977301597595], [0.392880380153656, 0.0, 0.7114967703819275], [0.392880380153656, 0.0, 0.7114967703819275], [0.392880380153656, 0.0, 0.7114967703819275]], "backchannel": [[0.20429840683937073, 0.06263498961925507, 0.4912075102329254], [0.5476356744766235, 0.6244621872901917, 0.39203980565071106], [0.26300472021102905, 0.14882773160934448, 0.4942459166049957], [0.344279021024704, 0.26865673065185547, 0.49743589758872986]], "short_long": [[0.43136924505233765, 0.06648199260234833, 0.7165685296058655], [0.43136924505233765, 0.06648199260234833, 0.7165685296058655], [0.4403381049633026, 0.09139785170555115, 0.7130730152130127], [0.43136924505233765, 0.06648199260234833, 0.7165685296058655]]}, "roddy_events": {"overlaps_before_p_now": [[0.7040293216705322, 0.8857142925262451, 0.0], [0.7040293216705322, 0.8857142925262451, 0.0], [0.7040293216705322, 0.8857142925262451, 0.0], [0.7040293216705322, 0.8857142925262451, 0.0]], "overlaps_before_p_future": [[0.7040293216705322, 0.8857142925262451, 0.0], [0.7040293216705322, 0.8857142925262451, 0.0], [0.7040293216705322, 0.8857142925262451, 0.0], [0.7040293216705322, 0.8857142925262451, 0.0]], "overlaps_after_p_now": [[0.7040293216705322, 0.8857142925262451, 0.0], [0.7040293216705322, 0.8857142925262451, 0.0], [0.7040293216705322, 0.8857142925262451, 0.0], [0.7040293216705322, 0.8857142925262451, 0.0]], "overlaps_after_p_future": [[0.7040293216705322, 0.8857142925262451, 0.0], [0.7040293216705322, 0.8857142925262451, 0.0], [0.7040293216705322, 0.8857142925262451, 0.0], [0.7040293216705322, 0.8857142925262451, 0.0]], "overlap_spred_before_p_future": [[0.916016697883606, 0.9709091186523438, 0.0], [0.916016697883606, 0.9709091186523438, 0.0], [0.916016697883606, 0.9709091186523438, 0.0], [0.916016697883606, 0.9709091186523438, 0.0]]}, "gap_0": {"gap_0_p_future": [[0.8602596521377563, 0.9502798914909363, 0.0], [0.8602596521377563, 0.9502798914909363, 0.0], [0.8602596521377563, 0.9502798914909363, 0.0], [0.8602596521377563, 0.9502798914909363, 0.0]], "gap_0_p_now": [[0.8602596521377563, 0.9502798914909363, 0.0], [0.8602596521377563, 0.9502798914909363, 0.0], [0.8602596521377563, 0.9502798914909363, 0.0], [0.8602596521377563, 0.9502798914909363, 0.0]], "s_pred_p_now": [[0.39026230573654175, 0.0, 0.7090196013450623], [0.3908191919326782, 0.0, 0.7100313305854797], [0.3908191919326782, 0.0, 0.7100313305854797], [0.3908191919326782, 0.0, 0.7100313305854797]], "s_pred_p_future": [[0.39026230573654175, 0.0, 0.7090196013450623], [0.3908191919326782, 0.0, 0.7100313305854797], [0.3908191919326782, 0.0, 0.7100313305854797], [0.3908191919326782, 0.0, 0.7100313305854797]], "superset_p_future": [[0.8675425052642822, 0.9530389308929443, 0.0], [0.8675425052642822, 0.9530389308929443, 0.0], [0.8675425052642822, 0.9530389308929443, 0.0], [0.8675425052642822, 0.9530389308929443, 0.0]]}, "fast_shift": {}, "slow_shift": {}, "short_long": {}}, "bal_Accs": {"ekstedt_events": {"shift_hold_p_future_after": [0.49683120888997834, 0.5004187604690117, 0.5, 0.4844190464517711], "shift_hold_p_future_before": [0.5073334150426931, 0.5, 0.5, 0.47302314417616537], "s_pred_p_future": [0.5020630845406199, 0.5, 0.5, 0.49893407298734643], "shift_hold_p_now_after": [0.4974976508559056, 0.5, 0.5, 0.48567532785880624], "shift_hold_p_now_before": [0.49889181680761535, 0.5004187604690117, 0.5, 0.477563120480451], "s_pred_p_now": [0.5045617091509261, 0.5, 0.5, 0.5009169264624976], "backchannel": [0.4980677652093363, 0.4987357626521586, 0.4963077485094002, 0.4987357626521586], "short_long": [0.5084347532116295, 0.5100405679513185, 0.5073022312373225, 0.5073022312373225]}, "roddy_events": {"overlaps_before_p_now": [0.5403225806451613, 0.5231854838709677, 0.4465725806451613, 0.5], "overlaps_before_p_future": [0.49899193548387094, 0.5231854838709677, 0.4465725806451613, 0.5], "overlaps_after_p_now": [0.5, 0.5231854838709677, 0.4586693548387097, 0.5], "overlaps_after_p_future": [0.532258064516129, 0.5, 0.4586693548387097, 0.5], "overlap_spred_before_p_future": [0.5224719101123596, 0.4726123595505618, 0.5, 0.50187265917603]}, "gap_0": {"gap_0_p_future": [0.4990117473561182, 0.5001155001155001, 0.5, 0.5006287489731198], "gap_0_p_now": [0.49912724747161835, 0.4993873139568504, 0.5, 0.4997047480491189], "s_pred_p_now": [0.502404391146113, 0.5, 0.5, 0.48037109957639756], "s_pred_p_future": [0.4988962472406181, 0.5, 0.5, 0.5], "superset_p_future": [0.49903896600807085, 0.45157553570364495, 0.5, 0.5005098632553917]}, "fast_shift": {}, "slow_shift": {}, "short_long": {}}}