{"f1_score": {"ekstedt_events": {"shift_hold_p_future_after": [[0.689754068851471, 0.8792341947555542, 0.0], [0.689754068851471, 0.8792341947555542, 0.0], [0.689754068851471, 0.8792341947555542, 0.0], [0.689754068851471, 0.8792341947555542, 0.0]], "shift_hold_p_future_before": [[0.689754068851471, 0.8792341947555542, 0.0], [0.689754068851471, 0.8792341947555542, 0.0], [0.689754068851471, 0.8792341947555542, 0.0], [0.689754068851471, 0.8792341947555542, 0.0]], "s_pred_p_future": [[0.3921078145503998, 0.0, 0.7100977301597595], [0.392880380153656, 0.0, 0.7114967703819275], [0.392880380153656, 0.0, 0.7114967703819275], [0.392880380153656, 0.0, 0.7114967703819275]], "shift_hold_p_now_after": [[0.689754068851471, 0.8792341947555542, 0.0], [0.689754068851471, 0.8792341947555542, 0.0], [0.689754068851471, 0.8792341947555542, 0.0], [0.689754068851471, 0.8792341947555542, 0.0]], "shift_hold_p_now_before": [[0.689754068851471, 0.8792341947555542, 0.0], [0.689754068851471, 0.8792341947555542, 0.0], [0.689754068851471, 0.8792341947555542, 0.0], [0.689754068851471, 0.8792341947555542, 0.0]], "s_pred_p_now": [[0.3921078145503998, 0.0, 0.7100977301597595], [0.392880380153656, 0.0, 0.7114967703819275], [0.392880380153656, 0.0, 0.7114967703819275], [0.392880380153656, 0.0, 0.7114967703819275]], "backchannel": [[0.2122528851032257, 0.0765957459807396, 0.4869976341724396], [0.5297994613647461, 0.5986137390136719, 0.39043062925338745], [0.2369418740272522, 0.11387163400650024, 0.4861944913864136], [0.2875681519508362, 0.19223301112651825, 0.4806492030620575]], "short_long": [[0.43136924505233765, 0.06648199260234833, 0.7165685296058655], [0.43136924505233765, 0.06648199260234833, 0.7165685296058655], [0.42709168791770935, 0.06989247351884842, 0.706281840801239], [0.43136924505233765, 0.06648199260234833, 0.7165685296058655]]}, "roddy_events": {"overlaps_before_p_now": [[0.7040293216705322, 0.8857142925262451, 0.0], [0.7040293216705322, 0.8857142925262451, 0.0], [0.7040293216705322, 0.8857142925262451, 0.0], [0.7040293216705322, 0.8857142925262451, 0.0]], "overlaps_before_p_future": [[0.7040293216705322, 0.8857142925262451, 0.0], [0.7040293216705322, 0.8857142925262451, 0.0], [0.7040293216705322, 0.8857142925262451, 0.0], [0.7040293216705322, 0.8857142925262451, 0.0]], "overlaps_after_p_now": [[0.7040293216705322, 0.8857142925262451, 0.0], [0.7040293216705322, 0.8857142925262451, 0.0], [0.7040293216705322, 0.8857142925262451, 0.0], [0.7040293216705322, 0.8857142925262451, 0.0]], "overlaps_after_p_future": [[0.7040293216705322, 0.8857142925262451, 0.0], [0.7040293216705322, 0.8857142925262451, 0.0], [0.7040293216705322, 0.8857142925262451, 0.0], [0.7040293216705322, 0.8857142925262451, 0.0]], "overlap_spred_before_p_future": [[0.916016697883606, 0.9709091186523438, 0.0], [0.916016697883606, 0.9709091186523438, 0.0], [0.916016697883606, 0.9709091186523438, 0.0], [0.916016697883606, 0.9709091186523438, 0.0]]}, "gap_0": {"gap_0_p_future": [[0.8602596521377563, 0.9502798914909363, 0.0], [0.8602596521377563, 0.9502798914909363, 0.0], [0.8602596521377563, 0.9502798914909363, 0.0], [0.8602596521377563, 0.9502798914909363, 0.0]], "gap_0_p_now": [[0.8602596521377563, 0.9502798914909363, 0.0], [0.8602596521377563, 0.9502798914909363, 0.0], [0.8602596521377563, 0.9502798914909363, 0.0], [0.8602596521377563, 0.9502798914909363, 0.0]], "s_pred_p_now": [[0.39026230573654175, 0.0, 0.7090196013450623], [0.38970455527305603, 0.0, 0.7080062627792358], [0.3908191919326782, 0.0, 0.7100313305854797], [0.3908191919326782, 0.0, 0.7100313305854797]], "s_pred_p_future": [[0.38970455527305603, 0.0, 0.7080062627792358], [0.38970455527305603, 0.0, 0.7080062627792358], [0.3908191919326782, 0.0, 0.7100313305854797], [0.3908191919326782, 0.0, 0.7100313305854797]], "superset_p_future": [[0.8675425052642822, 0.9530389308929443, 0.0], [0.8675425052642822, 0.9530389308929443, 0.0], [0.8675425052642822, 0.9530389308929443, 0.0], [0.8675425052642822, 0.9530389308929443, 0.0]]}, "fast_shift": {}, "slow_shift": {}, "short_long": {}}, "bal_Accs": {"ekstedt_events": {"shift_hold_p_future_after": [0.5037484168811538, 0.5001506516321444, 0.5, 0.5020912489275646], "shift_hold_p_future_before": [0.5089241941414389, 0.5004187604690117, 0.5, 0.4718000571965518], "s_pred_p_future": [0.5053640198056116, 0.5, 0.5, 0.49105996699064736], "shift_hold_p_now_after": [0.4979828001797606, 0.5004187604690117, 0.5, 0.5029287698655881], "shift_hold_p_now_before": [0.5055409159619234, 0.501675041876047, 0.5, 0.4731406013808882], "s_pred_p_now": [0.5123326609205942, 0.49847560975609756, 0.5, 0.4869452594901889], "backchannel": [0.493994546427127, 0.4987357626521586, 0.4911712134851984, 0.4987357626521586], "short_long": [0.48034144692359704, 0.4957572684246112, 0.5073022312373225, 0.5073022312373225]}, "roddy_events": {"overlaps_before_p_now": [0.501008064516129, 0.46774193548387094, 0.4778225806451613, 0.5], "overlaps_before_p_future": [0.4657258064516129, 0.46774193548387094, 0.4778225806451613, 0.5], "overlaps_after_p_now": [0.5, 0.46774193548387094, 0.4334677419354839, 0.5], "overlaps_after_p_future": [0.501008064516129, 0.5, 0.4334677419354839, 0.5], "overlap_spred_before_p_future": [0.4987125468164794, 0.4307116104868914, 0.4868913857677903, 0.50187265917603]}, "gap_0": {"gap_0_p_future": [0.500679997368739, 0.5007442490886199, 0.5002310002310002, 0.5043247526691236], "gap_0_p_now": [0.5007954974842392, 0.49381653686289445, 0.5003465003465003, 0.5026565026565026], "s_pred_p_now": [0.5037766243064257, 0.4977924944812362, 0.5, 0.4808454149513752], "s_pred_p_future": [0.4977924944812362, 0.4977924944812362, 0.5, 0.5], "superset_p_future": [0.5004944060653118, 0.4787067125872155, 0.5, 0.5039769781955052]}, "fast_shift": {}, "slow_shift": {}, "short_long": {}}}