{"f1_score": {"ekstedt_events": {"shift_hold_p_future_after": [[0.689754068851471, 0.8792341947555542, 0.0], [0.689754068851471, 0.8792341947555542, 0.0], [0.689754068851471, 0.8792341947555542, 0.0], [0.689754068851471, 0.8792341947555542, 0.0]], "shift_hold_p_future_before": [[0.689754068851471, 0.8792341947555542, 0.0], [0.689754068851471, 0.8792341947555542, 0.0], [0.689754068851471, 0.8792341947555542, 0.0], [0.689754068851471, 0.8792341947555542, 0.0]], "s_pred_p_future": [[0.39666131138801575, 0.00749063678085804, 0.7122692465782166], [0.392880380153656, 0.0, 0.7114967703819275], [0.392880380153656, 0.0, 0.7114967703819275], [0.392880380153656, 0.0, 0.7114967703819275]], "shift_hold_p_now_after": [[0.689754068851471, 0.8792341947555542, 0.0], [0.689754068851471, 0.8792341947555542, 0.0], [0.689754068851471, 0.8792341947555542, 0.0], [0.689754068851471, 0.8792341947555542, 0.0]], "shift_hold_p_now_before": [[0.689754068851471, 0.8792341947555542, 0.0], [0.689754068851471, 0.8792341947555542, 0.0], [0.689754068851471, 0.8792341947555542, 0.0], [0.689754068851471, 0.8792341947555542, 0.0]], "s_pred_p_now": [[0.39666131138801575, 0.00749063678085804, 0.7122692465782166], [0.392880380153656, 0.0, 0.7114967703819275], [0.392880380153656, 0.0, 0.7114967703819275], [0.392880380153656, 0.0, 0.7114967703819275]], "backchannel": [[0.19612298905849457, 0.05200433358550072, 0.4880046844482422], [0.5102054476737976, 0.5858837962150574, 0.3569350242614746], [0.2425355762243271, 0.12164948135614395, 0.48736461997032166], [0.32253316044807434, 0.24440298974514008, 0.48076921701431274]], "short_long": [[0.43136924505233765, 0.06648199260234833, 0.7165685296058655], [0.43136924505233765, 0.06648199260234833, 0.7165685296058655], [0.43229395151138306, 0.08021390438079834, 0.7074829936027527], [0.43136924505233765, 0.06648199260234833, 0.7165685296058655]]}, "roddy_events": {"overlaps_before_p_now": [[0.7040293216705322, 0.8857142925262451, 0.0], [0.7040293216705322, 0.8857142925262451, 0.0], [0.7040293216705322, 0.8857142925262451, 0.0], [0.7040293216705322, 0.8857142925262451, 0.0]], "overlaps_before_p_future": [[0.7040293216705322, 0.8857142925262451, 0.0], [0.7040293216705322, 0.8857142925262451, 0.0], [0.7040293216705322, 0.8857142925262451, 0.0], [0.7040293216705322, 0.8857142925262451, 0.0]], "overlaps_after_p_now": [[0.7040293216705322, 0.8857142925262451, 0.0], [0.7040293216705322, 0.8857142925262451, 0.0], [0.7040293216705322, 0.8857142925262451, 0.0], [0.7040293216705322, 0.8857142925262451, 0.0]], "overlaps_after_p_future": [[0.7040293216705322, 0.8857142925262451, 0.0], [0.7040293216705322, 0.8857142925262451, 0.0], [0.7040293216705322, 0.8857142925262451, 0.0], [0.7040293216705322, 0.8857142925262451, 0.0]], "overlap_spred_before_p_future": [[0.916016697883606, 0.9709091186523438, 0.0], [0.916016697883606, 0.9709091186523438, 0.0], [0.916016697883606, 0.9709091186523438, 0.0], [0.916016697883606, 0.9709091186523438, 0.0]]}, "gap_0": {"gap_0_p_future": [[0.8602596521377563, 0.9502798914909363, 0.0], [0.8602596521377563, 0.9502798914909363, 0.0], [0.8602596521377563, 0.9502798914909363, 0.0], [0.8602596521377563, 0.9502798914909363, 0.0]], "gap_0_p_now": [[0.8602596521377563, 0.9502798914909363, 0.0], [0.8602596521377563, 0.9502798914909363, 0.0], [0.8602596521377563, 0.9502798914909363, 0.0], [0.8602596521377563, 0.9502798914909363, 0.0]], "s_pred_p_now": [[0.3983951508998871, 0.01604278013110161, 0.7106918096542358], [0.3935492932796478, 0.005390835460275412, 0.7105882167816162], [0.3908191919326782, 0.0, 0.7100313305854797], [0.39026230573654175, 0.0, 0.7090196013450623]], "s_pred_p_future": [[0.4010814428329468, 0.02133333310484886, 0.7112509608268738], [0.3935492932796478, 0.005390835460275412, 0.7105882167816162], [0.3908191919326782, 0.0, 0.7100313305854797], [0.3929857015609741, 0.005376344081014395, 0.7095761299133301]], "superset_p_future": [[0.8675425052642822, 0.9530389308929443, 0.0], [0.8675425052642822, 0.9530389308929443, 0.0], [0.8675425052642822, 0.9530389308929443, 0.0], [0.8675425052642822, 0.9530389308929443, 0.0]]}, "fast_shift": {}, "slow_shift": {}, "short_long": {}}, "bal_Accs": {"ekstedt_events": {"shift_hold_p_future_after": [0.5022240266372513, 0.5004187604690117, 0.5, 0.5016392940311313], "shift_hold_p_future_before": [0.5043842178371533, 0.5, 0.5, 0.49409649875393225], "s_pred_p_future": [0.517708142306987, 0.5, 0.5, 0.502693471483587], "shift_hold_p_now_after": [0.4893726763900805, 0.5, 0.5, 0.5017899456632757], "shift_hold_p_now_before": [0.4994433549863137, 0.5004187604690117, 0.5, 0.49836836622135067], "s_pred_p_now": [0.5144645149459013, 0.5, 0.5, 0.49187373922611405], "backchannel": [0.49293123018513446, 0.4987357626521586, 0.4888867144180464, 0.4998708364319543], "short_long": [0.5023157538877621, 0.4711629479377958, 0.5073022312373225, 0.5073022312373225]}, "roddy_events": {"overlaps_before_p_now": [0.5241935483870968, 0.4838709677419355, 0.5090725806451613, 0.5], "overlaps_before_p_future": [0.4274193548387097, 0.4838709677419355, 0.5090725806451613, 0.5], "overlaps_after_p_now": [0.5, 0.4838709677419355, 0.3407258064516129, 0.5], "overlaps_after_p_future": [0.532258064516129, 0.5, 0.3407258064516129, 0.5], "overlap_spred_before_p_future": [0.5599250936329588, 0.4419475655430712, 0.5, 0.50187265917603]}, "gap_0": {"gap_0_p_future": [0.5000512483956192, 0.5001155001155001, 0.5, 0.4995762446093572], "gap_0_p_now": [0.5005132488576197, 0.495588048568181, 0.5, 0.4991142441473567], "s_pred_p_now": [0.4966589105661953, 0.5013513513513513, 0.5013513513513513, 0.4779159954656643], "s_pred_p_future": [0.5043016526460236, 0.5013513513513513, 0.5013513513513513, 0.5002475985919694], "superset_p_future": [0.5001946709881087, 0.44918370355170384, 0.5, 0.5000586925188544]}, "fast_shift": {}, "slow_shift": {}, "short_long": {}}}