{"f1_score": {"ekstedt_events": {"shift_hold_p_future_after": [[0.689754068851471, 0.8792341947555542, 0.0], [0.689754068851471, 0.8792341947555542, 0.0], [0.689754068851471, 0.8792341947555542, 0.0], [0.689754068851471, 0.8792341947555542, 0.0]], "shift_hold_p_future_before": [[0.689754068851471, 0.8792341947555542, 0.0], [0.689754068851471, 0.8792341947555542, 0.0], [0.689754068851471, 0.8792341947555542, 0.0], [0.689754068851471, 0.8792341947555542, 0.0]], "s_pred_p_future": [[0.3921078145503998, 0.0, 0.7100977301597595], [0.392880380153656, 0.0, 0.7114967703819275], [0.392880380153656, 0.0, 0.7114967703819275], [0.392880380153656, 0.0, 0.7114967703819275]], "shift_hold_p_now_after": [[0.689754068851471, 0.8792341947555542, 0.0], [0.689754068851471, 0.8792341947555542, 0.0], [0.689754068851471, 0.8792341947555542, 0.0], [0.689754068851471, 0.8792341947555542, 0.0]], "shift_hold_p_now_before": [[0.689754068851471, 0.8792341947555542, 0.0], [0.689754068851471, 0.8792341947555542, 0.0], [0.689754068851471, 0.8792341947555542, 0.0], [0.689754068851471, 0.8792341947555542, 0.0]], "s_pred_p_now": [[0.3921078145503998, 0.0, 0.7100977301597595], [0.392880380153656, 0.0, 0.7114967703819275], [0.392880380153656, 0.0, 0.7114967703819275], [0.392880380153656, 0.0, 0.7114967703819275]], "backchannel": [[0.19946488738059998, 0.05627705529332161, 0.48946136236190796], [0.4807773232460022, 0.5392670035362244, 0.36231884360313416], [0.22457006573677063, 0.09623430669307709, 0.4844868779182434], [0.3135306239128113, 0.2304060459136963, 0.4818817675113678]], "short_long": [[0.43136924505233765, 0.06648199260234833, 0.7165685296058655], [0.43136924505233765, 0.06648199260234833, 0.7165685296058655], [0.43110740184783936, 0.07547169923782349, 0.7090755105018616], [0.43136924505233765, 0.06648199260234833, 0.7165685296058655]]}, "roddy_events": {"overlaps_before_p_now": [[0.7040293216705322, 0.8857142925262451, 0.0], [0.7040293216705322, 0.8857142925262451, 0.0], [0.7040293216705322, 0.8857142925262451, 0.0], [0.7040293216705322, 0.8857142925262451, 0.0]], "overlaps_before_p_future": [[0.7040293216705322, 0.8857142925262451, 0.0], [0.7040293216705322, 0.8857142925262451, 0.0], [0.7040293216705322, 0.8857142925262451, 0.0], [0.7040293216705322, 0.8857142925262451, 0.0]], "overlaps_after_p_now": [[0.7040293216705322, 0.8857142925262451, 0.0], [0.7040293216705322, 0.8857142925262451, 0.0], [0.7040293216705322, 0.8857142925262451, 0.0], [0.7040293216705322, 0.8857142925262451, 0.0]], "overlaps_after_p_future": [[0.7040293216705322, 0.8857142925262451, 0.0], [0.7040293216705322, 0.8857142925262451, 0.0], [0.7040293216705322, 0.8857142925262451, 0.0], [0.7040293216705322, 0.8857142925262451, 0.0]], "overlap_spred_before_p_future": [[0.916016697883606, 0.9709091186523438, 0.0], [0.916016697883606, 0.9709091186523438, 0.0], [0.916016697883606, 0.9709091186523438, 0.0], [0.916016697883606, 0.9709091186523438, 0.0]]}, "gap_0": {"gap_0_p_future": [[0.8602596521377563, 0.9502798914909363, 0.0], [0.8602596521377563, 0.9502798914909363, 0.0], [0.8602596521377563, 0.9502798914909363, 0.0], [0.8602596521377563, 0.9502798914909363, 0.0]], "gap_0_p_now": [[0.8602596521377563, 0.9502798914909363, 0.0], [0.8602596521377563, 0.9502798914909363, 0.0], [0.8602596521377563, 0.9502798914909363, 0.0], [0.8602596521377563, 0.9502798914909363, 0.0]], "s_pred_p_now": [[0.3908191919326782, 0.0, 0.7100313305854797], [0.3908191919326782, 0.0, 0.7100313305854797], [0.3908191919326782, 0.0, 0.7100313305854797], [0.3908191919326782, 0.0, 0.7100313305854797]], "s_pred_p_future": [[0.39026230573654175, 0.0, 0.7090196013450623], [0.3908191919326782, 0.0, 0.7100313305854797], [0.3908191919326782, 0.0, 0.7100313305854797], [0.3908191919326782, 0.0, 0.7100313305854797]], "superset_p_future": [[0.8675425052642822, 0.9530389308929443, 0.0], [0.8675425052642822, 0.9530389308929443, 0.0], [0.8675425052642822, 0.9530389308929443, 0.0], [0.8675425052642822, 0.9530389308929443, 0.0]]}, "fast_shift": {}, "slow_shift": {}, "short_long": {}}, "bal_Accs": {"ekstedt_events": {"shift_hold_p_future_after": [0.5145366057931936, 0.5, 0.5, 0.49619540793397887], "shift_hold_p_future_before": [0.5129279527719901, 0.5, 0.5, 0.5003447113616865], "s_pred_p_future": [0.5089744177516963, 0.5, 0.5, 0.49893407298734643], "shift_hold_p_now_after": [0.5090059035012461, 0.5, 0.5, 0.49619540793397887], "shift_hold_p_now_before": [0.5128615639171468, 0.5, 0.5, 0.5022214732197574], "s_pred_p_now": [0.5131464331560609, 0.5, 0.5, 0.4971575279662571], "backchannel": [0.4952157292522864, 0.4987357626521586, 0.4917818048977781, 0.4987357626521586], "short_long": [0.48999323867478023, 0.5200304259634889, 0.5073022312373225, 0.5073022312373225]}, "roddy_events": {"overlaps_before_p_now": [0.5403225806451613, 0.5, 0.5493951612903226, 0.5], "overlaps_before_p_future": [0.5151209677419355, 0.5, 0.5493951612903226, 0.5], "overlaps_after_p_now": [0.5, 0.5, 0.46875, 0.5], "overlaps_after_p_future": [0.5403225806451613, 0.5, 0.46875, 0.5], "overlap_spred_before_p_future": [0.5393258426966292, 0.4681647940074906, 0.49250936329588013, 0.50187265917603]}, "gap_0": {"gap_0_p_future": [0.5006930006930007, 0.5, 0.5, 0.4977924944812362], "gap_0_p_now": [0.5006930006930007, 0.5073048086293119, 0.5, 0.5], "s_pred_p_now": [0.5172692560109778, 0.5, 0.5, 0.5072221227850366], "s_pred_p_future": [0.4988962472406181, 0.5, 0.5, 0.5], "superset_p_future": [0.5006303845345661, 0.5059613229741784, 0.5, 0.4978678038379531]}, "fast_shift": {}, "slow_shift": {}, "short_long": {}}}