{"f1_score": {"ekstedt_events": {"shift_hold_p_future_after": [[0.689754068851471, 0.8792341947555542, 0.0], [0.689754068851471, 0.8792341947555542, 0.0], [0.689754068851471, 0.8792341947555542, 0.0], [0.689754068851471, 0.8792341947555542, 0.0]], "shift_hold_p_future_before": [[0.689754068851471, 0.8792341947555542, 0.0], [0.689754068851471, 0.8792341947555542, 0.0], [0.689754068851471, 0.8792341947555542, 0.0], [0.689754068851471, 0.8792341947555542, 0.0]], "s_pred_p_future": [[0.39641252160072327, 0.014652014710009098, 0.7060109376907349], [0.392880380153656, 0.0, 0.7114967703819275], [0.392880380153656, 0.0, 0.7114967703819275], [0.392880380153656, 0.0, 0.7114967703819275]], "shift_hold_p_now_after": [[0.689754068851471, 0.8792341947555542, 0.0], [0.689754068851471, 0.8792341947555542, 0.0], [0.689754068851471, 0.8792341947555542, 0.0], [0.689754068851471, 0.8792341947555542, 0.0]], "shift_hold_p_now_before": [[0.689754068851471, 0.8792341947555542, 0.0], [0.689754068851471, 0.8792341947555542, 0.0], [0.689754068851471, 0.8792341947555542, 0.0], [0.689754068851471, 0.8792341947555542, 0.0]], "s_pred_p_now": [[0.3927183151245117, 0.007352941203862429, 0.7052401900291443], [0.392880380153656, 0.0, 0.7114967703819275], [0.392880380153656, 0.0, 0.7114967703819275], [0.392880380153656, 0.0, 0.7114967703819275]], "backchannel": [[0.19913163781166077, 0.05621621757745743, 0.4885764420032501], [0.4830867648124695, 0.5462782979011536, 0.35510578751564026], [0.2295190691947937, 0.10395010560750961, 0.48383232951164246], [0.297153115272522, 0.2070949226617813, 0.4795468747615814]], "short_long": [[0.43136924505233765, 0.06648199260234833, 0.7165685296058655], [0.43136924505233765, 0.06648199260234833, 0.7165685296058655], [0.4332163333892822, 0.07608695328235626, 0.71235191822052], [0.43136924505233765, 0.06648199260234833, 0.7165685296058655]]}, "roddy_events": {"overlaps_before_p_now": [[0.7040293216705322, 0.8857142925262451, 0.0], [0.7040293216705322, 0.8857142925262451, 0.0], [0.7040293216705322, 0.8857142925262451, 0.0], [0.7040293216705322, 0.8857142925262451, 0.0]], "overlaps_before_p_future": [[0.7040293216705322, 0.8857142925262451, 0.0], [0.7040293216705322, 0.8857142925262451, 0.0], [0.7040293216705322, 0.8857142925262451, 0.0], [0.7040293216705322, 0.8857142925262451, 0.0]], "overlaps_after_p_now": [[0.7040293216705322, 0.8857142925262451, 0.0], [0.7040293216705322, 0.8857142925262451, 0.0], [0.7040293216705322, 0.8857142925262451, 0.0], [0.7040293216705322, 0.8857142925262451, 0.0]], "overlaps_after_p_future": [[0.7040293216705322, 0.8857142925262451, 0.0], [0.7040293216705322, 0.8857142925262451, 0.0], [0.7040293216705322, 0.8857142925262451, 0.0], [0.7040293216705322, 0.8857142925262451, 0.0]], "overlap_spred_before_p_future": [[0.916016697883606, 0.9709091186523438, 0.0], [0.916016697883606, 0.9709091186523438, 0.0], [0.916016697883606, 0.9709091186523438, 0.0], [0.916016697883606, 0.9709091186523438, 0.0]]}, "gap_0": {"gap_0_p_future": [[0.8602596521377563, 0.9502798914909363, 0.0], [0.8602596521377563, 0.9502798914909363, 0.0], [0.8602596521377563, 0.9502798914909363, 0.0], [0.8602596521377563, 0.9502798914909363, 0.0]], "gap_0_p_now": [[0.8602596521377563, 0.9502798914909363, 0.0], [0.8602596521377563, 0.9502798914909363, 0.0], [0.8602596521377563, 0.9502798914909363, 0.0], [0.8602596521377563, 0.9502798914909363, 0.0]], "s_pred_p_now": [[0.38970455527305603, 0.0, 0.7080062627792358], [0.3908191919326782, 0.0, 0.7100313305854797], [0.3908191919326782, 0.0, 0.7100313305854797], [0.3908191919326782, 0.0, 0.7100313305854797]], "s_pred_p_future": [[0.38802599906921387, 0.0, 0.7049567103385925], [0.3908191919326782, 0.0, 0.7100313305854797], [0.3908191919326782, 0.0, 0.7100313305854797], [0.3908191919326782, 0.0, 0.7100313305854797]], "superset_p_future": [[0.8675425052642822, 0.9530389308929443, 0.0], [0.8675425052642822, 0.9530389308929443, 0.0], [0.8675425052642822, 0.9530389308929443, 0.0], [0.8675425052642822, 0.9530389308929443, 0.0]]}, "fast_shift": {}, "slow_shift": {}, "short_long": {}}, "bal_Accs": {"ekstedt_events": {"shift_hold_p_future_after": [0.49902459451730197, 0.5, 0.5, 0.5064295052498264], "shift_hold_p_future_before": [0.4978347019651101, 0.5, 0.5, 0.5079998570086204], "s_pred_p_future": [0.5019140839904639, 0.5, 0.5, 0.49928938199156425], "shift_hold_p_now_after": [0.5063094946276095, 0.5, 0.5, 0.5072670261878498], "shift_hold_p_now_before": [0.49971146382318093, 0.5, 0.5, 0.5051859909302611], "s_pred_p_now": [0.4934325142123602, 0.5, 0.5, 0.49481936548688793], "backchannel": [0.4940663039649301, 0.4987357626521586, 0.49290252717001315, 0.4987357626521586], "short_long": [0.4847532116294794, 0.49377958079783635, 0.5073022312373225, 0.5073022312373225]}, "roddy_events": {"overlaps_before_p_now": [0.5483870967741935, 0.47580645161290325, 0.438508064516129, 0.5], "overlaps_before_p_future": [0.48286290322580644, 0.47580645161290325, 0.438508064516129, 0.5], "overlaps_after_p_now": [0.5, 0.47580645161290325, 0.41129032258064513, 0.5], "overlaps_after_p_future": [0.48588709677419356, 0.5, 0.41129032258064513, 0.5], "overlap_spred_before_p_future": [0.48431647940074907, 0.45880149812734083, 0.49625468164794007, 0.50187265917603]}, "gap_0": {"gap_0_p_future": [0.49459673631859064, 0.5, 0.5, 0.49840824013009444], "gap_0_p_now": [0.49540523712709145, 0.49941179080251924, 0.5, 0.4993452443783569], "s_pred_p_now": [0.501073921603723, 0.5, 0.5, 0.511792255831991], "s_pred_p_future": [0.49448123620309054, 0.5, 0.5, 0.5], "superset_p_future": [0.49477457368397704, 0.48224775321901586, 0.5, 0.49855688089137357]}, "fast_shift": {}, "slow_shift": {}, "short_long": {}}}