{"f1_score": {"ekstedt_events": {"shift_hold_p_future_after": [[0.689754068851471, 0.8792341947555542, 0.0], [0.6894301772117615, 0.8788213729858398, 0.0], [0.689754068851471, 0.8792341947555542, 0.0], [0.689754068851471, 0.8792341947555542, 0.0]], "shift_hold_p_future_before": [[0.689754068851471, 0.8792341947555542, 0.0], [0.6891061067581177, 0.8784082531929016, 0.0], [0.689754068851471, 0.8792341947555542, 0.0], [0.689754068851471, 0.8792341947555542, 0.0]], "s_pred_p_future": [[0.3984466791152954, 0.021739130839705467, 0.7039473652839661], [0.38900089263916016, 0.0, 0.7044711112976074], [0.392880380153656, 0.0, 0.7114967703819275], [0.3921078145503998, 0.0, 0.7100977301597595]], "shift_hold_p_now_after": [[0.689754068851471, 0.8792341947555542, 0.0], [0.689754068851471, 0.8792341947555542, 0.0], [0.689754068851471, 0.8792341947555542, 0.0], [0.689754068851471, 0.8792341947555542, 0.0]], "shift_hold_p_now_before": [[0.689754068851471, 0.8792341947555542, 0.0], [0.6906622052192688, 0.8787320256233215, 0.006042296066880226], [0.689754068851471, 0.8792341947555542, 0.0], [0.689754068851471, 0.8792341947555542, 0.0]], "s_pred_p_now": [[0.39926597476005554, 0.02181818149983883, 0.7053669095039368], [0.39055773615837097, 0.0, 0.707290530204773], [0.392880380153656, 0.0, 0.7114967703819275], [0.392880380153656, 0.0, 0.7114967703819275]], "backchannel": [[0.23323318362236023, 0.10504201799631119, 0.4928571283817291], [0.5044965147972107, 0.5936739444732666, 0.3238866329193115], [0.28981107473373413, 0.18953603506088257, 0.4928968548774719], [0.32039833068847656, 0.24444444477558136, 0.47422680258750916]], "short_long": [[0.43136924505233765, 0.06648199260234833, 0.7165685296058655], [0.43136924505233765, 0.06648199260234833, 0.7165685296058655], [0.434877872467041, 0.08533333241939545, 0.7080851197242737], [0.43136924505233765, 0.06648199260234833, 0.7165685296058655]]}, "roddy_events": {"overlaps_before_p_now": [[0.7040293216705322, 0.8857142925262451, 0.0], [0.7040293216705322, 0.8857142925262451, 0.0], [0.7040293216705322, 0.8857142925262451, 0.0], [0.7040293216705322, 0.8857142925262451, 0.0]], "overlaps_before_p_future": [[0.7040293216705322, 0.8857142925262451, 0.0], [0.7040293216705322, 0.8857142925262451, 0.0], [0.7040293216705322, 0.8857142925262451, 0.0], [0.7040293216705322, 0.8857142925262451, 0.0]], "overlaps_after_p_now": [[0.7040293216705322, 0.8857142925262451, 0.0], [0.7040293216705322, 0.8857142925262451, 0.0], [0.7040293216705322, 0.8857142925262451, 0.0], [0.7040293216705322, 0.8857142925262451, 0.0]], "overlaps_after_p_future": [[0.7040293216705322, 0.8857142925262451, 0.0], [0.7040293216705322, 0.8857142925262451, 0.0], [0.7040293216705322, 0.8857142925262451, 0.0], [0.7040293216705322, 0.8857142925262451, 0.0]], "overlap_spred_before_p_future": [[0.916016697883606, 0.9709091186523438, 0.0], [0.916016697883606, 0.9709091186523438, 0.0], [0.916016697883606, 0.9709091186523438, 0.0], [0.916016697883606, 0.9709091186523438, 0.0]]}, "gap_0": {"gap_0_p_future": [[0.8602596521377563, 0.9502798914909363, 0.0], [0.8602596521377563, 0.9502798914909363, 0.0], [0.8602596521377563, 0.9502798914909363, 0.0], [0.8602596521377563, 0.9502798914909363, 0.0]], "gap_0_p_now": [[0.8602596521377563, 0.9502798914909363, 0.0], [0.8602596521377563, 0.9502798914909363, 0.0], [0.8602596521377563, 0.9502798914909363, 0.0], [0.8602596521377563, 0.9502798914909363, 0.0]], "s_pred_p_now": [[0.40604570508003235, 0.0365535244345665, 0.7078384757041931], [0.3907229006290436, 0.005319148767739534, 0.7055118083953857], [0.3908191919326782, 0.0, 0.7100313305854797], [0.39991259574890137, 0.02122015878558159, 0.7092198729515076]], "s_pred_p_future": [[0.40681394934654236, 0.04134367033839226, 0.7053216695785522], [0.3907229006290436, 0.005319148767739534, 0.7055118083953857], [0.3908191919326782, 0.0, 0.7100313305854797], [0.39991259574890137, 0.02122015878558159, 0.7092198729515076]], "superset_p_future": [[0.8675425052642822, 0.9530389308929443, 0.0], [0.8675425052642822, 0.9530389308929443, 0.0], [0.8675425052642822, 0.9530389308929443, 0.0], [0.8675425052642822, 0.9530389308929443, 0.0]]}, "fast_shift": {}, "slow_shift": {}, "short_long": {}}, "bal_Accs": {"ekstedt_events": {"shift_hold_p_future_after": [0.49790109081995343, 0.4944718511255464, 0.5, 0.48111747763206275], "shift_hold_p_future_before": [0.500781345753156, 0.49710187114433957, 0.5, 0.4611446459941987], "s_pred_p_future": [0.5242068586099395, 0.4923780487804878, 0.5, 0.49903722721437743], "shift_hold_p_now_after": [0.496473730440822, 0.49626435020631615, 0.5, 0.48389814928300035], "shift_hold_p_now_before": [0.4977504391878089, 0.4953093720635699, 0.5, 0.45623697757078074], "s_pred_p_now": [0.5250779387493123, 0.4923780487804878, 0.5, 0.5010200806895286], "backchannel": [0.5042389134604094, 0.4987357626521586, 0.5041815074301669, 0.4987357626521586], "short_long": [0.4907707910750507, 0.4966193373901285, 0.5073022312373225, 0.5073022312373225]}, "roddy_events": {"overlaps_before_p_now": [0.43044354838709675, 0.5151209677419355, 0.4314516129032258, 0.5], "overlaps_before_p_future": [0.5695564516129032, 0.5151209677419355, 0.4314516129032258, 0.5], "overlaps_after_p_now": [0.5, 0.5151209677419355, 0.46068548387096775, 0.5], "overlaps_after_p_future": [0.43044354838709675, 0.5, 0.46068548387096775, 0.5], "overlap_spred_before_p_future": [0.4661750936329588, 0.545060861423221, 0.4850187265917603, 0.50187265917603]}, "gap_0": {"gap_0_p_future": [0.4957257308250686, 0.49690673862859297, 0.5002310002310002, 0.4960462245230457], "gap_0_p_now": [0.4958412309405687, 0.5093203238898603, 0.5002310002310002, 0.49659848335345025], "s_pred_p_now": [0.5163415070699839, 0.4958325875544419, 0.50394069566255, 0.4874172185430463], "s_pred_p_future": [0.5008770359763737, 0.4958325875544419, 0.50394069566255, 0.5020941471272597], "superset_p_future": [0.4963937703491667, 0.49146561492062396, 0.5001050640890944, 0.49568609986420076]}, "fast_shift": {}, "slow_shift": {}, "short_long": {}}}