{"f1_score": {"ekstedt_events": {"shift_hold_p_future_after": [[0.689754068851471, 0.8792341947555542, 0.0], [0.689754068851471, 0.8792341947555542, 0.0], [0.689754068851471, 0.8792341947555542, 0.0], [0.689754068851471, 0.8792341947555542, 0.0]], "shift_hold_p_future_before": [[0.689754068851471, 0.8792341947555542, 0.0], [0.689754068851471, 0.8792341947555542, 0.0], [0.689754068851471, 0.8792341947555542, 0.0], [0.689754068851471, 0.8792341947555542, 0.0]], "s_pred_p_future": [[0.4073585867881775, 0.036231882870197296, 0.7083333134651184], [0.39962008595466614, 0.014869888313114643, 0.7116430997848511], [0.392880380153656, 0.0, 0.7114967703819275], [0.39666131138801575, 0.00749063678085804, 0.7122692465782166]], "shift_hold_p_now_after": [[0.689754068851471, 0.8792341947555542, 0.0], [0.689754068851471, 0.8792341947555542, 0.0], [0.689754068851471, 0.8792341947555542, 0.0], [0.689754068851471, 0.8792341947555542, 0.0]], "shift_hold_p_now_before": [[0.689754068851471, 0.8792341947555542, 0.0], [0.689754068851471, 0.8792341947555542, 0.0], [0.689754068851471, 0.8792341947555542, 0.0], [0.689754068851471, 0.8792341947555542, 0.0]], "s_pred_p_now": [[0.40090012550354004, 0.021978022530674934, 0.7081966996192932], [0.392880380153656, 0.0, 0.7114967703819275], [0.392880380153656, 0.0, 0.7114967703819275], [0.39666131138801575, 0.00749063678085804, 0.7122692465782166]], "backchannel": [[0.2238837033510208, 0.09282700717449188, 0.489311158657074], [0.4961020052433014, 0.5798889398574829, 0.3264094889163971], [0.28141796588897705, 0.17469879984855652, 0.4975550174713135], [0.3272724151611328, 0.2467043250799179, 0.4904458522796631]], "short_long": [[0.43136924505233765, 0.06648199260234833, 0.7165685296058655], [0.43136924505233765, 0.06648199260234833, 0.7165685296058655], [0.4337148666381836, 0.08064515888690948, 0.7096773982048035], [0.43136924505233765, 0.06648199260234833, 0.7165685296058655]]}, "roddy_events": {"overlaps_before_p_now": [[0.7040293216705322, 0.8857142925262451, 0.0], [0.7040293216705322, 0.8857142925262451, 0.0], [0.7040293216705322, 0.8857142925262451, 0.0], [0.7040293216705322, 0.8857142925262451, 0.0]], "overlaps_before_p_future": [[0.7040293216705322, 0.8857142925262451, 0.0], [0.7040293216705322, 0.8857142925262451, 0.0], [0.7040293216705322, 0.8857142925262451, 0.0], [0.7040293216705322, 0.8857142925262451, 0.0]], "overlaps_after_p_now": [[0.7040293216705322, 0.8857142925262451, 0.0], [0.7040293216705322, 0.8857142925262451, 0.0], [0.7040293216705322, 0.8857142925262451, 0.0], [0.7040293216705322, 0.8857142925262451, 0.0]], "overlaps_after_p_future": [[0.7040293216705322, 0.8857142925262451, 0.0], [0.7040293216705322, 0.8857142925262451, 0.0], [0.7040293216705322, 0.8857142925262451, 0.0], [0.7040293216705322, 0.8857142925262451, 0.0]], "overlap_spred_before_p_future": [[0.916016697883606, 0.9709091186523438, 0.0], [0.916016697883606, 0.9709091186523438, 0.0], [0.916016697883606, 0.9709091186523438, 0.0], [0.916016697883606, 0.9709091186523438, 0.0]]}, "gap_0": {"gap_0_p_future": [[0.8602596521377563, 0.9502798914909363, 0.0], [0.8602596521377563, 0.9502798914909363, 0.0], [0.8602596521377563, 0.9502798914909363, 0.0], [0.8602596521377563, 0.9502798914909363, 0.0]], "gap_0_p_now": [[0.8602596521377563, 0.9502798914909363, 0.0], [0.8602596521377563, 0.9502798914909363, 0.0], [0.8602596521377563, 0.9502798914909363, 0.0], [0.8602596521377563, 0.9502798914909363, 0.0]], "s_pred_p_now": [[0.4040262699127197, 0.031496062874794006, 0.7083004117012024], [0.3983951508998871, 0.01604278013110161, 0.7106918096542358], [0.3908191919326782, 0.0, 0.7100313305854797], [0.39781758189201355, 0.01600000075995922, 0.7096773982048035]], "s_pred_p_future": [[0.40619957447052, 0.04123711213469505, 0.7042925357818604], [0.3908191919326782, 0.0, 0.7100313305854797], [0.3908191919326782, 0.0, 0.7100313305854797], [0.39781758189201355, 0.01600000075995922, 0.7096773982048035]], "superset_p_future": [[0.8675425052642822, 0.9530389308929443, 0.0], [0.8675425052642822, 0.9530389308929443, 0.0], [0.8675425052642822, 0.9530389308929443, 0.0], [0.8675425052642822, 0.9530389308929443, 0.0]]}, "fast_shift": {}, "slow_shift": {}, "short_long": {}}, "bal_Accs": {"ekstedt_events": {"shift_hold_p_future_after": [0.4898603791314295, 0.5008375209380235, 0.5, 0.48569064836377007], "shift_hold_p_future_before": [0.48786616006863587, 0.5004187604690117, 0.5, 0.4782142419414144], "s_pred_p_future": [0.4944869796442325, 0.5022350082523381, 0.5, 0.5008137722354666], "shift_hold_p_now_after": [0.49007486620092333, 0.5004187604690117, 0.5, 0.48569064836377007], "shift_hold_p_now_before": [0.48803468562323815, 0.5007200637333007, 0.5, 0.4767741144748131], "s_pred_p_now": [0.4967792958004768, 0.5007106180084357, 0.5, 0.4997478452228131], "backchannel": [0.4985348415463097, 0.4987357626521586, 0.5008336921210224, 0.4987357626521586], "short_long": [0.4916497633536173, 0.47584516565246787, 0.5073022312373225, 0.5073022312373225]}, "roddy_events": {"overlaps_before_p_now": [0.4848790322580645, 0.46774193548387094, 0.4465725806451613, 0.5], "overlaps_before_p_future": [0.4909274193548387, 0.46774193548387094, 0.4465725806451613, 0.5], "overlaps_after_p_now": [0.5, 0.49899193548387094, 0.4122983870967742, 0.5], "overlaps_after_p_future": [0.4848790322580645, 0.5, 0.4122983870967742, 0.5], "overlap_spred_before_p_future": [0.5305477528089888, 0.5156835205992509, 0.49250936329588013, 0.50187265917603]}, "gap_0": {"gap_0_p_future": [0.49857498864121386, 0.49935824770261855, 0.5, 0.5004872422090966], "gap_0_p_now": [0.4991524892187144, 0.48403727211674236, 0.5, 0.5010134943909779], "s_pred_p_now": [0.48845832587554444, 0.5029503012946721, 0.5, 0.4824861285126186], "s_pred_p_future": [0.4997732832169918, 0.5, 0.5013513513513513, 0.5018465485352902], "superset_p_future": [0.49981764996050576, 0.44780218918614983, 0.5, 0.502039453021567]}, "fast_shift": {}, "slow_shift": {}, "short_long": {}}}