{"f1_score": {"ekstedt_events": {"shift_hold_p_future_after": [[0.689754068851471, 0.8792341947555542, 0.0], [0.689754068851471, 0.8792341947555542, 0.0], [0.689754068851471, 0.8792341947555542, 0.0], [0.689754068851471, 0.8792341947555542, 0.0]], "shift_hold_p_future_before": [[0.689754068851471, 0.8792341947555542, 0.0], [0.6928744912147522, 0.8798820972442627, 0.012121211737394333], [0.689754068851471, 0.8792341947555542, 0.0], [0.689754068851471, 0.8792341947555542, 0.0]], "s_pred_p_future": [[0.45883068442344666, 0.15584415197372437, 0.7045454382896423], [0.4056743383407593, 0.035971224308013916, 0.7054945230484009], [0.39666131138801575, 0.00749063678085804, 0.7122692465782166], [0.392880380153656, 0.0, 0.7114967703819275]], "shift_hold_p_now_after": [[0.689754068851471, 0.8792341947555542, 0.0], [0.689754068851471, 0.8792341947555542, 0.0], [0.689754068851471, 0.8792341947555542, 0.0], [0.689754068851471, 0.8792341947555542, 0.0]], "shift_hold_p_now_before": [[0.689754068851471, 0.8792341947555542, 0.0], [0.6937516927719116, 0.8793802857398987, 0.018018018454313278], [0.689754068851471, 0.8792341947555542, 0.0], [0.689754068851471, 0.8792341947555542, 0.0]], "s_pred_p_now": [[0.44821304082870483, 0.13245032727718353, 0.7042889595031738], [0.392880380153656, 0.0, 0.7114967703819275], [0.392880380153656, 0.0, 0.7114967703819275], [0.392880380153656, 0.0, 0.7114967703819275]], "backchannel": [[0.2763950824737549, 0.17391304671764374, 0.4839506149291992], [0.5154232978820801, 0.609946072101593, 0.32398754358291626], [0.3299106955528259, 0.25531914830207825, 0.4809800088405609], [0.3793399930000305, 0.3257042169570923, 0.48796790838241577]], "short_long": [[0.43136924505233765, 0.06648199260234833, 0.7165685296058655], [0.43136924505233765, 0.06648199260234833, 0.7165685296058655], [0.4329732656478882, 0.09718669950962067, 0.6954271197319031], [0.43136924505233765, 0.06648199260234833, 0.7165685296058655]]}, "roddy_events": {"overlaps_before_p_now": [[0.7040293216705322, 0.8857142925262451, 0.0], [0.7040293216705322, 0.8857142925262451, 0.0], [0.7040293216705322, 0.8857142925262451, 0.0], [0.7040293216705322, 0.8857142925262451, 0.0]], "overlaps_before_p_future": [[0.7040293216705322, 0.8857142925262451, 0.0], [0.7040293216705322, 0.8857142925262451, 0.0], [0.7040293216705322, 0.8857142925262451, 0.0], [0.7040293216705322, 0.8857142925262451, 0.0]], "overlaps_after_p_now": [[0.7040293216705322, 0.8857142925262451, 0.0], [0.7040293216705322, 0.8857142925262451, 0.0], [0.7040293216705322, 0.8857142925262451, 0.0], [0.7040293216705322, 0.8857142925262451, 0.0]], "overlaps_after_p_future": [[0.7040293216705322, 0.8857142925262451, 0.0], [0.7040293216705322, 0.8857142925262451, 0.0], [0.7040293216705322, 0.8857142925262451, 0.0], [0.7040293216705322, 0.8857142925262451, 0.0]], "overlap_spred_before_p_future": [[0.916016697883606, 0.9709091186523438, 0.0], [0.916016697883606, 0.9709091186523438, 0.0], [0.916016697883606, 0.9709091186523438, 0.0], [0.916016697883606, 0.9709091186523438, 0.0]]}, "gap_0": {"gap_0_p_future": [[0.8602596521377563, 0.9502798914909363, 0.0], [0.8602596521377563, 0.9502798914909363, 0.0], [0.8602596521377563, 0.9502798914909363, 0.0], [0.8602596521377563, 0.9502798914909363, 0.0]], "gap_0_p_now": [[0.8602596521377563, 0.9502798914909363, 0.0], [0.8602596521377563, 0.9502798914909363, 0.0], [0.8602596521377563, 0.9502798914909363, 0.0], [0.8602596521377563, 0.9502798914909363, 0.0]], "s_pred_p_now": [[0.4202364385128021, 0.06649616360664368, 0.7091633677482605], [0.3969772458076477, 0.020942408591508865, 0.7041139006614685], [0.3962668776512146, 0.01075268816202879, 0.7111459970474243], [0.4318654537200928, 0.09452736377716064, 0.7073954939842224]], "s_pred_p_future": [[0.4423014223575592, 0.12440191209316254, 0.7019544243812561], [0.3975658416748047, 0.02099737524986267, 0.7051383256912231], [0.3962668776512146, 0.01075268816202879, 0.7111459970474243], [0.43118759989738464, 0.09429280459880829, 0.7063555717468262]], "superset_p_future": [[0.8675425052642822, 0.9530389308929443, 0.0], [0.8675425052642822, 0.9530389308929443, 0.0], [0.8675425052642822, 0.9530389308929443, 0.0], [0.8675425052642822, 0.9530389308929443, 0.0]]}, "fast_shift": {}, "slow_shift": {}, "short_long": {}}, "bal_Accs": {"ekstedt_events": {"shift_hold_p_future_after": [0.4714808800098051, 0.4956106753278588, 0.5004187604690117, 0.4796901172529313], "shift_hold_p_future_before": [0.46987222698860154, 0.5037688442211056, 0.501675041876047, 0.4734367978101891], "s_pred_p_future": [0.49706583532000737, 0.49872776453328443, 0.5018796992481203, 0.513570511644966], "shift_hold_p_now_after": [0.4741747354659476, 0.501557584671324, 0.5008375209380235, 0.4816332679658455], "shift_hold_p_now_before": [0.4782653102912938, 0.4985419986109409, 0.501675041876047, 0.47409047268864646], "s_pred_p_now": [0.4925499724922061, 0.49908307353750225, 0.5, 0.5189574546121402], "backchannel": [0.5005179589546884, 0.49930329954205643, 0.5027881065142797, 0.4987357626521586], "short_long": [0.47783975659229205, 0.47851588911426635, 0.5073022312373225, 0.5073022312373225]}, "roddy_events": {"overlaps_before_p_now": [0.5735887096774194, 0.47580645161290325, 0.5423387096774194, 0.5], "overlaps_before_p_future": [0.5050403225806452, 0.47580645161290325, 0.5423387096774194, 0.5], "overlaps_after_p_now": [0.5, 0.47580645161290325, 0.43548387096774194, 0.5], "overlaps_after_p_future": [0.5423387096774194, 0.5, 0.43548387096774194, 0.5], "overlap_spred_before_p_future": [0.5479868913857678, 0.5175561797752809, 0.4812734082397004, 0.50187265917603]}, "gap_0": {"gap_0_p_future": [0.5115744883956804, 0.5008207392313353, 0.5002822486266195, 0.4995349399322909], "gap_0_p_now": [0.5116127334670382, 0.5240286134325869, 0.5002822486266195, 0.4985987005854556], "s_pred_p_now": [0.5058827038959489, 0.49657538333035023, 0.5135343953224748, 0.5060378259053756], "s_pred_p_future": [0.5108525744287333, 0.49767913608973213, 0.5151333452657956, 0.5102231370443291], "superset_p_future": [0.5110254568719755, 0.5131274107056051, 0.500299735077203, 0.501334694760819]}, "fast_shift": {}, "slow_shift": {}, "short_long": {}}}