{"f1_score": {"ekstedt_events": {"shift_hold_p_future_after": [[0.689754068851471, 0.8792341947555542, 0.0], [0.689754068851471, 0.8792341947555542, 0.0], [0.689754068851471, 0.8792341947555542, 0.0], [0.689754068851471, 0.8792341947555542, 0.0]], "shift_hold_p_future_before": [[0.689754068851471, 0.8792341947555542, 0.0], [0.6913180947303772, 0.8795580267906189, 0.006079027429223061], [0.689754068851471, 0.8792341947555542, 0.0], [0.689754068851471, 0.8792341947555542, 0.0]], "s_pred_p_future": [[0.39508891105651855, 0.0074349441565573215, 0.709466814994812], [0.3921078145503998, 0.0, 0.7100977301597595], [0.392880380153656, 0.0, 0.7114967703819275], [0.392880380153656, 0.0, 0.7114967703819275]], "shift_hold_p_now_after": [[0.689754068851471, 0.8792341947555542, 0.0], [0.689754068851471, 0.8792341947555542, 0.0], [0.689754068851471, 0.8792341947555542, 0.0], [0.689754068851471, 0.8792341947555542, 0.0]], "shift_hold_p_now_before": [[0.689754068851471, 0.8792341947555542, 0.0], [0.6925427317619324, 0.8794692158699036, 0.012084592133760452], [0.689754068851471, 0.8792341947555542, 0.0], [0.689754068851471, 0.8792341947555542, 0.0]], "s_pred_p_now": [[0.39508891105651855, 0.0074349441565573215, 0.709466814994812], [0.392880380153656, 0.0, 0.7114967703819275], [0.392880380153656, 0.0, 0.7114967703819275], [0.392880380153656, 0.0, 0.7114967703819275]], "backchannel": [[0.22858868539333344, 0.09574468433856964, 0.49763593077659607], [0.5338497161865234, 0.6225165724754333, 0.3542739450931549], [0.28713473677635193, 0.182182177901268, 0.4996938109397888], [0.35018864274024963, 0.27669453620910645, 0.4990353584289551]], "short_long": [[0.43136924505233765, 0.06648199260234833, 0.7165685296058655], [0.43136924505233765, 0.06648199260234833, 0.7165685296058655], [0.4312741160392761, 0.07103825360536575, 0.712837815284729], [0.43136924505233765, 0.06648199260234833, 0.7165685296058655]]}, "roddy_events": {"overlaps_before_p_now": [[0.7040293216705322, 0.8857142925262451, 0.0], [0.7040293216705322, 0.8857142925262451, 0.0], [0.7040293216705322, 0.8857142925262451, 0.0], [0.7040293216705322, 0.8857142925262451, 0.0]], "overlaps_before_p_future": [[0.7040293216705322, 0.8857142925262451, 0.0], [0.7040293216705322, 0.8857142925262451, 0.0], [0.7040293216705322, 0.8857142925262451, 0.0], [0.7040293216705322, 0.8857142925262451, 0.0]], "overlaps_after_p_now": [[0.7040293216705322, 0.8857142925262451, 0.0], [0.7040293216705322, 0.8857142925262451, 0.0], [0.7040293216705322, 0.8857142925262451, 0.0], [0.7040293216705322, 0.8857142925262451, 0.0]], "overlaps_after_p_future": [[0.7040293216705322, 0.8857142925262451, 0.0], [0.7040293216705322, 0.8857142925262451, 0.0], [0.7040293216705322, 0.8857142925262451, 0.0], [0.7040293216705322, 0.8857142925262451, 0.0]], "overlap_spred_before_p_future": [[0.916016697883606, 0.9709091186523438, 0.0], [0.916016697883606, 0.9709091186523438, 0.0], [0.916016697883606, 0.9709091186523438, 0.0], [0.916016697883606, 0.9709091186523438, 0.0]]}, "gap_0": {"gap_0_p_future": [[0.8602596521377563, 0.9502798914909363, 0.0], [0.8602596521377563, 0.9502798914909363, 0.0], [0.8602596521377563, 0.9502798914909363, 0.0], [0.8602596521377563, 0.9502798914909363, 0.0]], "gap_0_p_now": [[0.8602596521377563, 0.9502798914909363, 0.0], [0.8602596521377563, 0.9502798914909363, 0.0], [0.8602596521377563, 0.9502798914909363, 0.0], [0.8602596521377563, 0.9502798914909363, 0.0]], "s_pred_p_now": [[0.39026230573654175, 0.0, 0.7090196013450623], [0.38970455527305603, 0.0, 0.7080062627792358], [0.3908191919326782, 0.0, 0.7100313305854797], [0.39026230573654175, 0.0, 0.7090196013450623]], "s_pred_p_future": [[0.39455369114875793, 0.01066666655242443, 0.7081038355827332], [0.39026230573654175, 0.0, 0.7090196013450623], [0.3908191919326782, 0.0, 0.7100313305854797], [0.39026230573654175, 0.0, 0.7090196013450623]], "superset_p_future": [[0.8675425052642822, 0.9530389308929443, 0.0], [0.8675425052642822, 0.9530389308929443, 0.0], [0.8675425052642822, 0.9530389308929443, 0.0], [0.8675425052642822, 0.9530389308929443, 0.0]]}, "fast_shift": {}, "slow_shift": {}, "short_long": {}}, "bal_Accs": {"ekstedt_events": {"shift_hold_p_future_after": [0.4964609633533521, 0.49847560975609756, 0.5, 0.4825422845937002], "shift_hold_p_future_before": [0.4804791232585693, 0.5, 0.5, 0.4554837194100584], "s_pred_p_future": [0.5110489638730974, 0.49847560975609756, 0.5, 0.4978681459746928], "shift_hold_p_now_after": [0.47541824978551295, 0.49847560975609756, 0.5, 0.4803310250439188], "shift_hold_p_now_before": [0.49143583772521143, 0.49847560975609756, 0.5, 0.455718633819504], "s_pred_p_now": [0.5034843205574913, 0.49847560975609756, 0.5, 0.4945672107097011], "backchannel": [0.5094472060224144, 0.4987357626521586, 0.5031325426957349, 0.4987357626521586], "short_long": [0.503921568627451, 0.4962136578769439, 0.5073022312373225, 0.5073022312373225]}, "roddy_events": {"overlaps_before_p_now": [0.532258064516129, 0.53125, 0.533266129032258, 0.5], "overlaps_before_p_future": [0.5534274193548387, 0.53125, 0.533266129032258, 0.5], "overlaps_after_p_now": [0.5, 0.53125, 0.4274193548387097, 0.5], "overlaps_after_p_future": [0.5403225806451613, 0.5, 0.4274193548387097, 0.5], "overlap_spred_before_p_future": [0.5674157303370786, 0.5482209737827715, 0.5200140449438202, 0.50187265917603]}, "gap_0": {"gap_0_p_future": [0.498600995289737, 0.4990117473561182, 0.5, 0.49807474310785566], "gap_0_p_now": [0.49917849586723756, 0.4981290511091836, 0.5, 0.4984854951742369], "s_pred_p_now": [0.5111628184475867, 0.4977924944812362, 0.4988962472406181, 0.4986814629198735], "s_pred_p_future": [0.49939144442455696, 0.4988962472406181, 0.4988962472406181, 0.4988962472406181], "superset_p_future": [0.49870831655070785, 0.4375462315594602, 0.5, 0.49816753891515614]}, "fast_shift": {}, "slow_shift": {}, "short_long": {}}}