{"f1_score": {"ekstedt_events": {"shift_hold_p_future_after": [[0.689754068851471, 0.8792341947555542, 0.0], [0.689754068851471, 0.8792341947555542, 0.0]], "shift_hold_p_future_before": [[0.689754068851471, 0.8792341947555542, 0.0], [0.689754068851471, 0.8792341947555542, 0.0]], "s_pred_p_future": [[0.392880380153656, 0.0, 0.7114967703819275], [0.392880380153656, 0.0, 0.7114967703819275]], "shift_hold_p_now_after": [[0.689754068851471, 0.8792341947555542, 0.0], [0.689754068851471, 0.8792341947555542, 0.0]], "shift_hold_p_now_before": [[0.689754068851471, 0.8792341947555542, 0.0], [0.689754068851471, 0.8792341947555542, 0.0]], "s_pred_p_now": [[0.392880380153656, 0.0, 0.7114967703819275], [0.392880380153656, 0.0, 0.7114967703819275]], "backchannel": [[0.2509944438934326, 0.13751263916492462, 0.4808277487754822], [0.3456268906593323, 0.286979615688324, 0.46440452337265015]], "short_long": [[0.43272459506988525, 0.08465608209371567, 0.7047781348228455], [0.4359324276447296, 0.09819121658802032, 0.6999140381813049]]}, "roddy_events": {"overlaps_before_p_now": [[0.7040293216705322, 0.8857142925262451, 0.0], [0.7040293216705322, 0.8857142925262451, 0.0]], "overlaps_before_p_future": [[0.7040293216705322, 0.8857142925262451, 0.0], [0.7040293216705322, 0.8857142925262451, 0.0]], "overlaps_after_p_now": [[0.7040293216705322, 0.8857142925262451, 0.0], [0.7040293216705322, 0.8857142925262451, 0.0]], "overlaps_after_p_future": [[0.7040293216705322, 0.8857142925262451, 0.0], [0.7040293216705322, 0.8857142925262451, 0.0]], "overlap_spred_before_p_future": [[0.916016697883606, 0.9709091186523438, 0.0], [0.916016697883606, 0.9709091186523438, 0.0]]}, "gap_0": {"gap_0_p_future": [[0.8602596521377563, 0.9502798914909363, 0.0], [0.8602596521377563, 0.9502798914909363, 0.0]], "gap_0_p_now": [[0.8602596521377563, 0.9502798914909363, 0.0], [0.8602596521377563, 0.9502798914909363, 0.0]], "s_pred_p_now": [[0.3935492932796478, 0.005390835460275412, 0.7105882167816162], [0.3908191919326782, 0.0, 0.7100313305854797]], "s_pred_p_future": [[0.3935492932796478, 0.005390835460275412, 0.7105882167816162], [0.3908191919326782, 0.0, 0.7100313305854797]], "superset_p_future": [[0.8675425052642822, 0.9530389308929443, 0.0], [0.8675425052642822, 0.9530389308929443, 0.0]]}, "fast_shift": {}, "slow_shift": {}, "short_long": {}}, "bal_Accs": {"ekstedt_events": {"shift_hold_p_future_after": [0.49708399722188173, 0.5008375209380235], "shift_hold_p_future_before": [0.4969333455897373, 0.5008375209380235], "s_pred_p_future": [0.5, 0.5], "shift_hold_p_now_after": [0.5, 0.5], "shift_hold_p_now_before": [0.4969333455897373, 0.5004187604690117], "s_pred_p_now": [0.49897991931047125, 0.5], "backchannel": [0.48833352903570915, 0.5], "short_long": [0.4704530087897228, 0.5073022312373225]}, "roddy_events": {"overlaps_before_p_now": [0.5, 0.47580645161290325], "overlaps_before_p_future": [0.5080645161290323, 0.47580645161290325], "overlaps_after_p_now": [0.5161290322580645, 0.5131048387096775], "overlaps_after_p_future": [0.5161290322580645, 0.5131048387096775], "overlap_spred_before_p_future": [0.5, 0.5038623595505618]}, "gap_0": {"gap_0_p_future": [0.501039501039501, 0.5000512483956192], "gap_0_p_now": [0.5009240009240009, 0.5001667485111194], "s_pred_p_now": [0.49828769166517506, 0.5], "s_pred_p_future": [0.5013513513513513, 0.5], "superset_p_future": [0.5010506408909434, 0.49987947872082567]}, "fast_shift": {}, "slow_shift": {}, "short_long": {}}}