{"f1_score": {"ekstedt_events": {"shift_hold_p_future_after": [[0.689754068851471, 0.8792341947555542, 0.0], [0.689754068851471, 0.8792341947555542, 0.0]], "shift_hold_p_future_before": [[0.689754068851471, 0.8792341947555542, 0.0], [0.689754068851471, 0.8792341947555542, 0.0]], "s_pred_p_future": [[0.3921078145503998, 0.0, 0.7100977301597595], [0.392880380153656, 0.0, 0.7114967703819275]], "shift_hold_p_now_after": [[0.689754068851471, 0.8792341947555542, 0.0], [0.689754068851471, 0.8792341947555542, 0.0]], "shift_hold_p_now_before": [[0.689754068851471, 0.8792341947555542, 0.0], [0.689754068851471, 0.8792341947555542, 0.0]], "s_pred_p_now": [[0.3921078145503998, 0.0, 0.7100977301597595], [0.3921078145503998, 0.0, 0.7100977301597595]], "backchannel": [[0.2710130214691162, 0.164000004529953, 0.48774510622024536], [0.3276132345199585, 0.2664298415184021, 0.4515272378921509]], "short_long": [[0.4334428906440735, 0.08488063514232635, 0.7058823704719543], [0.4366708993911743, 0.0984455943107605, 0.7010309100151062]]}, "roddy_events": {"overlaps_before_p_now": [[0.7040293216705322, 0.8857142925262451, 0.0], [0.7040293216705322, 0.8857142925262451, 0.0]], "overlaps_before_p_future": [[0.7040293216705322, 0.8857142925262451, 0.0], [0.7040293216705322, 0.8857142925262451, 0.0]], "overlaps_after_p_now": [[0.7040293216705322, 0.8857142925262451, 0.0], [0.7040293216705322, 0.8857142925262451, 0.0]], "overlaps_after_p_future": [[0.7040293216705322, 0.8857142925262451, 0.0], [0.7040293216705322, 0.8857142925262451, 0.0]], "overlap_spred_before_p_future": [[0.916016697883606, 0.9709091186523438, 0.0], [0.916016697883606, 0.9709091186523438, 0.0]]}, "gap_0": {"gap_0_p_future": [[0.8602596521377563, 0.9502798914909363, 0.0], [0.8602596521377563, 0.9502798914909363, 0.0]], "gap_0_p_now": [[0.8602596521377563, 0.9502798914909363, 0.0], [0.8602596521377563, 0.9502798914909363, 0.0]], "s_pred_p_now": [[0.39026230573654175, 0.0, 0.7090196013450623], [0.3908191919326782, 0.0, 0.7100313305854797]], "s_pred_p_future": [[0.38970455527305603, 0.0, 0.7080062627792358], [0.3908191919326782, 0.0, 0.7100313305854797]], "superset_p_future": [[0.8675425052642822, 0.9530389308929443, 0.0], [0.8675425052642822, 0.9530389308929443, 0.0]]}, "fast_shift": {}, "slow_shift": {}, "short_long": {}}, "bal_Accs": {"ekstedt_events": {"shift_hold_p_future_after": [0.5002323609919517, 0.49877691302038646], "shift_hold_p_future_before": [0.49909353678963925, 0.5011388242023124], "s_pred_p_future": [0.49847560975609756, 0.4969512195121951], "shift_hold_p_now_after": [0.5, 0.5], "shift_hold_p_now_before": [0.5029798382154675, 0.5007200637333007], "s_pred_p_now": [0.4928823583348615, 0.49847560975609756], "backchannel": [0.49005049121296335, 0.5], "short_long": [0.5057133198106829, 0.5073022312373225]}, "roddy_events": {"overlaps_before_p_now": [0.5, 0.4838709677419355], "overlaps_before_p_future": [0.5, 0.4838709677419355], "overlaps_after_p_now": [0.5, 0.4747983870967742], "overlaps_after_p_future": [0.5, 0.4747983870967742], "overlap_spred_before_p_future": [0.5, 0.4413623595505618]}, "gap_0": {"gap_0_p_future": [0.49924274758711845, 0.5011419978307395], "gap_0_p_now": [0.49912724747161835, 0.5013729980617397], "s_pred_p_now": [0.5012379929598473, 0.5], "s_pred_p_future": [0.5007427957759083, 0.5], "superset_p_future": [0.49914403009716524, 0.5007045342435005]}, "fast_shift": {}, "slow_shift": {}, "short_long": {}}}