{"f1_score": {"ekstedt_events": {"shift_hold_p_future_after": [[0.689754068851471, 0.8792341947555542, 0.0], [0.689754068851471, 0.8792341947555542, 0.0]], "shift_hold_p_future_before": [[0.689754068851471, 0.8792341947555542, 0.0], [0.689754068851471, 0.8792341947555542, 0.0]], "s_pred_p_future": [[0.3921078145503998, 0.0, 0.7100977301597595], [0.392880380153656, 0.0, 0.7114967703819275]], "shift_hold_p_now_after": [[0.689754068851471, 0.8792341947555542, 0.0], [0.689754068851471, 0.8792341947555542, 0.0]], "shift_hold_p_now_before": [[0.689754068851471, 0.8792341947555542, 0.0], [0.689754068851471, 0.8792341947555542, 0.0]], "s_pred_p_now": [[0.3921078145503998, 0.0, 0.7100977301597595], [0.392880380153656, 0.0, 0.7114967703819275]], "backchannel": [[0.2400563657283783, 0.12232416123151779, 0.4784978926181793], [0.32357490062713623, 0.26048171520233154, 0.4513567090034485]], "short_long": [[0.43272459506988525, 0.08465608209371567, 0.7047781348228455], [0.4366708993911743, 0.0984455943107605, 0.7010309100151062]]}, "roddy_events": {"overlaps_before_p_now": [[0.7040293216705322, 0.8857142925262451, 0.0], [0.7040293216705322, 0.8857142925262451, 0.0]], "overlaps_before_p_future": [[0.7040293216705322, 0.8857142925262451, 0.0], [0.7040293216705322, 0.8857142925262451, 0.0]], "overlaps_after_p_now": [[0.7040293216705322, 0.8857142925262451, 0.0], [0.7040293216705322, 0.8857142925262451, 0.0]], "overlaps_after_p_future": [[0.7040293216705322, 0.8857142925262451, 0.0], [0.7040293216705322, 0.8857142925262451, 0.0]], "overlap_spred_before_p_future": [[0.916016697883606, 0.9709091186523438, 0.0], [0.916016697883606, 0.9709091186523438, 0.0]]}, "gap_0": {"gap_0_p_future": [[0.8602596521377563, 0.9502798914909363, 0.0], [0.8602596521377563, 0.9502798914909363, 0.0]], "gap_0_p_now": [[0.8602596521377563, 0.9502798914909363, 0.0], [0.8602596521377563, 0.9502798914909363, 0.0]], "s_pred_p_now": [[0.3908191919326782, 0.0, 0.7100313305854797], [0.3908191919326782, 0.0, 0.7100313305854797]], "s_pred_p_future": [[0.39026230573654175, 0.0, 0.7090196013450623], [0.3908191919326782, 0.0, 0.7100313305854797]], "superset_p_future": [[0.8675425052642822, 0.9530389308929443, 0.0], [0.8675425052642822, 0.9530389308929443, 0.0]]}, "fast_shift": {}, "slow_shift": {}, "short_long": {}}, "bal_Accs": {"ekstedt_events": {"shift_hold_p_future_after": [0.49666523675287, 0.4988943702251093], "shift_hold_p_future_before": [0.500099583282265, 0.49931313069412103], "s_pred_p_future": [0.49847560975609756, 0.49847560975609756], "shift_hold_p_now_after": [0.5, 0.5], "shift_hold_p_now_before": [0.5021933856273236, 0.4988943702251093], "s_pred_p_now": [0.5013180817898404, 0.5], "backchannel": [0.48946860281550486, 0.5], "short_long": [0.49540229885057474, 0.5073022312373225]}, "roddy_events": {"overlaps_before_p_now": [0.5, 0.46774193548387094], "overlaps_before_p_future": [0.5, 0.47580645161290325], "overlaps_after_p_now": [0.5, 0.4747983870967742], "overlaps_after_p_future": [0.5, 0.48286290322580644], "overlap_spred_before_p_future": [0.5, 0.5007022471910112]}, "gap_0": {"gap_0_p_future": [0.5009752493196202, 0.5009109975997393], "gap_0_p_now": [0.5009752493196202, 0.5010264977152394], "s_pred_p_now": [0.4966887417218543, 0.5], "s_pred_p_future": [0.4977924944812362, 0.5], "superset_p_future": [0.5008250555226748, 0.5014554400572409]}, "fast_shift": {}, "slow_shift": {}, "short_long": {}}}