{"f1_score": {"ekstedt_events": {"shift_hold_p_future_after": [[0.689754068851471, 0.8792341947555542, 0.0], [0.689754068851471, 0.8792341947555542, 0.0]], "shift_hold_p_future_before": [[0.689754068851471, 0.8792341947555542, 0.0], [0.689754068851471, 0.8792341947555542, 0.0]], "s_pred_p_future": [[0.392880380153656, 0.0, 0.7114967703819275], [0.392880380153656, 0.0, 0.7114967703819275]], "shift_hold_p_now_after": [[0.689754068851471, 0.8792341947555542, 0.0], [0.689754068851471, 0.8792341947555542, 0.0]], "shift_hold_p_now_before": [[0.689754068851471, 0.8792341947555542, 0.0], [0.689754068851471, 0.8792341947555542, 0.0]], "s_pred_p_now": [[0.3921078145503998, 0.0, 0.7100977301597595], [0.392880380153656, 0.0, 0.7114967703819275]], "backchannel": [[0.23983728885650635, 0.12077789008617401, 0.4809667766094208], [0.31453365087509155, 0.24593128263950348, 0.45347312092781067]], "short_long": [[0.4334428906440735, 0.08488063514232635, 0.7058823704719543], [0.4334333837032318, 0.09326425194740295, 0.699312686920166]]}, "roddy_events": {"overlaps_before_p_now": [[0.7040293216705322, 0.8857142925262451, 0.0], [0.7040293216705322, 0.8857142925262451, 0.0]], "overlaps_before_p_future": [[0.7040293216705322, 0.8857142925262451, 0.0], [0.7040293216705322, 0.8857142925262451, 0.0]], "overlaps_after_p_now": [[0.7040293216705322, 0.8857142925262451, 0.0], [0.7040293216705322, 0.8857142925262451, 0.0]], "overlaps_after_p_future": [[0.7040293216705322, 0.8857142925262451, 0.0], [0.7040293216705322, 0.8857142925262451, 0.0]], "overlap_spred_before_p_future": [[0.916016697883606, 0.9709091186523438, 0.0], [0.916016697883606, 0.9709091186523438, 0.0]]}, "gap_0": {"gap_0_p_future": [[0.8602596521377563, 0.9502798914909363, 0.0], [0.8602596521377563, 0.9502798914909363, 0.0]], "gap_0_p_now": [[0.8602596521377563, 0.9502798914909363, 0.0], [0.8602596521377563, 0.9502798914909363, 0.0]], "s_pred_p_now": [[0.3908191919326782, 0.0, 0.7100313305854797], [0.3908191919326782, 0.0, 0.7100313305854797]], "s_pred_p_future": [[0.3929857015609741, 0.005376344081014395, 0.7095761299133301], [0.3908191919326782, 0.0, 0.7100313305854797]], "superset_p_future": [[0.8675425052642822, 0.9530389308929443, 0.0], [0.8675425052642822, 0.9530389308929443, 0.0]]}, "fast_shift": {}, "slow_shift": {}, "short_long": {}}, "bal_Accs": {"ekstedt_events": {"shift_hold_p_future_after": [0.49834027862891694, 0.4969512195121951], "shift_hold_p_future_before": [0.4992952567716632, 0.4969512195121951], "s_pred_p_future": [0.5, 0.49883091876031543], "shift_hold_p_now_after": [0.5, 0.5], "shift_hold_p_now_before": [0.4992952567716632, 0.4969512195121951], "s_pred_p_now": [0.5005043095543737, 0.5], "backchannel": [0.49061802810286115, 0.5], "short_long": [0.5063556457065586, 0.5073022312373225]}, "roddy_events": {"overlaps_before_p_now": [0.5, 0.47580645161290325], "overlaps_before_p_future": [0.5, 0.47580645161290325], "overlaps_after_p_now": [0.5080645161290323, 0.4586693548387097], "overlaps_after_p_future": [0.5080645161290323, 0.4586693548387097], "overlap_spred_before_p_future": [0.5, 0.4544709737827715]}, "gap_0": {"gap_0_p_future": [0.49912724747161835, 0.4984854951742369], "gap_0_p_now": [0.49912724747161835, 0.4984854951742369], "s_pred_p_now": [0.5063957997732832, 0.5], "s_pred_p_future": [0.5031978998866415, 0.5], "superset_p_future": [0.49914403009716524, 0.49870831655070785]}, "fast_shift": {}, "slow_shift": {}, "short_long": {}}}