{"f1_score": {"ekstedt_events": {"shift_hold_p_future_after": [[0.689754068851471, 0.8792341947555542, 0.0], [0.689754068851471, 0.8792341947555542, 0.0]], "shift_hold_p_future_before": [[0.689754068851471, 0.8792341947555542, 0.0], [0.689754068851471, 0.8792341947555542, 0.0]], "s_pred_p_future": [[0.392880380153656, 0.0, 0.7114967703819275], [0.392880380153656, 0.0, 0.7114967703819275]], "shift_hold_p_now_after": [[0.689754068851471, 0.8792341947555542, 0.0], [0.689754068851471, 0.8792341947555542, 0.0]], "shift_hold_p_now_before": [[0.689754068851471, 0.8792341947555542, 0.0], [0.689754068851471, 0.8792341947555542, 0.0]], "s_pred_p_now": [[0.392880380153656, 0.0, 0.7114967703819275], [0.392880380153656, 0.0, 0.7114967703819275]], "backchannel": [[0.2374480962753296, 0.11704312264919281, 0.48130276799201965], [0.31339412927627563, 0.2537444829940796, 0.43420174717903137]], "short_long": [[0.43272459506988525, 0.08465608209371567, 0.7047781348228455], [0.4366708993911743, 0.0984455943107605, 0.7010309100151062]]}, "roddy_events": {"overlaps_before_p_now": [[0.7040293216705322, 0.8857142925262451, 0.0], [0.7040293216705322, 0.8857142925262451, 0.0]], "overlaps_before_p_future": [[0.7040293216705322, 0.8857142925262451, 0.0], [0.7040293216705322, 0.8857142925262451, 0.0]], "overlaps_after_p_now": [[0.7040293216705322, 0.8857142925262451, 0.0], [0.7040293216705322, 0.8857142925262451, 0.0]], "overlaps_after_p_future": [[0.7040293216705322, 0.8857142925262451, 0.0], [0.7040293216705322, 0.8857142925262451, 0.0]], "overlap_spred_before_p_future": [[0.916016697883606, 0.9709091186523438, 0.0], [0.916016697883606, 0.9709091186523438, 0.0]]}, "gap_0": {"gap_0_p_future": [[0.8602596521377563, 0.9502798914909363, 0.0], [0.8602596521377563, 0.9502798914909363, 0.0]], "gap_0_p_now": [[0.8602596521377563, 0.9502798914909363, 0.0], [0.8602596521377563, 0.9502798914909363, 0.0]], "s_pred_p_now": [[0.3908191919326782, 0.0, 0.7100313305854797], [0.3908191919326782, 0.0, 0.7100313305854797]], "s_pred_p_future": [[0.3908191919326782, 0.0, 0.7100313305854797], [0.3908191919326782, 0.0, 0.7100313305854797]], "superset_p_future": [[0.8675425052642822, 0.9530389308929443, 0.0], [0.8675425052642822, 0.9530389308929443, 0.0]]}, "fast_shift": {}, "slow_shift": {}, "short_long": {}}, "bal_Accs": {"ekstedt_events": {"shift_hold_p_future_after": [0.5013890591167218, 0.49847560975609756], "shift_hold_p_future_before": [0.5031483637700699, 0.49847560975609756], "s_pred_p_future": [0.5, 0.5], "shift_hold_p_now_after": [0.5, 0.5], "shift_hold_p_now_before": [0.5024614944641909, 0.5], "s_pred_p_now": [0.4915642765450211, 0.5], "backchannel": [0.49176745339021743, 0.5], "short_long": [0.4651622718052738, 0.5073022312373225]}, "roddy_events": {"overlaps_before_p_now": [0.5, 0.5231854838709677], "overlaps_before_p_future": [0.5, 0.5231854838709677], "overlaps_after_p_now": [0.5, 0.5211693548387097], "overlaps_after_p_future": [0.5, 0.5131048387096775], "overlap_spred_before_p_future": [0.5, 0.4795177902621723]}, "gap_0": {"gap_0_p_future": [0.4990117473561182, 0.49935824770261855], "gap_0_p_now": [0.5, 0.49947374781811865], "s_pred_p_now": [0.5009903943678777, 0.5], "s_pred_p_future": [0.49914384583258753, 0.5], "superset_p_future": [0.5, 0.4989339019189765]}, "fast_shift": {}, "slow_shift": {}, "short_long": {}}}