{"f1_score": {"ekstedt_events": {"shift_hold_p_future_after": [[0.689754068851471, 0.8792341947555542, 0.0], [0.689754068851471, 0.8792341947555542, 0.0]], "shift_hold_p_future_before": [[0.689754068851471, 0.8792341947555542, 0.0], [0.689754068851471, 0.8792341947555542, 0.0]], "s_pred_p_future": [[0.392880380153656, 0.0, 0.7114967703819275], [0.392880380153656, 0.0, 0.7114967703819275]], "shift_hold_p_now_after": [[0.689754068851471, 0.8792341947555542, 0.0], [0.689754068851471, 0.8792341947555542, 0.0]], "shift_hold_p_now_before": [[0.689754068851471, 0.8792341947555542, 0.0], [0.689754068851471, 0.8792341947555542, 0.0]], "s_pred_p_now": [[0.392880380153656, 0.0, 0.7114967703819275], [0.392880380153656, 0.0, 0.7114967703819275]], "backchannel": [[0.2459384799003601, 0.13008129596710205, 0.4805825352668762], [0.3360942006111145, 0.28422877192497253, 0.4411366581916809]], "short_long": [[0.4334428906440735, 0.08488063514232635, 0.7058823704719543], [0.44164833426475525, 0.10824742168188095, 0.7022375464439392]]}, "roddy_events": {"overlaps_before_p_now": [[0.7040293216705322, 0.8857142925262451, 0.0], [0.7040293216705322, 0.8857142925262451, 0.0]], "overlaps_before_p_future": [[0.7040293216705322, 0.8857142925262451, 0.0], [0.7040293216705322, 0.8857142925262451, 0.0]], "overlaps_after_p_now": [[0.7040293216705322, 0.8857142925262451, 0.0], [0.7040293216705322, 0.8857142925262451, 0.0]], "overlaps_after_p_future": [[0.7040293216705322, 0.8857142925262451, 0.0], [0.7040293216705322, 0.8857142925262451, 0.0]], "overlap_spred_before_p_future": [[0.916016697883606, 0.9709091186523438, 0.0], [0.916016697883606, 0.9709091186523438, 0.0]]}, "gap_0": {"gap_0_p_future": [[0.8602596521377563, 0.9502798914909363, 0.0], [0.8602596521377563, 0.9502798914909363, 0.0]], "gap_0_p_now": [[0.8602596521377563, 0.9502798914909363, 0.0], [0.8602596521377563, 0.9502798914909363, 0.0]], "s_pred_p_now": [[0.3908191919326782, 0.0, 0.7100313305854797], [0.3908191919326782, 0.0, 0.7100313305854797]], "s_pred_p_future": [[0.3908191919326782, 0.0, 0.7100313305854797], [0.3908191919326782, 0.0, 0.7100313305854797]], "superset_p_future": [[0.8675425052642822, 0.9530389308929443, 0.0], [0.8675425052642822, 0.9530389308929443, 0.0]]}, "fast_shift": {}, "slow_shift": {}, "short_long": {}}, "bal_Accs": {"ekstedt_events": {"shift_hold_p_future_after": [0.5030972954201903, 0.5041876046901173], "shift_hold_p_future_before": [0.5057273154389835, 0.5041876046901173], "s_pred_p_future": [0.5, 0.5037593984962406], "shift_hold_p_now_after": [0.5, 0.5], "shift_hold_p_now_before": [0.5050404461331045, 0.5041876046901173], "s_pred_p_now": [0.5068540253071704, 0.5], "backchannel": [0.49176745339021743, 0.5], "short_long": [0.5094320486815416, 0.5073022312373225]}, "roddy_events": {"overlaps_before_p_now": [0.5, 0.5070564516129032], "overlaps_before_p_future": [0.5, 0.5070564516129032], "overlaps_after_p_now": [0.5, 0.4747983870967742], "overlaps_after_p_future": [0.5, 0.4747983870967742], "overlap_spred_before_p_future": [0.5, 0.4544709737827715]}, "gap_0": {"gap_0_p_future": [0.5002310002310002, 0.5031185031185031], "gap_0_p_now": [0.5001155001155001, 0.5032340032340032], "s_pred_p_now": [0.5031978998866415, 0.5], "s_pred_p_future": [0.5002475985919694, 0.5], "superset_p_future": [0.5, 0.5029417944946417]}, "fast_shift": {}, "slow_shift": {}, "short_long": {}}}