{"f1_score": {"ekstedt_events": {"shift_hold_p_future_after": [[0.689754068851471, 0.8792341947555542, 0.0], [0.689754068851471, 0.8792341947555542, 0.0]], "shift_hold_p_future_before": [[0.689754068851471, 0.8792341947555542, 0.0], [0.689754068851471, 0.8792341947555542, 0.0]], "s_pred_p_future": [[0.392880380153656, 0.0, 0.7114967703819275], [0.392880380153656, 0.0, 0.7114967703819275]], "shift_hold_p_now_after": [[0.689754068851471, 0.8792341947555542, 0.0], [0.689754068851471, 0.8792341947555542, 0.0]], "shift_hold_p_now_before": [[0.689754068851471, 0.8792341947555542, 0.0], [0.689754068851471, 0.8792341947555542, 0.0]], "s_pred_p_now": [[0.392880380153656, 0.0, 0.7114967703819275], [0.392880380153656, 0.0, 0.7114967703819275]], "backchannel": [[0.2376823127269745, 0.11860940605401993, 0.4788391888141632], [0.30164414644241333, 0.23049001395702362, 0.4457516372203827]], "short_long": [[0.4294455647468567, 0.0793650820851326, 0.703071653842926], [0.4391648769378662, 0.1033591702580452, 0.7016336917877197]]}, "roddy_events": {"overlaps_before_p_now": [[0.7040293216705322, 0.8857142925262451, 0.0], [0.7040293216705322, 0.8857142925262451, 0.0]], "overlaps_before_p_future": [[0.7040293216705322, 0.8857142925262451, 0.0], [0.7040293216705322, 0.8857142925262451, 0.0]], "overlaps_after_p_now": [[0.7040293216705322, 0.8857142925262451, 0.0], [0.7040293216705322, 0.8857142925262451, 0.0]], "overlaps_after_p_future": [[0.7040293216705322, 0.8857142925262451, 0.0], [0.7040293216705322, 0.8857142925262451, 0.0]], "overlap_spred_before_p_future": [[0.916016697883606, 0.9709091186523438, 0.0], [0.916016697883606, 0.9709091186523438, 0.0]]}, "gap_0": {"gap_0_p_future": [[0.8602596521377563, 0.9502798914909363, 0.0], [0.8602596521377563, 0.9502798914909363, 0.0]], "gap_0_p_now": [[0.8602596521377563, 0.9502798914909363, 0.0], [0.8602596521377563, 0.9502798914909363, 0.0]], "s_pred_p_now": [[0.3908191919326782, 0.0, 0.7100313305854797], [0.3908191919326782, 0.0, 0.7100313305854797]], "s_pred_p_future": [[0.3908191919326782, 0.0, 0.7100313305854797], [0.3908191919326782, 0.0, 0.7100313305854797]], "superset_p_future": [[0.8675425052642822, 0.9530389308929443, 0.0], [0.8675425052642822, 0.9530389308929443, 0.0]]}, "fast_shift": {}, "slow_shift": {}, "short_long": {}}, "bal_Accs": {"ekstedt_events": {"shift_hold_p_future_after": [0.5083905298851983, 0.4958455897373044], "shift_hold_p_future_before": [0.5068329452138742, 0.49599624136944886], "s_pred_p_future": [0.5, 0.49847560975609756], "shift_hold_p_now_after": [0.5, 0.5], "shift_hold_p_now_before": [0.506564836377007, 0.4958455897373044], "s_pred_p_now": [0.5140175132954337, 0.5], "backchannel": [0.4877659921458113, 0.5], "short_long": [0.5080459770114942, 0.5073022312373225]}, "roddy_events": {"overlaps_before_p_now": [0.5, 0.5070564516129032], "overlaps_before_p_future": [0.5, 0.5070564516129032], "overlaps_after_p_now": [0.5080645161290323, 0.46673387096774194], "overlaps_after_p_future": [0.5080645161290323, 0.46673387096774194], "overlap_spred_before_p_future": [0.5, 0.4544709737827715]}, "gap_0": {"gap_0_p_future": [0.5, 0.49430148436770954], "gap_0_p_now": [0.5, 0.4946479847142099], "s_pred_p_now": [0.49963904301652645, 0.5], "s_pred_p_future": [0.49828769166517506, 0.5], "superset_p_future": [0.5, 0.49540495821854313]}, "fast_shift": {}, "slow_shift": {}, "short_long": {}}}