{"f1_score": {"ekstedt_events": {"shift_hold_p_future_after": [[0.689754068851471, 0.8792341947555542, 0.0], [0.689754068851471, 0.8792341947555542, 0.0]], "shift_hold_p_future_before": [[0.689754068851471, 0.8792341947555542, 0.0], [0.689754068851471, 0.8792341947555542, 0.0]], "s_pred_p_future": [[0.392880380153656, 0.0, 0.7114967703819275], [0.392880380153656, 0.0, 0.7114967703819275]], "shift_hold_p_now_after": [[0.689754068851471, 0.8792341947555542, 0.0], [0.689754068851471, 0.8792341947555542, 0.0]], "shift_hold_p_now_before": [[0.689754068851471, 0.8792341947555542, 0.0], [0.689754068851471, 0.8792341947555542, 0.0]], "s_pred_p_now": [[0.392880380153656, 0.0, 0.7114967703819275], [0.392880380153656, 0.0, 0.7114967703819275]], "backchannel": [[0.23466268181800842, 0.11316872388124466, 0.48072290420532227], [0.3194729685783386, 0.25754883885383606, 0.4448871314525604]], "short_long": [[0.4334428906440735, 0.08488063514232635, 0.7058823704719543], [0.4374089241027832, 0.09870129823684692, 0.7021459341049194]]}, "roddy_events": {"overlaps_before_p_now": [[0.7040293216705322, 0.8857142925262451, 0.0], [0.7040293216705322, 0.8857142925262451, 0.0]], "overlaps_before_p_future": [[0.7040293216705322, 0.8857142925262451, 0.0], [0.7040293216705322, 0.8857142925262451, 0.0]], "overlaps_after_p_now": [[0.7040293216705322, 0.8857142925262451, 0.0], [0.7040293216705322, 0.8857142925262451, 0.0]], "overlaps_after_p_future": [[0.7040293216705322, 0.8857142925262451, 0.0], [0.7040293216705322, 0.8857142925262451, 0.0]], "overlap_spred_before_p_future": [[0.916016697883606, 0.9709091186523438, 0.0], [0.916016697883606, 0.9709091186523438, 0.0]]}, "gap_0": {"gap_0_p_future": [[0.8602596521377563, 0.9502798914909363, 0.0], [0.8602596521377563, 0.9502798914909363, 0.0]], "gap_0_p_now": [[0.8602596521377563, 0.9502798914909363, 0.0], [0.8602596521377563, 0.9502798914909363, 0.0]], "s_pred_p_now": [[0.3908191919326782, 0.0, 0.7100313305854797], [0.3908191919326782, 0.0, 0.7100313305854797]], "s_pred_p_future": [[0.3908191919326782, 0.0, 0.7100313305854797], [0.3908191919326782, 0.0, 0.7100313305854797]], "superset_p_future": [[0.8675425052642822, 0.9530389308929443, 0.0], [0.8675425052642822, 0.9530389308929443, 0.0]]}, "fast_shift": {}, "slow_shift": {}, "short_long": {}}, "bal_Accs": {"ekstedt_events": {"shift_hold_p_future_after": [0.5021933856273236, 0.4988943702251093], "shift_hold_p_future_before": [0.5034164726069371, 0.4988943702251093], "s_pred_p_future": [0.5, 0.49847560975609756], "shift_hold_p_now_after": [0.5, 0.5], "shift_hold_p_now_before": [0.5042539935449606, 0.49931313069412103], "s_pred_p_now": [0.49649275628094625, 0.5], "backchannel": [0.49119991650031963, 0.5], "short_long": [0.4856659905341447, 0.5073022312373225]}, "roddy_events": {"overlaps_before_p_now": [0.5, 0.47580645161290325], "overlaps_before_p_future": [0.5, 0.47580645161290325], "overlaps_after_p_now": [0.5, 0.4909274193548387], "overlaps_after_p_future": [0.5, 0.5221774193548387], "overlap_spred_before_p_future": [0.5, 0.4857209737827715]}, "gap_0": {"gap_0_p_future": [0.5, 0.49836999505873675], "gap_0_p_now": [0.5, 0.4988319955207372], "s_pred_p_now": [0.49988664160849594, 0.5], "s_pred_p_future": [0.49963904301652645, 0.5], "superset_p_future": [0.5, 0.4982880601943305]}, "fast_shift": {}, "slow_shift": {}, "short_long": {}}}