{"f1_score": {"ekstedt_events": {"shift_hold_p_future_after": [[0.689754068851471, 0.8792341947555542, 0.0], [0.689754068851471, 0.8792341947555542, 0.0]], "shift_hold_p_future_before": [[0.689754068851471, 0.8792341947555542, 0.0], [0.689754068851471, 0.8792341947555542, 0.0]], "s_pred_p_future": [[0.4136803150177002, 0.05017921328544617, 0.7084708213806152], [0.3913336396217346, 0.0, 0.708695650100708]], "shift_hold_p_now_after": [[0.689754068851471, 0.8792341947555542, 0.0], [0.689754068851471, 0.8792341947555542, 0.0]], "shift_hold_p_now_before": [[0.689754068851471, 0.8792341947555542, 0.0], [0.689754068851471, 0.8792341947555542, 0.0]], "s_pred_p_now": [[0.4119477868080139, 0.049822062253952026, 0.7056229114532471], [0.39641252160072327, 0.014652014710009098, 0.7060109376907349]], "backchannel": [[0.34469524025917053, 0.27087199687957764, 0.4942084848880768], [0.35955506563186646, 0.3071553111076355, 0.46567967534065247]], "short_long": [[0.43709293007850647, 0.09448818862438202, 0.7048759460449219], [0.4433664381504059, 0.11282051354646683, 0.701724112033844]]}, "roddy_events": {"overlaps_before_p_now": [[0.7040293216705322, 0.8857142925262451, 0.0], [0.7040293216705322, 0.8857142925262451, 0.0]], "overlaps_before_p_future": [[0.7040293216705322, 0.8857142925262451, 0.0], [0.7040293216705322, 0.8857142925262451, 0.0]], "overlaps_after_p_now": [[0.7040293216705322, 0.8857142925262451, 0.0], [0.7040293216705322, 0.8857142925262451, 0.0]], "overlaps_after_p_future": [[0.7040293216705322, 0.8857142925262451, 0.0], [0.7040293216705322, 0.8857142925262451, 0.0]], "overlap_spred_before_p_future": [[0.916016697883606, 0.9709091186523438, 0.0], [0.916016697883606, 0.9709091186523438, 0.0]]}, "gap_0": {"gap_0_p_future": [[0.8602596521377563, 0.9502798914909363, 0.0], [0.8602596521377563, 0.9502798914909363, 0.0]], "gap_0_p_now": [[0.8602596521377563, 0.9502798914909363, 0.0], [0.8602596521377563, 0.9502798914909363, 0.0]], "s_pred_p_now": [[0.4010814428329468, 0.02133333310484886, 0.7112509608268738], [0.3908191919326782, 0.0, 0.7100313305854797]], "s_pred_p_future": [[0.4151461720466614, 0.05655527114868164, 0.7080349922180176], [0.3908191919326782, 0.0, 0.7100313305854797]], "superset_p_future": [[0.8675425052642822, 0.9530389308929443, 0.0], [0.8675425052642822, 0.9530389308929443, 0.0]]}, "fast_shift": {}, "slow_shift": {}, "short_long": {}}, "bal_Accs": {"ekstedt_events": {"shift_hold_p_future_after": [0.5027091759611063, 0.49864158189320584], "shift_hold_p_future_before": [0.5025253299015402, 0.4987922335253503], "s_pred_p_future": [0.5040115532734275, 0.5046190170548321], "shift_hold_p_now_after": [0.5, 0.5], "shift_hold_p_now_before": [0.5033628508395637, 0.4984909302610614], "s_pred_p_now": [0.510097652668256, 0.49613744727672837], "backchannel": [0.49003613970540266, 0.5], "short_long": [0.4891142663962137, 0.5073022312373225]}, "roddy_events": {"overlaps_before_p_now": [0.5, 0.5695564516129032], "overlaps_before_p_future": [0.5, 0.5695564516129032], "overlaps_after_p_now": [0.5, 0.529233870967742], "overlaps_after_p_future": [0.5, 0.529233870967742], "overlap_spred_before_p_future": [0.5, 0.5001170411985019]}, "gap_0": {"gap_0_p_future": [0.5013852364845742, 0.49338895696511587], "gap_0_p_now": [0.5004099871649541, 0.49454395812011703], "s_pred_p_now": [0.5063242049997017, 0.49828769166517506], "s_pred_p_future": [0.5103573772447945, 0.5], "superset_p_future": [0.5028490513541619, 0.4951576431772635]}, "fast_shift": {}, "slow_shift": {}, "short_long": {}}}