{"f1_score": {"ekstedt_events": {"shift_hold_p_future_after": [[0.5386615991592407, 0.573913037776947, 0.45468997955322266], [0.5044457316398621, 0.5198938846588135, 0.4676470458507538], [0.4476698637008667, 0.4399999976158142, 0.46594005823135376], [0.42656487226486206, 0.40536513924598694, 0.47706422209739685], [0.434810072183609, 0.42151162028312683, 0.46648794412612915]], "shift_hold_p_future_before": [[0.4444859027862549, 0.43812233209609985, 0.4596443176269531], [0.285256028175354, 0.2103448212146759, 0.46370023488998413], [0.3392534852027893, 0.28477904200553894, 0.46901580691337585], [0.47097623348236084, 0.4744827449321747, 0.4626234173774719], [0.44544243812561035, 0.4422535300254822, 0.45303866267204285]], "s_pred_p_future": [[0.42778876423835754, 0.10256410390138626, 0.7008547186851501], [0.3861912488937378, 0.01104972418397665, 0.7011685967445374], [0.382555216550827, 0.010869565419852734, 0.6946308612823486], [0.4512846767902374, 0.15609756112098694, 0.6991304159164429], [0.4292351305484772, 0.10309278219938278, 0.703071653842926]], "shift_hold_p_now_after": [[0.31969255208969116, 0.2591361999511719, 0.4639423191547394], [0.33345136046409607, 0.2834138572216034, 0.4526445269584656], [0.29797837138175964, 0.23193277418613434, 0.45530393719673157], [0.30060750246047974, 0.2312925159931183, 0.4657210409641266], [0.4999333620071411, 0.5345044136047363, 0.4175824224948883]], "shift_hold_p_now_before": [[0.1772213876247406, 0.057581573724746704, 0.462212473154068], [0.1772213876247406, 0.057581573724746704, 0.462212473154068], [0.1603902131319046, 0.034951455891132355, 0.45919477939605713], [0.2190721035003662, 0.11764705926179886, 0.4606741666793823], [0.167167067527771, 0.04606525972485542, 0.4556407332420349]], "s_pred_p_now": [[0.38286054134368896, 0.0, 0.7043189406394958], [0.38286054134368896, 0.0, 0.7043189406394958], [0.38286054134368896, 0.0, 0.7043189406394958], [0.38286054134368896, 0.0, 0.7043189406394958], [0.38286054134368896, 0.0, 0.7043189406394958]], "backchannel": [[0.44798046350479126, 0.4238143265247345, 0.480436772108078], [0.45097291469573975, 0.46765249967575073, 0.4285714328289032], [0.5142585635185242, 0.621745765209198, 0.3698979616165161], [0.46278345584869385, 0.5277311205863953, 0.37555554509162903], [0.49079203605651855, 0.5843230485916138, 0.36517533659935]], "short_long": [[0.4444797933101654, 0.4057052433490753, 0.46351930499076843], [0.4762149751186371, 0.33147114515304565, 0.5472887754440308], [0.423589289188385, 0.4613180458545685, 0.40506330132484436], [0.46610531210899353, 0.4142394959926605, 0.4915730357170105], [0.5825895667076111, 0.23456789553165436, 0.7534791231155396]]}, "roddy_events": {"overlaps_before_p_now": [[0.3622783422470093, 0.27826085686683655, 0.5202311873435974], [0.25348252058029175, 0.12380952388048172, 0.4972677528858185], [0.2763601839542389, 0.15813954174518585, 0.49861496686935425], [0.3446734547615051, 0.25974026322364807, 0.5043478012084961], [0.33996033668518066, 0.2716049253940582, 0.46846845746040344]], "overlaps_before_p_future": [[0.4111328125, 0.3671875, 0.4937500059604645], [0.33256205916404724, 0.248927041888237, 0.4897959232330322], [0.4111880660057068, 0.3820224702358246, 0.4660194218158722], [0.4941105246543884, 0.5358255505561829, 0.4156862795352936], [0.4408380389213562, 0.44897958636283875, 0.42553192377090454]], "overlaps_after_p_now": [[0.4172338843345642, 0.38167938590049744, 0.48407644033432007], [0.5501413941383362, 0.6410958766937256, 0.379146933555603], [0.415487140417099, 0.4056939482688904, 0.43389829993247986], [0.44740480184555054, 0.47741934657096863, 0.3909774422645569], [0.4694092869758606, 0.5063291192054749, 0.4000000059604645]], "overlaps_after_p_future": [[0.44630521535873413, 0.4357142746448517, 0.46621620655059814], [0.5422594547271729, 0.6017699241638184, 0.4303797483444214], [0.33256205916404724, 0.248927041888237, 0.4897959232330322], [0.4163826107978821, 0.3956044018268585, 0.4554455578327179], [0.45668095350265503, 0.4820846915245056, 0.4089219272136688]], "overlap_spred_before_p_future": [[0.3352077007293701, 0.23255814611911774, 0.5189504623413086], [0.3519132137298584, 0.2666666805744171, 0.5045045018196106], [0.27604052424430847, 0.14000000059604645, 0.5195530652999878], [0.2932284474372864, 0.1666666716337204, 0.5197740197181702], [0.2666829824447632, 0.12244898080825806, 0.5248618721961975]]}, "gap_0": {"gap_0_p_future": [[0.487736314535141, 0.5210280418395996, 0.3711656332015991], [0.41025853157043457, 0.4173126518726349, 0.3855585753917694], [0.3394504189491272, 0.3270963132381439, 0.38270819187164307], [0.49273765087127686, 0.5218935012817383, 0.39064857363700867], [0.4566779136657715, 0.48317307233810425, 0.36390531063079834]], "gap_0_p_now": [[0.19663435220718384, 0.14785991609096527, 0.36741766333580017], [0.13079415261745453, 0.06265457719564438, 0.3693843483924866], [0.16732105612754822, 0.11013567447662354, 0.36755529046058655], [0.20391827821731567, 0.15658915042877197, 0.3696407973766327], [0.2514684796333313, 0.21893490850925446, 0.36538460850715637]], "s_pred_p_now": [[0.39655640721321106, 0.04651162773370743, 0.6943557262420654], [0.37907448410987854, 0.0, 0.7015706896781921], [0.3783390522003174, 0.0, 0.7002096176147461], [0.38675931096076965, 0.02054794505238533, 0.6983122229576111], [0.37907448410987854, 0.0, 0.7015706896781921]], "s_pred_p_future": [[0.5031669735908508, 0.28032344579696655, 0.6927502751350403], [0.3783390522003174, 0.0, 0.7002096176147461], [0.42487791180610657, 0.10759493708610535, 0.6948052048683167], [0.47498273849487305, 0.20710058510303497, 0.7028824687004089], [0.41079920530319214, 0.07236842066049576, 0.6987179517745972]], "superset_p_future": [[0.4613209664821625, 0.4903391897678375, 0.3510114848613739], [0.4611862599849701, 0.48674488067626953, 0.3640280067920685], [0.32206636667251587, 0.31221944093704224, 0.35949838161468506], [0.4491807818412781, 0.47306177020072937, 0.35839998722076416], [0.5011411905288696, 0.5435312986373901, 0.3400000035762787]]}, "fast_shift": {}, "slow_shift": {}, "short_long": {}}, "bal_Accs": {"ekstedt_events": {"shift_hold_p_future_after": [0.5532645245656641, 0.5135718288810013, 0.5338408369138801, 0.5261535587521017, 0.5259200448346721], "shift_hold_p_future_before": [0.5371894264898188, 0.523328040351205, 0.5151737343545675, 0.5318606388940781, 0.5145619278909023], "s_pred_p_future": [0.5115804536781853, 0.4980920076319695, 0.49101653593385625, 0.5190004239983039, 0.513938944244223], "shift_hold_p_now_after": [0.5171539323743695, 0.5097001681300205, 0.5147954418083318, 0.5212030637025967, 0.5215813562488324], "shift_hold_p_now_before": [0.5079207920792079, 0.501980198019802, 0.503960396039604, 0.5022137119372314, 0.5035821034933682], "s_pred_p_now": [0.5, 0.5, 0.5, 0.49764150943396224, 0.5], "backchannel": [0.4983193214400683, 0.4500961991959694, 0.5098351512610704, 0.45481258001003166, 0.47142659290147254], "short_long": [0.5122652906607694, 0.49371378258287774, 0.5219454511947909, 0.5015459590064909, 0.5166113807154411]}, "roddy_events": {"overlaps_before_p_now": [0.485, 0.485, 0.4879787234042553, 0.49861702127659574, 0.485], "overlaps_before_p_future": [0.5247872340425532, 0.4876595744680851, 0.4915957446808511, 0.49893617021276593, 0.48819148936170215], "overlaps_after_p_now": [0.4882978723404255, 0.49414893617021277, 0.4715957446808511, 0.49148936170212765, 0.4928723404255319], "overlaps_after_p_future": [0.507872340425532, 0.4945744680851064, 0.48095744680851066, 0.49010638297872344, 0.4888297872340425], "overlap_spred_before_p_future": [0.5045530726256983, 0.49558659217877093, 0.49058659217877093, 0.5074860335195531, 0.5085195530726256]}, "gap_0": {"gap_0_p_future": [0.5242864959092007, 0.5102289066178062, 0.5308915779160464, 0.5319591301803005, 0.5181114885928414], "gap_0_p_now": [0.5080988917306053, 0.5059676044330775, 0.5046888320545609, 0.5006387499840949, 0.5053275820386558],