{"f1_score": {"ekstedt_events": {"shift_hold_p_future_after": [[0.5797944068908691, 0.595800518989563, 0.5416666865348816], [0.46286946535110474, 0.45151954889297485, 0.48990577459335327], [0.37190428376197815, 0.3280254900455475, 0.4764268100261688], [0.3172498047351837, 0.2525252401828766, 0.4714285731315613], [0.4358355402946472, 0.40971168875694275, 0.4980645179748535]], "shift_hold_p_future_before": [[0.44420325756073, 0.42105263471603394, 0.49934980273246765], [0.24046459794044495, 0.1428571492433548, 0.47297295928001404], [0.26827651262283325, 0.1818181872367859, 0.47422680258750916], [0.44462406635284424, 0.4249628484249115, 0.49145859479904175], [0.49166882038116455, 0.4850214123725891, 0.5075033903121948]], "s_pred_p_future": [[0.4416523575782776, 0.11578947305679321, 0.7152542471885681], [0.3816886246204376, 0.0, 0.70216304063797], [0.3816886246204376, 0.0, 0.70216304063797], [0.46073535084724426, 0.16080401837825775, 0.7125645279884338], [0.42190393805503845, 0.07567567378282547, 0.7126050591468811]], "shift_hold_p_now_after": [[0.3166760802268982, 0.25042301416397095, 0.47449585795402527], [0.3127606511116028, 0.24662162363529205, 0.470308780670166], [0.2804896831512451, 0.20000000298023224, 0.4722222089767456], [0.26753130555152893, 0.18149466812610626, 0.4724770784378052], [0.5437209606170654, 0.565891444683075, 0.4909090995788574]], "shift_hold_p_now_before": [[0.15754996240139008, 0.031128404662013054, 0.458695650100708], [0.15183888375759125, 0.0234375, 0.45770063996315], [0.15131156146526337, 0.023391813039779663, 0.4560260474681854], [0.2190721035003662, 0.11764705926179886, 0.4606741666793823], [0.16548553109169006, 0.04247104376554489, 0.4585152864456177]], "s_pred_p_now": [[0.38286054134368896, 0.0, 0.7043189406394958], [0.38286054134368896, 0.0, 0.7043189406394958], [0.38286054134368896, 0.0, 0.7043189406394958], [0.3816886246204376, 0.0, 0.70216304063797], [0.38286054134368896, 0.0, 0.7043189406394958]], "backchannel": [[0.4950357675552368, 0.4269406497478485, 0.5864909291267395], [0.5055625438690186, 0.49309664964675903, 0.5223048329353333], [0.5394384860992432, 0.6132686138153076, 0.4402810335159302], [0.5469917058944702, 0.5581395626068115, 0.5320196747779846], [0.5341706275939941, 0.5517873764038086, 0.5105105042457581]], "short_long": [[0.5063256025314331, 0.30641821026802063, 0.6044864058494568], [0.5097744464874268, 0.2557077705860138, 0.634529173374176], [0.44412630796432495, 0.37828946113586426, 0.4764542877674103], [0.5364054441452026, 0.33262258768081665, 0.6364692449569702], [0.5842124819755554, 0.1843971610069275, 0.7805343270301819]]}, "roddy_events": {"overlaps_before_p_now": [[0.34171634912490845, 0.26778241991996765, 0.4807121753692627], [0.2179509848356247, 0.07729468494653702, 0.4823848307132721], [0.2822871506214142, 0.1785714328289032, 0.47727271914482117], [0.325044184923172, 0.25514402985572815, 0.4564564526081085], [0.3799247741699219, 0.32669323682785034, 0.47999998927116394]], "overlaps_before_p_future": [[0.39196428656578064, 0.32499998807907104, 0.5178571343421936], [0.2560088336467743, 0.11764705926179886, 0.5161290168762207], [0.4747910797595978, 0.442748099565506, 0.5350318551063538], [0.6305584907531738, 0.670694887638092, 0.5551020503044128], [0.5648651719093323, 0.5808581113815308, 0.5347985625267029]], "overlaps_after_p_now": [[0.48422959446907043, 0.4879724979400635, 0.4771929681301117], [0.6171369552612305, 0.7089946866035461, 0.4444444477558136], [0.5442361831665039, 0.5759493708610535, 0.48461538553237915], [0.5963703393936157, 0.6510263681411743, 0.4936170279979706], [0.5889075994491577, 0.651296854019165, 0.471615731716156]], "overlaps_after_p_future": [[0.5315570831298828, 0.5248227119445801, 0.5442177057266235], [0.6880955696105957, 0.7195122241973877, 0.6290322542190552], [0.42447203397750854, 0.35983264446258545, 0.5459940433502197], [0.5602654218673706, 0.5487364530563354, 0.5819398164749146], [0.6167150139808655, 0.6523076891899109, 0.5498008131980896]], "overlap_spred_before_p_future": [[0.3900088369846344, 0.30136987566947937, 0.5486725568771362], [0.362727552652359, 0.2571428716182709, 0.5517241358757019], [0.2770974636077881, 0.13333334028720856, 0.5344352722167969], [0.3076746165752411, 0.17910447716712952, 0.5378151535987854], [0.2429787665605545, 0.08421052992343903, 0.5271739363670349]]}, "gap_0": {"gap_0_p_future": [[0.5548996329307556, 0.5853658318519592, 0.4482225775718689], [0.33465349674224854, 0.3155650198459625, 0.40149161219596863], [0.255745530128479, 0.2185380607843399, 0.3860272467136383], [0.5074780583381653, 0.5301932096481323, 0.4279411733150482], [0.540450394153595, 0.5668638944625854, 0.44796380400657654]], "gap_0_p_now": [[0.17814552783966064, 0.12251392006874084, 0.37293916940689087], [0.10084963589906693, 0.025231286883354187, 0.365626722574234], [0.1328791081905365, 0.06573541462421417, 0.3679822087287903], [0.17758271098136902, 0.1223193034529686, 0.37108707427978516], [0.2441616952419281, 0.20559334754943848, 0.379208505153656]], "s_pred_p_now": [[0.4497421979904175, 0.13680781424045563, 0.715969979763031], [0.3826863765716553, 0.00699300691485405, 0.7023060917854309], [0.3819394111633301, 0.006968641187995672, 0.7009443640708923], [0.4073786437511444, 0.05460750684142113, 0.7074973583221436], [0.3898456394672394, 0.02083333395421505, 0.7037814855575562]], "s_pred_p_future": [[0.5714382529258728, 0.37362638115882874, 0.7397260069847107], [0.3969205617904663, 0.03448275849223137, 0.7052631378173828], [0.43495845794677734, 0.11147540807723999, 0.7101604342460632], [0.4946194887161255, 0.2262996882200241, 0.7228915691375732], [0.3969205617904663, 0.03448275849223137, 0.7052631378173828]], "superset_p_future": [[0.5409049391746521, 0.572026789188385, 0.42259886860847473], [0.42240363359451294, 0.42970573902130127, 0.3946455121040344], [0.27196744084358215, 0.24723829329013824, 0.36597251892089844], [0.4826311767101288, 0.5030891299247742, 0.40486258268356323], [0.6274322271347046, 0.6743206977844238, 0.4491909444332123]]}, "fast_shift": {}, "slow_shift": {}, "short_long": {}}, "bal_Accs": {"ekstedt_events": {"shift_hold_p_future_after": [0.5260648234634784, 0.5075424995329721, 0.51692041845694, 0.5226274985989164, 0.5255977956286194], "shift_hold_p_future_before": [0.5295581916682234, 0.5200354941154492, 0.5075424995329721, 0.5289463852045582, 0.5085325985428731], "s_pred_p_future": [0.5285403858384566, 0.49764150943396224, 0.49764150943396224, 0.5331513673945304, 0.5196629213483146], "shift_hold_p_now_after": [0.521403885671586, 0.5105127965626751, 0.5111246030263403, 0.5182888100130768, 0.517910517466841], "shift_hold_p_now_before": [0.5006118064636652, 0.5, 0.501980198019802, 0.4992434149075285, 0.502970297029703], "s_pred_p_now": [0.5, 0.5, 0.5, 0.49764150943396224, 0.5], "backchannel": [0.5379163329016222, 0.5182198282638478, 0.5340477776862783, 0.5501770514384962, 0.5461119803558996], "short_long": [0.5123625529823699, 0.4677396236460061, 0.4857587484898745, 0.505252165366423, 0.5260867784671458]}, "roddy_events": {"overlaps_before_p_now": [0.485, 0.485, 0.4779787234042553, 0.47063829787234046, 0.4826595744680851], "overlaps_before_p_future": [0.515531914893617, 0.4926595744680851, 0.49861702127659574, 0.4929787234042553, 0.5195744680851063], "overlaps_after_p_now": [0.48861702127659573, 0.47914893617021276, 0.5570212765957447, 0.5057446808510638, 0.48617021276595745], "overlaps_after_p_future": [0.5042553191489362, 0.4903191489361702, 0.5142553191489362, 0.5704255319148936, 0.544468085106383], "overlap_spred_before_p_future": [0.5123463687150838, 0.4927932960893855, 0.4927932960893855, 0.5302793296089385, 0.5073463687150838]}, "gap_0": {"gap_0_p_future": [0.5279179549821227, 0.5040488096601392, 0.5279192273924495, 0.5330330444961892, 0.5127877237851662], "gap_0_p_now": [0.5014912649031059, 0.5008525149190111, 0.5012787723785166, 0.4989337201460727, 0.5017050298380221],