{"f1_score": {"ekstedt_events": {"shift_hold_p_future_after": [[0.54422527551651, 0.5643693208694458, 0.49624061584472656], [0.49593544006347656, 0.49510490894317627, 0.49791377782821655], [0.41176801919937134, 0.3822630047798157, 0.482051283121109], [0.3930864930152893, 0.35478806495666504, 0.4843162000179291], [0.44852709770202637, 0.4285714328289032, 0.4960629940032959]], "shift_hold_p_future_before": [[0.44931018352508545, 0.4350365102291107, 0.48331108689308167], [0.245554119348526, 0.14963503181934357, 0.4740406274795532], [0.2552373707294464, 0.1651705503463745, 0.46978336572647095], [0.4708779454231262, 0.4643874764442444, 0.4863387942314148], [0.47974807024002075, 0.4721029996871948, 0.4979591965675354]], "s_pred_p_future": [[0.44384342432022095, 0.12435232847929001, 0.7120953798294067], [0.38859713077545166, 0.011173184029757977, 0.7054908275604248], [0.38286054134368896, 0.0, 0.7043189406394958], [0.4478188455104828, 0.14070351421833038, 0.7056798338890076], [0.41917428374290466, 0.07486630976200104, 0.7082630395889282]], "shift_hold_p_now_after": [[0.315443217754364, 0.2570016384124756, 0.45465537905693054], [0.3531327247619629, 0.3084260821342468, 0.45962733030319214], [0.28368061780929565, 0.20962199568748474, 0.4600938856601715], [0.28057414293289185, 0.20415225625038147, 0.46261683106422424], [0.5362023115158081, 0.5724906921386719, 0.449760764837265]], "shift_hold_p_now_before": [[0.1744409203529358, 0.05384615436196327, 0.4617067873477936], [0.1632203310728073, 0.03875968977808952, 0.4596949815750122], [0.16376893222332, 0.03883495181798935, 0.4613710641860962], [0.22165793180465698, 0.12110091745853424, 0.4611923396587372], [0.17501108348369598, 0.053949903696775436, 0.46338796615600586]], "s_pred_p_now": [[0.38859713077545166, 0.011173184029757977, 0.7054908275604248], [0.38286054134368896, 0.0, 0.7043189406394958], [0.38286054134368896, 0.0, 0.7043189406394958], [0.38859713077545166, 0.011173184029757977, 0.7054908275604248], [0.38286054134368896, 0.0, 0.7043189406394958]], "backchannel": [[0.4776054620742798, 0.4194260537624359, 0.5557432174682617], [0.5043660402297974, 0.49951598048210144, 0.5108798742294312], [0.5446032285690308, 0.6298342347145081, 0.4301336705684662], [0.5180540084838867, 0.5374771356582642, 0.4919678568840027], [0.5450056791305542, 0.5777385234832764, 0.5010438561439514]], "short_long": [[0.49171650409698486, 0.3358778655529022, 0.5682381987571716], [0.5131416320800781, 0.28446388244628906, 0.6254295706748962], [0.4401230812072754, 0.4161490797996521, 0.4518950581550598], [0.5087724924087524, 0.3313373327255249, 0.5958986878395081], [0.5655193328857422, 0.13818182051181793, 0.7753554582595825]]}, "roddy_events": {"overlaps_before_p_now": [[0.34328770637512207, 0.2638297975063324, 0.49266862869262695], [0.2312091439962387, 0.0882352963089943, 0.5], [0.2744341492652893, 0.15740740299224854, 0.49444442987442017], [0.35155168175697327, 0.27731093764305115, 0.4911242723464966], [0.3602093756198883, 0.2995951473712921, 0.47416412830352783]], "overlaps_before_p_future": [[0.38171207904815674, 0.31092438101768494, 0.5147929191589355], [0.26890724897384644, 0.13592232763767242, 0.5189189314842224], [0.4166156053543091, 0.36653387546539307, 0.510769248008728], [0.5793160796165466, 0.6172839403152466, 0.5079365372657776], [0.48819324374198914, 0.4931506812572479, 0.47887325286865234]], "overlaps_after_p_now": [[0.43210479617118835, 0.4145454466342926, 0.4651162922382355], [0.600220799446106, 0.6949602365493774, 0.42211055755615234], [0.4978286027908325, 0.5100671052932739, 0.4748201370239258], [0.5694904923439026, 0.6231454014778137, 0.4686192572116852], [0.5593537092208862, 0.6060606241226196, 0.47154471278190613]], "overlaps_after_p_future": [[0.4924744665622711, 0.4661654233932495, 0.5419355034828186], [0.5986557006835938, 0.6265822649002075, 0.5461538434028625], [0.4040241241455078, 0.33191490173339844, 0.5395894646644592], [0.5366743206977844, 0.5333333611488342, 0.5429553389549255], [0.575824499130249, 0.6130030751228333, 0.5059288740158081]], "overlap_spred_before_p_future": [[0.43046921491622925, 0.35555556416511536, 0.56456458568573], [0.3568107783794403, 0.24880382418632507, 0.5501432418823242], [0.26854240894317627, 0.1230769231915474, 0.5289255976676941], [0.28836753964424133, 0.1515151560306549, 0.5333333611488342], [0.24992883205413818, 0.09424083679914474, 0.528610348701477]]}, "gap_0": {"gap_0_p_future": [[0.5221983790397644, 0.553415060043335, 0.4128933250904083], [0.3551958203315735, 0.3445899486541748, 0.3923322558403015], [0.2666206359863281, 0.2318623811006546, 0.38832637667655945], [0.5221903920173645, 0.5514403581619263, 0.41977185010910034], [0.5089908242225647, 0.5327721238136292, 0.4257206320762634]], "gap_0_p_now": [[0.1726437211036682, 0.11848340928554535, 0.36228570342063904], [0.11804486811161041, 0.046589016914367676, 0.36824697256088257], [0.1501469612121582, 0.08638957142829895, 0.3733929693698883], [0.19164647161960602, 0.13993710279464722, 0.37270641326904297], [0.2546096444129944, 0.2212323695421219, 0.37147992849349976]], "s_pred_p_now": [[0.4395727813243866, 0.1229773461818695, 0.7089151740074158], [0.3898456394672394, 0.02083333395421505, 0.7037814855575562], [0.3862766921520233, 0.013937282375991344, 0.7030430436134338], [0.3953360915184021, 0.034246575087308884, 0.702531635761261], [0.3826863765716553, 0.00699300691485405, 0.7023060917854309]], "s_pred_p_future": [[0.5774030685424805, 0.39257293939590454, 0.7346465587615967], [0.39612892270088196, 0.034364260733127594, 0.7038988471031189], [0.44143640995025635, 0.12377849966287613, 0.7116827368736267], [0.48997387290000916, 0.22686567902565002, 0.7138121724128723], [0.4083196818828583, 0.06060606241226196, 0.7041357159614563]], "superset_p_future": [[0.506321370601654, 0.5347548127174377, 0.3982349634170532], [0.4345077574253082, 0.44748857617378235, 0.3851625919342041], [0.2670867145061493, 0.24046610295772552, 0.36828193068504333], [0.49002858996391296, 0.5143353343009949, 0.3976293206214905], [0.5851917266845703, 0.630630612373352, 0.4124610722064972]]}, "fast_shift": {}, "slow_shift": {}, "short_long": {}}, "bal_Accs": {"ekstedt_events": {"shift_hold_p_future_after": [0.5373342051186251, 0.5134830935923781, 0.5200354941154492, 0.5205025219503082, 0.5345086867177283], "shift_hold_p_future_before": [0.5207360358677378, 0.521403885671586, 0.5138613861386139, 0.5260648234634784, 0.5150849990659443], "s_pred_p_future": [0.5266323934704261, 0.5028089887640449, 0.5, 0.5228164087343651, 0.5149459402162392], "shift_hold_p_now_after": [0.515930319447039, 0.5165421259107043, 0.5129600224173361, 0.516397347281898, 0.5207360358677378], "shift_hold_p_now_before": [0.5016019054735662, 0.5, 0.502970297029703, 0.503960396039604, 0.504950495049505], "s_pred_p_now": [0.5028089887640449, 0.5, 0.5, 0.5028089887640449, 0.5], "backchannel": [0.5154948082379451, 0.5201026374300965, 0.520235519587953, 0.5302597003975235, 0.525384235309971], "short_long": [0.5114462395315027, 0.5031072752216557, 0.5063885988082806, 0.49512152671130494, 0.5172000737146016]}, "roddy_events": {"overlaps_before_p_now": [0.4926595744680851, 0.49, 0.4853191489361702, 0.4959574468085106, 0.4876595744680851], "overlaps_before_p_future": [0.5231914893617021, 0.49, 0.5012765957446809, 0.4876595744680851, 0.48861702127659573], "overlaps_after_p_now": [0.4879787234042553, 0.46351063829787237, 0.5321276595744681, 0.49946808510638296, 0.4858510638297872], "overlaps_after_p_future": [0.5195744680851063, 0.5006382978723404, 0.5036170212765957, 0.5421276595744681, 0.5252127659574468], "overlap_spred_before_p_future": [0.49837988826815643, 0.4927932960893855, 0.4927932960893855, 0.5218994413407821, 0.5101396648044693]}, "gap_0": {"gap_0_p_future": [0.5234403430418242, 0.505541346973572, 0.526639182603606, 0.5304716825081752, 0.5138514588184397], "gap_0_p_now": [0.5044750671196447, 0.5046888320545609, 0.5025575447570333, 0.5025575447570333, 0.5042625745950554],