{"f1_score": {"ekstedt_events": {"shift_hold_p_future_after": [[0.4864238500595093, 0.5019920468330383, 0.44933921098709106], [0.41621679067611694, 0.4057554006576538, 0.4411366581916809], [0.36396950483322144, 0.32817336916923523, 0.4492385685443878], [0.3262152671813965, 0.27463650703430176, 0.4490797519683838], [0.3592662215232849, 0.3256528377532959, 0.4393358826637268]], "shift_hold_p_future_before": [[0.4169323146343231, 0.3958333432674408, 0.467191606760025], [0.23445971310138702, 0.13818182051181793, 0.46380090713500977], [0.28213298320770264, 0.2048611044883728, 0.46620047092437744], [0.4472985863685608, 0.44096729159355164, 0.4623802900314331], [0.43139582872390747, 0.4207492768764496, 0.4567567706108093]], "s_pred_p_future": [[0.43067997694015503, 0.10362694412469864, 0.7052810788154602], [0.387395977973938, 0.011111111380159855, 0.70333331823349], [0.3805128037929535, 0.0, 0.699999988079071], [0.4623572826385498, 0.17475728690624237, 0.703832745552063], [0.42977505922317505, 0.095238097012043, 0.710659921169281]], "shift_hold_p_now_after": [[0.28114378452301025, 0.21247892081737518, 0.4447086751461029], [0.2810094654560089, 0.214405357837677, 0.43966546654701233], [0.26340797543525696, 0.1862068921327591, 0.4473067820072174], [0.2594342529773712, 0.1802426278591156, 0.44807466864585876], [0.4873603284358978, 0.5214105844497681, 0.40625]], "shift_hold_p_now_before": [[0.167167067527771, 0.04606525972485542, 0.4556407332420349], [0.16548553109169006, 0.04247104376554489, 0.4585152864456177], [0.16213785111904144, 0.04198473319411278, 0.44835165143013], [0.23601770401000977, 0.14362657070159912, 0.45610034465789795], [0.17317068576812744, 0.05681818351149559, 0.4503311216831207]], "s_pred_p_now": [[0.3816886246204376, 0.0, 0.70216304063797], [0.38286054134368896, 0.0, 0.7043189406394958], [0.38286054134368896, 0.0, 0.7043189406394958], [0.38286054134368896, 0.0, 0.7043189406394958], [0.38286054134368896, 0.0, 0.7043189406394958]], "backchannel": [[0.46617433428764343, 0.4117647111415863, 0.5392491221427917], [0.4897262454032898, 0.4943181872367859, 0.4835589826107025], [0.5232504606246948, 0.6153846383094788, 0.39950981736183167], [0.49739155173301697, 0.5343915224075317, 0.4476987421512604], [0.5133668184280396, 0.5655877590179443, 0.4432314336299896]], "short_long": [[0.47980087995529175, 0.3819444477558136, 0.5278514623641968], [0.5091246962547302, 0.3211382031440735, 0.6014319658279419], [0.4367164373397827, 0.44011977314949036, 0.4350453317165375], [0.486400306224823, 0.34328359365463257, 0.5566750764846802], [0.5869289040565491, 0.20000000298023224, 0.7769230604171753]]}, "roddy_events": {"overlaps_before_p_now": [[0.30293309688568115, 0.20960699021816254, 0.47838616371154785], [0.21792472898960114, 0.06930693238973618, 0.49732619524002075], [0.27026355266571045, 0.14953270554542542, 0.49723756313323975], [0.3092780113220215, 0.21238937973976135, 0.49142858386039734], [0.34018993377685547, 0.2575107216835022, 0.495626837015152]], "overlaps_before_p_future": [[0.3707013726234436, 0.29184550046920776, 0.5189504623413086], [0.26890724897384644, 0.13592232763767242, 0.5189189314842224], [0.41685789823532104, 0.3629032373428345, 0.5182926654815674], [0.5950830578804016, 0.6222222447395325, 0.5440613031387329], [0.4994889795780182, 0.4911032021045685, 0.5152542591094971]], "overlaps_after_p_now": [[0.37256860733032227, 0.3145161271095276, 0.48170730471611023], [0.5968926548957825, 0.6703910827636719, 0.4587155878543854], [0.4476933479309082, 0.4332129955291748, 0.47491639852523804], [0.5281409025192261, 0.5490196347236633, 0.4888888895511627], [0.5107229351997375, 0.5311475396156311, 0.4723247289657593]], "overlaps_after_p_future": [[0.47030651569366455, 0.4367816150188446, 0.5333333611488342], [0.5467149615287781, 0.5600000023841858, 0.52173912525177], [0.34251028299331665, 0.24888889491558075, 0.5185185074806213], [0.4720669984817505, 0.44106462597846985, 0.530351459980011], [0.5535829067230225, 0.5666666626930237, 0.5289855003356934]], "overlap_spred_before_p_future": [[0.3820350766181946, 0.29223743081092834, 0.5427728891372681], [0.3685968518257141, 0.2654028534889221, 0.5533141493797302], [0.2789815366268158, 0.1340206116437912, 0.5384615659713745], [0.3202704191207886, 0.19704432785511017, 0.5408450961112976], [0.2654563784599304, 0.1145833358168602, 0.5355191230773926]]}, "gap_0": {"gap_0_p_future": [[0.46490296721458435, 0.48625534772872925, 0.39013779163360596], [0.32401806116104126, 0.3070422410964966, 0.3834586441516876], [0.2567210793495178, 0.22304832935333252, 0.3746259808540344], [0.47351616621017456, 0.4972776770591736, 0.3903154730796814], [0.4384557902812958, 0.454033762216568, 0.383909672498703]], "gap_0_p_now": [[0.17885854840278625, 0.124901182949543, 0.3677898347377777], [0.11124856770038605, 0.038397327065467834, 0.3663366436958313], [0.14029468595981598, 0.07642276585102081, 0.3639417588710785], [0.19459150731563568, 0.14508579671382904, 0.3679354190826416], [0.24391819536685944, 0.2096654325723648, 0.36385399103164673]], "s_pred_p_now": [[0.438640296459198, 0.1225806474685669, 0.7075268626213074], [0.3826863765716553, 0.00699300691485405, 0.7023060917854309], [0.3826863765716553, 0.00699300691485405, 0.7023060917854309], [0.3811909854412079, 0.0069444444961845875, 0.6995798349380493], [0.3862766921520233, 0.013937282375991344, 0.7030430436134338]], "s_pred_p_future": [[0.5502733588218689, 0.34688347578048706, 0.7233065366744995], [0.37907448410987854, 0.0, 0.7015706896781921], [0.4544053077697754, 0.15238095819950104, 0.7113513350486755], [0.49629348516464233, 0.24117647111415863, 0.7133333086967468], [0.40999042987823486, 0.06101695075631142, 0.7068783044815063]], "superset_p_future": [[0.4574809670448303, 0.4780876636505127, 0.379146933555603], [0.38542991876602173, 0.3897823989391327, 0.36888453364372253], [0.2755124568939209, 0.2522239685058594, 0.36404094099998474], [0.44599151611328125, 0.4642218351364136, 0.37669095396995544], [0.5313760042190552, 0.5695580840110779, 0.38623103499412537]]}, "fast_shift": {}, "slow_shift": {}, "short_long": {}}, "bal_Accs": {"ekstedt_events": {"shift_hold_p_future_after": [0.5170091537455632, 0.5008453203810946, 0.5039043526994209, 0.5078647487390249, 0.5122034373248645], "shift_hold_p_future_before": [0.5244629179899122, 0.5123482159536709, 0.5026807397720904, 0.5114468522323931, 0.5101345040164393], "s_pred_p_future": [0.5162974348102607, 0.5004504981980071, 0.49528301886792453, 0.5269768920924316, 0.520563917744329], "shift_hold_p_now_after": [0.4936250700541752, 0.5036708387819914, 0.48791798991219876, 0.4966841023725014, 0.5053614795441809], "shift_hold_p_now_before": [0.4972632168877265, 0.500990099009901, 0.49292452830188677, 0.4982533158976275, 0.5016019054735662], "s_pred_p_now": [0.49764150943396224, 0.5, 0.5, 0.5004504981980071, 0.5], "backchannel": [0.5286857018798147, 0.4881884605882749, 0.5166832613399013, 0.48796948576476484, 0.509689168045397], "short_long": [0.5484263980178963, 0.49658558060486924, 0.5057589532526567, 0.49557200483240166, 0.5275354751520364]}, "roddy_events": {"overlaps_before_p_now": [0.485, 0.49, 0.4929787234042553, 0.4856382978723404, 0.4876595744680851], "overlaps_before_p_future": [0.4972340425531915, 0.49, 0.4956382978723404, 0.4929787234042553, 0.5225531914893616], "overlaps_after_p_now": [0.4856382978723404, 0.4702127659574468, 0.5145744680851063, 0.48021276595744683, 0.4845744680851064], "overlaps_after_p_future": [0.4962765957446808, 0.4929787234042553, 0.4979787234042553, 0.5291489361702127, 0.525531914893617], "overlap_spred_before_p_future": [0.5017597765363129, 0.4927932960893855, 0.4927932960893855, 0.5358659217877095, 0.5207262569832403]}, "gap_0": {"gap_0_p_future": [0.5191764960364418, 0.5027700372816226, 0.5138463691771322, 0.5170439363285873, 0.5089501342392895], "gap_0_p_now": [0.5014912649031059, 0.5017050298380221, 0.49680116043821815, 0.5008525149190111, 0.5019175223626114],