{"f1_score": {"ekstedt_events": {"shift_hold_p_future_after": [[0.6444048285484314, 0.6748466491699219, 0.571890115737915], [0.5552386045455933, 0.5596708059310913, 0.5446808338165283], [0.4068291485309601, 0.3685039281845093, 0.4981226623058319], [0.4147322475910187, 0.37735849618911743, 0.5037593841552734], [0.5740403532981873, 0.5818673968315125, 0.5553956627845764]], "shift_hold_p_future_before": [[0.5515403747558594, 0.5590230822563171, 0.5337159037590027], [0.2731476426124573, 0.18827708065509796, 0.47531571984291077], [0.28441882133483887, 0.20386643707752228, 0.47630056738853455], [0.5833694338798523, 0.5981554388999939, 0.5481481552124023], [0.6540154218673706, 0.684596598148346, 0.5811688303947449]], "s_pred_p_future": [[0.45916181802749634, 0.1599999964237213, 0.7103448510169983], [0.3986499309539795, 0.032967034727334976, 0.7056856155395508], [0.3986499309539795, 0.032967034727334976, 0.7056856155395508], [0.481332927942276, 0.20388349890708923, 0.7142857313156128], [0.453946977853775, 0.14358974993228912, 0.7145299315452576]], "shift_hold_p_now_after": [[0.35975971817970276, 0.31360000371932983, 0.4697156846523285], [0.3734871745109558, 0.33489829301834106, 0.4654088020324707], [0.32103845477104187, 0.2615894079208374, 0.4626505970954895], [0.340514600276947, 0.2871125638484955, 0.4677222967147827], [0.5872393250465393, 0.6334519386291504, 0.4771573543548584]], "shift_hold_p_now_before": [[0.22165793180465698, 0.12110091745853424, 0.4611923396587372], [0.15930134057998657, 0.03481624647974968, 0.4558342397212982], [0.19097861647605896, 0.07604562491178513, 0.4647577106952667], [0.2703589200973511, 0.19130434095859528, 0.4586728811264038], [0.21383634209632874, 0.11334551870822906, 0.45321306586265564]], "s_pred_p_now": [[0.387395977973938, 0.011111111380159855, 0.70333331823349], [0.387395977973938, 0.011111111380159855, 0.70333331823349], [0.3816886246204376, 0.0, 0.70216304063797], [0.4096956253051758, 0.054347824305295944, 0.708053708076477], [0.3918164074420929, 0.021978022530674934, 0.7023411393165588]], "backchannel": [[0.5083857774734497, 0.4375, 0.603588879108429], [0.5326032638549805, 0.5106382966041565, 0.5621033310890198], [0.5381186604499817, 0.5951383113861084, 0.4615384638309479], [0.5633333921432495, 0.545271635055542, 0.5875912308692932], [0.545805811882019, 0.5424710512161255, 0.5502846240997314]], "short_long": [[0.49288442730903625, 0.23529411852359772, 0.619369387626648], [0.5207313895225525, 0.21772152185440063, 0.6695187091827393], [0.41158562898635864, 0.29173988103866577, 0.47043365240097046], [0.5644605755805969, 0.29499998688697815, 0.6967741847038269], [0.5803844928741455, 0.16236162185668945, 0.7856468558311462]]}, "roddy_events": {"overlaps_before_p_now": [[0.39460110664367676, 0.34262949228286743, 0.4923076927661896], [0.2740514278411865, 0.15094339847564697, 0.5054945349693298], [0.2999512255191803, 0.19730941951274872, 0.49291783571243286], [0.4019392728805542, 0.350597620010376, 0.4984615445137024], [0.4532685875892639, 0.4363636374473572, 0.485049843788147]], "overlaps_before_p_future": [[0.462022602558136, 0.421875, 0.5375000238418579], [0.2901836037635803, 0.16981132328510284, 0.5164835453033447], [0.506938099861145, 0.48708486557006836, 0.5442622900009155], [0.6610996723175049, 0.7257617712020874, 0.539534866809845], [0.6509132385253906, 0.6906906962394714, 0.5761317014694214]], "overlaps_after_p_now": [[0.5093207955360413, 0.52491694688797, 0.47999998927116394], [0.6359058022499084, 0.7352185249328613, 0.4491978585720062], [0.5377926826477051, 0.5723270177841187, 0.4728682041168213], [0.6281355023384094, 0.70652174949646, 0.48076921701431274], [0.6243371963500977, 0.7046070694923401, 0.47342994809150696]], "overlaps_after_p_future": [[0.5858059525489807, 0.5918367505073547, 0.5744680762290955], [0.66692715883255, 0.7183908224105835, 0.5701754093170166], [0.5083837509155273, 0.47058823704719543, 0.5794392228126526], [0.6210049390792847, 0.6283783912658691, 0.6071428656578064], [0.7072059512138367, 0.7556818127632141, 0.6160714030265808]], "overlap_spred_before_p_future": [[0.5583868026733398, 0.529644250869751, 0.6098360419273376], [0.3811842203140259, 0.28703704476356506, 0.5497075915336609], [0.26363736391067505, 0.11398963630199432, 0.5315068364143372], [0.3326539397239685, 0.21463415026664734, 0.5439093708992004], [0.2968393564224243, 0.16161616146564484, 0.5388888716697693]]}, "gap_0": {"gap_0_p_future": [[0.6479167938232422, 0.6902844905853271, 0.49956634640693665], [0.41249334812164307, 0.41094061732292175, 0.41793012619018555], [0.28337597846984863, 0.2518518567085266, 0.39375749230384827], [0.6486483812332153, 0.689021110534668, 0.507283627986908], [0.6869305372238159, 0.7313510775566101, 0.5313921570777893]], "gap_0_p_now": [[0.2429235279560089, 0.20586025714874268, 0.3727003037929535], [0.11735416203737259, 0.046473030000925064, 0.3655439019203186], [0.16746455430984497, 0.10906174778938293, 0.3719615638256073], [0.24435602128505707, 0.20736289024353027, 0.37388724088668823], [0.3719533085823059, 0.3682795763015747, 0.3848167657852173]], "s_pred_p_now": [[0.5130374431610107, 0.2654867172241211, 0.7236403822898865], [0.39339351654052734, 0.027681661769747734, 0.7045215368270874], [0.40391287207603455, 0.04794520512223244, 0.7067510485649109], [0.45708245038986206, 0.14935064315795898, 0.7188841104507446], [0.4134061932563782, 0.06756756454706192, 0.7076271176338196]], "s_pred_p_future": [[0.6503097414970398, 0.5148515105247498, 0.7655502557754517], [0.42017969489097595, 0.08053690940141678, 0.7091295123100281], [0.4839838147163391, 0.2012578547000885, 0.7245119214057922], [0.5353404879570007, 0.30000001192092896, 0.7355555295944214], [0.4919286072254181, 0.21739129722118378, 0.7254902124404907]], "superset_p_future": [[0.6305217742919922, 0.6723802089691162, 0.4714016318321228], [0.5205143094062805, 0.5449050068855286, 0.4277958869934082], [0.29667216539382935, 0.275611013174057, 0.37673377990722656], [0.6021538376808167, 0.6378684043884277, 0.4663890600204468], [0.7550976276397705, 0.8097027540206909, 0.5475223660469055]]}, "fast_shift": {}, "slow_shift": {}, "short_long": {}}, "bal_Accs": {"ekstedt_events": {"shift_hold_p_future_after": [0.5585933121614048, 0.5124929945824771, 0.524374182701289, 0.5364888847375303, 0.5426629927143658], "shift_hold_p_future_before": [0.5502942275359611, 0.5265878946385204, 0.5085325985428731, 0.5419064076218942, 0.5246076966187184], "s_pred_p_future": [0.5307928768284926, 0.506068475726097, 0.506068475726097, 0.5424793300826797, 0.532250370998516], "shift_hold_p_now_after": [0.5245516532785354, 0.5119699234074351, 0.5259760881748552, 0.5261535587521017, 0.5334065010274612], "shift_hold_p_now_before": [0.5107463104801045, 0.49863160844386323, 0.5016019054735662, 0.5124929945824771, 0.5054175228843639], "s_pred_p_now": [0.5004504981980071, 0.5004504981980071, 0.49764150943396224, 0.5116864532541869, 0.5009009963960144], "backchannel": [0.5523930017892301, 0.5607720640529432, 0.5544161794320879, 0.5831449276447292, 0.5805303308204257], "short_long": [0.4829279030243463, 0.44474476319184225, 0.4093771116161926, 0.505252165366423, 0.5172819788275284]}, "roddy_events": {"overlaps_before_p_now": [0.4903191489361702, 0.485, 0.4879787234042553, 0.506595744680851, 0.5012765957446809], "overlaps_before_p_future": [0.5374468085106383, 0.49, 0.5009574468085106, 0.5112765957446809, 0.5231914893617021], "overlaps_after_p_now": [0.5172340425531915, 0.49840425531914895, 0.5470212765957447, 0.5653191489361702, 0.5453191489361702], "overlaps_after_p_future": [0.5491489361702128, 0.5169148936170213, 0.5142553191489362, 0.5767021276595745, 0.5713829787234043], "overlap_spred_before_p_future": [0.5235195530726257, 0.4927932960893855, 0.49837988826815643, 0.5414525139664804, 0.5296927374301675]}, "gap_0": {"gap_0_p_future": [0.5505045106946088, 0.507032611876678, 0.5336730668906109, 0.5488020256772403, 0.5255741751600056],