{"f1_score": {"ekstedt_events": {"shift_hold_p_future_after": [[0.6063307523727417, 0.6292993426322937, 0.5516178607940674], [0.5326935052871704, 0.5346260666847229, 0.5280898809432983], [0.3884967565536499, 0.34349918365478516, 0.49568432569503784], [0.3536440432071686, 0.2975206673145294, 0.48733413219451904], [0.48239195346832275, 0.4693877696990967, 0.5133689641952515]], "shift_hold_p_future_before": [[0.4887729287147522, 0.4767441749572754, 0.5174262523651123], [0.23838427662849426, 0.1420765072107315, 0.4677966237068176], [0.2466736137866974, 0.1524500846862793, 0.4711211919784546], [0.5024544596672058, 0.49715909361839294, 0.5150684714317322], [0.5744470357894897, 0.5880794525146484, 0.5419734716415405]], "s_pred_p_future": [[0.40838125348091125, 0.054054055362939835, 0.7058823704719543], [0.38859713077545166, 0.011173184029757977, 0.7054908275604248], [0.38859713077545166, 0.011173184029757977, 0.7054908275604248], [0.4573829174041748, 0.15228426456451416, 0.7135506272315979], [0.41514259576797485, 0.0648648664355278, 0.7092437148094177]], "shift_hold_p_now_after": [[0.30223342776298523, 0.23208190500736237, 0.46933960914611816], [0.3275861144065857, 0.27018120884895325, 0.4643288850784302], [0.2491465061903, 0.16042780876159668, 0.46048110723495483], [0.24842341244220734, 0.16014234721660614, 0.4587155878543854], [0.5728064775466919, 0.6074073910713196, 0.49038460850715637]], "shift_hold_p_now_before": [[0.15930134057998657, 0.03481624647974968, 0.4558342397212982], [0.146601602435112, 0.015717092901468277, 0.4583783745765686], [0.15183888375759125, 0.0234375, 0.45770063996315], [0.23260226845741272, 0.13503649830818176, 0.4650112986564636], [0.17386996746063232, 0.05374280363321304, 0.4600219130516052]], "s_pred_p_now": [[0.38286054134368896, 0.0, 0.7043189406394958], [0.38286054134368896, 0.0, 0.7043189406394958], [0.38286054134368896, 0.0, 0.7043189406394958], [0.38859713077545166, 0.011173184029757977, 0.7054908275604248], [0.38286054134368896, 0.0, 0.7043189406394958]], "backchannel": [[0.4940029978752136, 0.41281139850616455, 0.6030473113059998], [0.5240104794502258, 0.5020242929458618, 0.5535390377044678], [0.546296238899231, 0.6100577116012573, 0.4606613516807556], [0.5412440299987793, 0.5300492644309998, 0.5562790632247925], [0.5378443598747253, 0.5329457521438599, 0.5444234609603882]], "short_long": [[0.5007690787315369, 0.23556582629680634, 0.6309921741485596], [0.5161787867546082, 0.2155388444662094, 0.6638023853302002], [0.4225292205810547, 0.33670035004615784, 0.4646739065647125], [0.5533789992332458, 0.30913349986076355, 0.673311173915863], [0.5665328502655029, 0.12781955301761627, 0.7819548845291138]]}, "roddy_events": {"overlaps_before_p_now": [[0.3558434844017029, 0.2654867172241211, 0.5257142782211304], [0.23116132616996765, 0.08040200918912888, 0.5145888328552246], [0.279707670211792, 0.15311004221439362, 0.5177111625671387], [0.3765324652194977, 0.3037974536418915, 0.5132743120193481], [0.41685789823532104, 0.3629032373428345, 0.5182926654815674]], "overlaps_before_p_future": [[0.45636287331581116, 0.4048582911491394, 0.5531914830207825], [0.2345646470785141, 0.0891089141368866, 0.5080214142799377], [0.4883868098258972, 0.45136186480522156, 0.5579937100410461], [0.6638716459274292, 0.7130434513092041, 0.5714285969734192], [0.6403831243515015, 0.6728395223617554, 0.579365074634552]], "overlaps_after_p_now": [[0.5645434856414795, 0.5614035129547119, 0.5704467296600342], [0.7107518315315247, 0.7810026407241821, 0.5786802172660828], [0.6147562861442566, 0.6366559267044067, 0.5735849142074585], [0.695760190486908, 0.7520891427993774, 0.5898617506027222], [0.6559658050537109, 0.7138810157775879, 0.5470852255821228]], "overlaps_after_p_future": [[0.5972222089767456, 0.5972222089767456, 0.5972222089767456], [0.6847907900810242, 0.7223880887031555, 0.6141079068183899], [0.4160620868206024, 0.3391304314136505, 0.560693621635437], [0.6019221544265747, 0.6048110127449036, 0.5964912176132202], [0.6878842711448669, 0.7309941649436951, 0.6068376302719116]], "overlap_spred_before_p_future": [[0.435746967792511, 0.36283186078071594, 0.5662650465965271], [0.3545573949813843, 0.24761904776096344, 0.545976996421814], [0.23764429986476898, 0.07446808367967606, 0.5297297239303589], [0.29485955834388733, 0.16080401837825775, 0.5348189473152161], [0.244695246219635, 0.08465608209371567, 0.5311653017997742]]}, "gap_0": {"gap_0_p_future": [[0.5996790528297424, 0.6351882815361023, 0.47534358501434326], [0.39996445178985596, 0.3954116106033325, 0.4159061312675476], [0.24270042777061462, 0.2015267163515091, 0.386869877576828], [0.5867164731025696, 0.6195093989372253, 0.4718923270702362], [0.6266117691993713, 0.6637167930603027, 0.49668875336647034]], "gap_0_p_now": [[0.17970967292785645, 0.125198096036911, 0.3705815374851227], [0.10373556613922119, 0.02857142873108387, 0.3669222295284271], [0.1227962002158165, 0.05298013240098953, 0.36725664138793945], [0.18091127276420593, 0.12668250501155853, 0.3707929253578186], [0.28043752908706665, 0.25183016061782837, 0.3806060552597046]], "s_pred_p_now": [[0.43912848830223083, 0.1180327832698822, 0.7122994661331177], [0.3862766921520233, 0.013937282375991344, 0.7030430436134338], [0.37907448410987854, 0.0, 0.7015706896781921], [0.4134061932563782, 0.06756756454706192, 0.7076271176338196], [0.3819394111633301, 0.006968641187995672, 0.7009443640708923]], "s_pred_p_future": [[0.5889585614204407, 0.4000000059604645, 0.7497143149375916], [0.39339351654052734, 0.027681661769747734, 0.7045215368270874], [0.4367842674255371, 0.11221121996641159, 0.7129135727882385], [0.5072927474975586, 0.24848484992980957, 0.7274725437164307], [0.4168025553226471, 0.07407407462596893, 0.7083775401115417]], "superset_p_future": [[0.5851184725761414, 0.6202686429023743, 0.4514991044998169], [0.4925079941749573, 0.5108840465545654, 0.4226533770561218], [0.2685651481151581, 0.24068157374858856, 0.3745613992214203], [0.5422635078430176, 0.5694857835769653, 0.43878117203712463], [0.710925281047821, 0.7622804045677185, 0.515704870223999]]}, "fast_shift": {}, "slow_shift": {}, "short_long": {}}, "bal_Accs": {"ekstedt_events": {"shift_hold_p_future_after": [0.5281898001120867, 0.504950495049505, 0.5115028955725761, 0.5239958901550532, 0.527344479730992], "shift_hold_p_future_before": [0.5271997011021857, 0.5143284139734728, 0.5095226975527741, 0.5315383896880254, 0.5124929945824771], "s_pred_p_future": [0.5093279626881493, 0.5028089887640449, 0.5028089887640449, 0.5327008691965233, 0.5144954420182319], "shift_hold_p_now_after": [0.5150849990659443, 0.5057958154305996, 0.5055623015131702, 0.5182888100130768, 0.5135718288810013], "shift_hold_p_now_before": [0.505940594059406, 0.5, 0.500990099009901, 0.5035821034933682, 0.5035821034933682], "s_pred_p_now": [0.5, 0.5, 0.5, 0.5028089887640449, 0.5], "backchannel": [0.5362712143557649, 0.5501583356416149, 0.5408472266932182, 0.5612717758296712, 0.5532707726629584], "short_long": [0.49762475172512644, 0.46541556606671175, 0.4618885271413068, 0.5089020619612179, 0.5478377050187357]}, "roddy_events": {"overlaps_before_p_now": [0.4926595744680851, 0.49, 0.4926595744680851, 0.4953191489361702, 0.4926595744680851], "overlaps_before_p_future": [0.5125531914893616, 0.4926595744680851, 0.4953191489361702, 0.485, 0.506595744680851], "overlaps_after_p_now": [0.4982978723404255, 0.5241489361702127, 0.6432978723404255, 0.5620212765957446, 0.5258510638297872], "overlaps_after_p_future": [0.5142553191489362, 0.5062765957446809, 0.5086170212765957, 0.5554255319148936, 0.5438297872340425], "overlap_spred_before_p_future": [0.5067597765363129, 0.4927932960893855, 0.4927932960893855, 0.5246927374301675, 0.5123463687150838]}, "gap_0": {"gap_0_p_future": [0.5296229848201448, 0.5034100596760444, 0.5202465931213498, 0.5313280146581669, 0.5121477013907445], "gap_0_p_now": [0.5025575447570333, 0.5025575447570333, 0.5004262574595055, 0.5004262574595055, 0.5012774999681898],