{"f1_score": {"ekstedt_events": {"shift_hold_p_future_after": [[0.49446040391921997, 0.5181347131729126, 0.4380664527416229], [0.44801247119903564, 0.4484679698944092, 0.44692736864089966], [0.38459333777427673, 0.35419848561286926, 0.4569961428642273], [0.33855295181274414, 0.28938907384872437, 0.4556650221347809], [0.3559621572494507, 0.3177570104598999, 0.4469696879386902]], "shift_hold_p_future_before": [[0.401571661233902, 0.3803863227367401, 0.4520367980003357], [0.2523348331451416, 0.16399286687374115, 0.46277204155921936], [0.29292988777160645, 0.22184300422668457, 0.46226415038108826], [0.3960304856300354, 0.371814101934433, 0.4537157714366913], [0.3758915066719055, 0.34795764088630676, 0.44243207573890686]], "s_pred_p_future": [[0.42310577630996704, 0.08465608209371567, 0.7072758078575134], [0.3861912488937378, 0.01104972418397665, 0.7011685967445374], [0.3816886246204376, 0.0, 0.70216304063797], [0.41696101427078247, 0.09090909361839294, 0.6907216310501099], [0.41111457347869873, 0.06382978707551956, 0.7027027010917664]], "shift_hold_p_now_after": [[0.29132354259490967, 0.2210884392261505, 0.4586288332939148], [0.3035152554512024, 0.23648647964000702, 0.46318289637565613], [0.28291189670562744, 0.2052173912525177, 0.46798601746559143], [0.28192633390426636, 0.19858156144618988, 0.4804597795009613], [0.4940793514251709, 0.516883134841919, 0.4397590458393097]], "shift_hold_p_now_before": [[0.1603902131319046, 0.034951455891132355, 0.45919477939605713], [0.16604040563106537, 0.042553190141916275, 0.46019628643989563], [0.16604040563106537, 0.042553190141916275, 0.46019628643989563], [0.222993403673172, 0.12154696136713028, 0.46464645862579346], [0.1821664273738861, 0.06488549709320068, 0.4615384638309479]], "s_pred_p_now": [[0.38859713077545166, 0.011173184029757977, 0.7054908275604248], [0.3816886246204376, 0.0, 0.70216304063797], [0.38286054134368896, 0.0, 0.7043189406394958], [0.3930494785308838, 0.0220994483679533, 0.7045075297355652], [0.38859713077545166, 0.011173184029757977, 0.7054908275604248]], "backchannel": [[0.47794848680496216, 0.45845845341682434, 0.504124641418457], [0.4987705945968628, 0.5156537890434265, 0.47609561681747437], [0.5481989979743958, 0.6581517457962036, 0.4005270004272461], [0.5183957815170288, 0.5864909291267395, 0.4269406497478485], [0.5242370963096619, 0.60337895154953, 0.4179456830024719]], "short_long": [[0.47715091705322266, 0.4482758641242981, 0.49132949113845825], [0.5447639226913452, 0.41791045665740967, 0.6070529222488403], [0.43468916416168213, 0.47058823704719543, 0.41706159710884094], [0.5037253499031067, 0.4502446949481964, 0.5299860239028931], [0.5984328985214233, 0.27544909715652466, 0.7570281028747559]]}, "roddy_events": {"overlaps_before_p_now": [[0.2782343029975891, 0.17699114978313446, 0.46857142448425293], [0.21304357051849365, 0.06829268485307693, 0.4851751923561096], [0.25092214345932007, 0.13636364042758942, 0.466292142868042], [0.279825896024704, 0.18340611457824707, 0.46109509468078613], [0.28126391768455505, 0.18965516984462738, 0.45348837971687317]], "overlaps_before_p_future": [[0.42307448387145996, 0.3813229501247406, 0.5015674233436584], [0.31979233026504517, 0.2171945720911026, 0.5126760601997375], [0.45841139554977417, 0.43283581733703613, 0.5064935088157654], [0.5587440133094788, 0.5962733030319214, 0.4881889820098877], [0.49510955810546875, 0.5, 0.48591548204421997]], "overlaps_after_p_now": [[0.4140297770500183, 0.40143370628356934, 0.4377104341983795], [0.5842194557189941, 0.6876640319824219, 0.3897435963153839], [0.481870174407959, 0.49833887815475464, 0.4509090781211853], [0.5114638805389404, 0.5555555820465088, 0.4285714328289032], [0.5387866497039795, 0.5828220844268799, 0.4560000002384186]], "overlaps_after_p_future": [[0.47562357783317566, 0.4680851101875305, 0.4897959232330322], [0.589398205280304, 0.6253870129585266, 0.52173912525177], [0.4020948112010956, 0.3467741906642914, 0.5060975551605225], [0.47434043884277344, 0.4642857015132904, 0.4932432472705841], [0.5397530794143677, 0.5659164190292358, 0.49056604504585266]], "overlap_spred_before_p_future": [[0.34100133180618286, 0.24074074625968933, 0.5204678177833557], [0.27856922149658203, 0.14778324961662292, 0.5126760601997375], [0.2274802029132843, 0.07216494530439377, 0.5054945349693298], [0.2441907823085785, 0.10050251334905624, 0.5013927817344666], [0.24641253054141998, 0.09326425194740295, 0.5205479264259338]]}, "gap_0": {"gap_0_p_future": [[0.4270479083061218, 0.44731977581977844, 0.3560660481452942], [0.31519657373428345, 0.29894736409187317, 0.3720930218696594], [0.2727033793926239, 0.24340176582336426, 0.37530267238616943], [0.4204334318637848, 0.4345088303089142, 0.3711484670639038], [0.3776323199272156, 0.3816993534564972, 0.3633916676044464]], "gap_0_p_now": [[0.17041729390621185, 0.11446741223335266, 0.36632537841796875], [0.11234017461538315, 0.03999999910593033, 0.36563876271247864], [0.14760617911815643, 0.08448415994644165, 0.3686274588108063], [0.1746056079864502, 0.11914217472076416, 0.3688104748725891], [0.2195325493812561, 0.17709924280643463, 0.3681125342845917]], "s_pred_p_now": [[0.40655505657196045, 0.054421767592430115, 0.706131100654602], [0.37907448410987854, 0.0, 0.7015706896781921], [0.3862766921520233, 0.013937282375991344, 0.7030430436134338], [0.39339351654052734, 0.027681661769747734, 0.7045215368270874], [0.3826863765716553, 0.00699300691485405, 0.7023060917854309]], "s_pred_p_future": [[0.464582622051239, 0.20845070481300354, 0.6824858784675598], [0.3826863765716553, 0.00699300691485405, 0.7023060917854309], [0.42395782470703125, 0.10725551843643188, 0.6933911442756653], [0.45767009258270264, 0.1666666716337204, 0.7052401900291443], [0.3964034616947174, 0.04054053872823715, 0.6991525292396545]], "superset_p_future": [[0.4170624315738678, 0.43598926067352295, 0.3451143503189087], [0.3747224807739258, 0.38081803917884827, 0.35155096650123596], [0.27570244669914246, 0.25441327691078186, 0.3566308319568634], [0.38830265402793884, 0.3983325660228729, 0.35017508268356323], [0.4559611976146698, 0.48653271794319153, 0.3397471010684967]]}, "fast_shift": {}, "slow_shift": {}, "short_long": {}}, "bal_Accs": {"ekstedt_events": {"shift_hold_p_future_after": [0.5218148701662619, 0.5168316831683168, 0.5162525686530918, 0.523851111526247, 0.5157855408182328], "shift_hold_p_future_before": [0.5217261348776387, 0.5172987110031758, 0.5113581169437699, 0.5170091537455632, 0.5083878199140669], "s_pred_p_future": [0.5153964384142463, 0.4980920076319695, 0.49764150943396224, 0.4993375026499894, 0.5074199703201188], "shift_hold_p_now_after": [0.5140949000560433, 0.5180552960956473, 0.527344479730992, 0.5279562861946572, 0.5161638333644685], "shift_hold_p_now_before": [0.504950495049505, 0.5006118064636652, 0.503960396039604, 0.5035821034933682, 0.505940594059406], "s_pred_p_now": [0.5028089887640449, 0.49764150943396224, 0.5, 0.5032594869620521, 0.5028089887640449], "backchannel": [0.49808163081967705, 0.4987535279277121, 0.504540452323379, 0.5005577307470597, 0.48905313040418635], "short_long": [0.5281241681511968, 0.5231074799844381, 0.5297929848270778, 0.5115127874357557, 0.5151626840305505]}, "roddy_events": {"overlaps_before_p_now": [0.485, 0.4926595744680851, 0.4906382978723404, 0.4909574468085106, 0.4826595744680851], "overlaps_before_p_future": [0.522127659574468, 0.5006382978723404, 0.4945744680851064, 0.49425531914893617, 0.4745744680851064], "overlaps_after_p_now": [0.4776595744680851, 0.46351063829787237, 0.509468085106383, 0.45351063829787236, 0.4492553191489361], "overlaps_after_p_future": [0.5075531914893617, 0.5122340425531915, 0.4998936170212766, 0.5124468085106383, 0.4778723404255319], "overlap_spred_before_p_future": [0.5067597765363129, 0.4927932960893855, 0.4927932960893855, 0.47793296089385473, 0.5001396648044693]}, "gap_0": {"gap_0_p_future": [0.5223727907775699, 0.5072451044012674, 0.5185326564110394, 0.519812701199883, 0.5093751192884681],