{"f1_score": {"ekstedt_events": {"shift_hold_p_future_after": [[0.480080246925354, 0.5026041865348816, 0.4264264404773712], [0.4542027711868286, 0.4555555582046509, 0.45098039507865906], [0.3546929359436035, 0.31397172808647156, 0.4516938626766205], [0.33105093240737915, 0.27540984749794006, 0.4635922312736511], [0.3592662215232849, 0.3256528377532959, 0.4393358826637268]], "shift_hold_p_future_before": [[0.36430713534355164, 0.33585476875305176, 0.43208280205726624], [0.23054242134094238, 0.13430127501487732, 0.45979616045951843], [0.2598888874053955, 0.17605634033679962, 0.4595842957496643], [0.38541650772094727, 0.36173394322395325, 0.4418300688266754], [0.41003990173339844, 0.3971014618873596, 0.44086021184921265]], "s_pred_p_future": [[0.41506439447402954, 0.0736842080950737, 0.701694905757904], [0.4054834842681885, 0.04395604506134987, 0.7090300917625427], [0.40419840812683105, 0.04371584579348564, 0.7068676948547363], [0.44494110345840454, 0.1463414579629898, 0.695652186870575], [0.43937838077545166, 0.12244898080825806, 0.7054794430732727]], "shift_hold_p_now_after": [[0.2619220018386841, 0.18983051180839539, 0.43364930152893066], [0.2871415913105011, 0.22110553085803986, 0.4444444477558136], [0.25242266058921814, 0.17301037907600403, 0.44158878922462463], [0.22682812809944153, 0.135472372174263, 0.4444444477558136], [0.47967326641082764, 0.5013054609298706, 0.428143709897995]], "shift_hold_p_now_before": [[0.16267088055610657, 0.03868471831083298, 0.4580152630805969], [0.15183888375759125, 0.0234375, 0.45770063996315], [0.15183888375759125, 0.0234375, 0.45770063996315], [0.21190834045410156, 0.11009174585342407, 0.45444318652153015], [0.16885049641132355, 0.04633204638957977, 0.4606986939907074]], "s_pred_p_now": [[0.3942791819572449, 0.02222222276031971, 0.7066666483879089], [0.38859713077545166, 0.011173184029757977, 0.7054908275604248], [0.38286054134368896, 0.0, 0.7043189406394958], [0.3942791819572449, 0.02222222276031971, 0.7066666483879089], [0.3942791819572449, 0.02222222276031971, 0.7066666483879089]], "backchannel": [[0.4782041311264038, 0.43907561898231506, 0.5307556986808777], [0.4855723977088928, 0.49484536051750183, 0.47311827540397644], [0.5447112917900085, 0.6478658318519592, 0.4061696529388428], [0.4788476824760437, 0.5264069437980652, 0.41497325897216797], [0.5257327556610107, 0.5944170951843262, 0.4334862530231476]], "short_long": [[0.48586326837539673, 0.4060913622379303, 0.5250338315963745], [0.5355340242385864, 0.39312976598739624, 0.6054590344429016], [0.42135003209114075, 0.44216692447662354, 0.41112828254699707], [0.48296964168548584, 0.38111889362335205, 0.5329815149307251], [0.5848972201347351, 0.19863013923168182, 0.7745664715766907]]}, "roddy_events": {"overlaps_before_p_now": [[0.36838358640670776, 0.2905983030796051, 0.5146198868751526], [0.27156877517700195, 0.1435406655073166, 0.5122615694999695], [0.331238329410553, 0.2331838607788086, 0.5155807137489319], [0.37695103883743286, 0.3083333373069763, 0.5059523582458496], [0.3544312119483948, 0.28333333134651184, 0.488095223903656]], "overlaps_before_p_future": [[0.3774328827857971, 0.31707316637039185, 0.4909090995788574], [0.26836416125297546, 0.14883720874786377, 0.49307480454444885], [0.35547715425491333, 0.30158731341362, 0.45679011940956116], [0.5106040239334106, 0.5471698045730591, 0.44186046719551086], [0.4223601818084717, 0.4195804297924042, 0.4275861978530884]], "overlaps_after_p_now": [[0.4616013169288635, 0.44117647409439087, 0.5], [0.5608195066452026, 0.6753246784210205, 0.34554973244667053], [0.4733166992664337, 0.475862056016922, 0.46853145956993103], [0.4861977994441986, 0.5206349492073059, 0.4214559495449066], [0.5182490944862366, 0.5617284178733826, 0.4365079402923584]], "overlaps_after_p_future": [[0.4316232204437256, 0.39694657921791077, 0.4968152940273285], [0.4802711606025696, 0.5032680034637451, 0.43703705072402954], [0.32386139035224915, 0.2347826063632965, 0.49132949113845825], [0.3786911070346832, 0.34220531582832336, 0.4472843408584595], [0.47140881419181824, 0.4778156876564026, 0.4593639671802521]], "overlap_spred_before_p_future": [[0.36373084783554077, 0.27272728085517883, 0.526627242565155], [0.31156688928604126, 0.1990521401166916, 0.5129683017730713], [0.2752099335193634, 0.13265305757522583, 0.530386745929718], [0.29485955834388733, 0.16080401837825775, 0.5348189473152161], [0.28836753964424133, 0.1515151560306549, 0.5333333611488342]]}, "gap_0": {"gap_0_p_future": [[0.4335913360118866, 0.45308640599250793, 0.3653295040130615], [0.3049113154411316, 0.28326180577278137, 0.3807169198989868], [0.25165650248527527, 0.21657954156398773, 0.37447822093963623], [0.4230181574821472, 0.4390243887901306, 0.3669724762439728], [0.4025305211544037, 0.4127795398235321, 0.3666436970233917]], "gap_0_p_now": [[0.17190666496753693, 0.11605723202228546, 0.36746302247047424], [0.10595822334289551, 0.03182579576969147, 0.36553236842155457], [0.13953326642513275, 0.07497962564229965, 0.3655673563480377], [0.1768086552619934, 0.12312549352645874, 0.36477985978126526], [0.2358650267124176, 0.1992509365081787, 0.36406901478767395]], "s_pred_p_now": [[0.4100205600261688, 0.06666667014360428, 0.7021276354789734], [0.3783390522003174, 0.0, 0.7002096176147461], [0.37907448410987854, 0.0, 0.7015706896781921], [0.38551831245422363, 0.013888888992369175, 0.7016806602478027], [0.3826863765716553, 0.00699300691485405, 0.7023060917854309]], "s_pred_p_future": [[0.4765312671661377, 0.22905027866363525, 0.6870748400688171], [0.3890760540962219, 0.020761245861649513, 0.7024185061454773], [0.43221598863601685, 0.11038961261510849, 0.7060086131095886], [0.4423922598361969, 0.13793103396892548, 0.7014114856719971], [0.42353782057762146, 0.08695652335882187, 0.7098830938339233]], "superset_p_future": [[0.41787630319595337, 0.43575921654701233, 0.34989649057388306], [0.37128299474716187, 0.3736892342567444, 0.3621359169483185], [0.25590774416923523, 0.22995780408382416, 0.3545534908771515], [0.37763193249702454, 0.38640594482421875, 0.34427860379219055], [0.4643910527229309, 0.4985238313674927, 0.3346390724182129]]}, "fast_shift": {}, "slow_shift": {}, "short_long": {}}, "bal_Accs": {"ekstedt_events": {"shift_hold_p_future_after": [0.5156407621894264, 0.5105127965626751, 0.5062628432654586, 0.5128152437885298, 0.5039930879880441], "shift_hold_p_future_before": [0.513427050252195, 0.5070194283579301, 0.5022137119372314, 0.5053614795441809, 0.5003222492060526], "s_pred_p_future": [0.5078704685181259, 0.5112359550561798, 0.508877464490142, 0.5138329446682214, 0.5195569217723129], "shift_hold_p_now_after": [0.5020689333084252, 0.49164487203437324, 0.494003362600411, 0.4921118998692322, 0.4950821968989352], "shift_hold_p_now_before": [0.5006118064636652, 0.5, 0.500990099009901, 0.503960396039604, 0.503960396039604], "s_pred_p_now": [0.5056179775280899, 0.5028089887640449, 0.5, 0.5084269662921348, 0.5056179775280899], "backchannel": [0.5101757787643082, 0.4892852062855132, 0.5199978289675617, 0.48651339676740757, 0.5199192226206608], "short_long": [0.5131406515551733, 0.501356553432848, 0.5023957245531052, 0.4944509285992178, 0.511676597661609]}, "roddy_events": {"overlaps_before_p_now": [0.4953191489361702, 0.4926595744680851, 0.4779787234042553, 0.4856382978723404, 0.4903191489361702], "overlaps_before_p_future": [0.49819148936170216, 0.49, 0.49861702127659574, 0.5006382978723404, 0.46159574468085107], "overlaps_after_p_now": [0.5086170212765957, 0.517127659574468, 0.5185106382978724, 0.4938297872340425, 0.5131914893617021], "overlaps_after_p_future": [0.5192553191489362, 0.5009574468085106, 0.4832978723404255, 0.4778723404255319, 0.45393617021276594], "overlap_spred_before_p_future": [0.5095530726256983, 0.49558659217877093, 0.5011731843575419, 0.5246927374301675, 0.5218994413407821]}, "gap_0": {"gap_0_p_future": [0.5159789288849868, 0.5038363171355499, 0.5174714661984197, 0.5166164064587548, 0.5117201715209121],