{"f1_score": {"ekstedt_events": {"shift_hold_p_future_after": [[0.44831448793411255, 0.4556616544723511, 0.43081313371658325], [0.43243926763534546, 0.4213564097881317, 0.45883941650390625], [0.36960136890411377, 0.33125001192092896, 0.4609571695327759], [0.32237112522125244, 0.264026403427124, 0.4613526463508606], [0.3626236319541931, 0.3228840231895447, 0.45728641748428345]], "shift_hold_p_future_before": [[0.3358812928199768, 0.2879999876022339, 0.44993820786476135], [0.21061256527900696, 0.10701107233762741, 0.4573991000652313], [0.2621196508407593, 0.17699114978313446, 0.46490219235420227], [0.3681628108024597, 0.3393939435482025, 0.4366925060749054], [0.38169217109680176, 0.3525835871696472, 0.4510309398174286]], "s_pred_p_future": [[0.4029930830001831, 0.06185567006468773, 0.6894198060035706], [0.38859713077545166, 0.011173184029757977, 0.7054908275604248], [0.3942791819572449, 0.02222222276031971, 0.7066666483879089], [0.44805681705474854, 0.14778324961662292, 0.7001733183860779], [0.3986499309539795, 0.032967034727334976, 0.7056856155395508]], "shift_hold_p_now_after": [[0.2851341962814331, 0.2142857164144516, 0.45390069484710693], [0.30138832330703735, 0.23920266330242157, 0.44951921701431274], [0.2649344205856323, 0.18685121834278107, 0.45093458890914917], [0.2384677231311798, 0.15167547762393951, 0.4452133774757385], [0.48742198944091797, 0.5141388177871704, 0.42378050088882446]], "shift_hold_p_now_before": [[0.17433208227157593, 0.057034220546483994, 0.453744500875473], [0.15875555574893951, 0.03474903479218483, 0.45414847135543823], [0.17272555828094482, 0.0535372830927372, 0.4566410481929779], [0.22018764913082123, 0.12318840622901917, 0.4512471556663513], [0.17491158843040466, 0.05714285746216774, 0.4554455578327179]], "s_pred_p_now": [[0.387395977973938, 0.011111111380159855, 0.70333331823349], [0.38859713077545166, 0.011173184029757977, 0.7054908275604248], [0.38286054134368896, 0.0, 0.7043189406394958], [0.3816886246204376, 0.0, 0.70216304063797], [0.38286054134368896, 0.0, 0.7043189406394958]], "backchannel": [[0.4960765540599823, 0.4732052683830261, 0.5267938375473022], [0.49317896366119385, 0.5119265913963318, 0.46799999475479126], [0.5640864968299866, 0.6701728105545044, 0.4216073751449585], [0.5130661725997925, 0.5677965879440308, 0.4395604431629181], [0.5417578220367432, 0.6136363744735718, 0.4452214539051056]], "short_long": [[0.45396900177001953, 0.39279869198799133, 0.48400557041168213], [0.5044058561325073, 0.344294011592865, 0.5830258131027222], [0.4178009033203125, 0.4502164423465729, 0.4018838405609131], [0.4859992265701294, 0.3824561536312103, 0.5368421077728271], [0.6067866086959839, 0.2636655867099762, 0.7752698659896851]]}, "roddy_events": {"overlaps_before_p_now": [[0.3538609743118286, 0.27848100662231445, 0.4955752193927765], [0.2560088336467743, 0.11764705926179886, 0.5161290168762207], [0.28840604424476624, 0.1751152127981186, 0.5013927817344666], [0.3424329459667206, 0.2586206793785095, 0.5], [0.32810360193252563, 0.2468085139989853, 0.4809384047985077]], "overlaps_before_p_future": [[0.38595709204673767, 0.30901288986206055, 0.5306122303009033], [0.27254199981689453, 0.13725490868091583, 0.5268816947937012], [0.42199915647506714, 0.36213991045951843, 0.5345345139503479], [0.5109301805496216, 0.512110710144043, 0.5087108016014099], [0.45567184686660767, 0.4312267601490021, 0.5016286373138428]], "overlaps_after_p_now": [[0.4316232204437256, 0.39694657921791077, 0.4968152940273285], [0.6462944149971008, 0.7178082466125488, 0.5118483304977417], [0.4857085347175598, 0.47101449966430664, 0.5133333206176758], [0.5502136945724487, 0.5769230723381042, 0.5], [0.5460700392723083, 0.5695793032646179, 0.5018726587295532]], "overlaps_after_p_future": [[0.44807374477386475, 0.40316206216812134, 0.5325077176094055], [0.528387188911438, 0.5387205481529236, 0.5089605450630188], [0.3558434844017029, 0.2654867172241211, 0.5257142782211304], [0.40897196531295776, 0.36220473051071167, 0.4968944191932678], [0.502025842666626, 0.5068492889404297, 0.49295774102211]], "overlap_spred_before_p_future": [[0.36044973134994507, 0.25592416524887085, 0.5475504398345947], [0.3117491602897644, 0.18090452253818512, 0.5459610223770142], [0.27039796113967896, 0.12371134012937546, 0.5329670310020447], [0.29089096188545227, 0.15920397639274597, 0.5266106724739075], [0.23764429986476898, 0.07446808367967606, 0.5297297239303589]]}, "gap_0": {"gap_0_p_future": [[0.3957403302192688, 0.4046242833137512, 0.36463332176208496], [0.2814926207065582, 0.25755396485328674, 0.36531364917755127], [0.2326551377773285, 0.1934996247291565, 0.36975783109664917], [0.4335145354270935, 0.45012468099594116, 0.3753541111946106], [0.40331530570983887, 0.4100905656814575, 0.37959182262420654]], "gap_0_p_now": [[0.16445979475975037, 0.10810811072587967, 0.361774742603302], [0.10375343263149261, 0.030075188726186752, 0.3617372214794159], [0.13575398921966553, 0.07154471427202225, 0.36058229207992554], [0.172279492020607, 0.11727416515350342, 0.3648802638053894], [0.2209937870502472, 0.18043972551822662, 0.3629935085773468]], "s_pred_p_now": [[0.3972104489803314, 0.04067796468734741, 0.7005290985107422], [0.3826863765716553, 0.00699300691485405, 0.7023060917854309], [0.3862766921520233, 0.013937282375991344, 0.7030430436134338], [0.39612892270088196, 0.034364260733127594, 0.7038988471031189], [0.3819394111633301, 0.006968641187995672, 0.7009443640708923]], "s_pred_p_future": [[0.48805177211761475, 0.23931623995304108, 0.6996625661849976], [0.3753820061683655, 0.0, 0.6947368383407593], [0.4262573719024658, 0.10322580486536026, 0.7010752558708191], [0.4666537940502167, 0.1834862381219864, 0.7075574994087219], [0.3964034616947174, 0.04054053872823715, 0.6991525292396545]], "superset_p_future": [[0.38707995414733887, 0.3953379988670349, 0.35568803548812866], [0.3405858278274536, 0.33626589179039, 0.35700756311416626], [0.24261382222175598, 0.2133333384990692, 0.3539202809333801], [0.39891672134399414, 0.40978312492370605, 0.35760924220085144], [0.4675905406475067, 0.4950409531593323, 0.36324089765548706]]}, "fast_shift": {}, "slow_shift": {}, "short_long": {}}, "bal_Accs": {"ekstedt_events": {"shift_hold_p_future_after": [0.5065850924715113, 0.4957500467027835, 0.512436951242294, 0.5108350457687278, 0.5145619278909023], "shift_hold_p_future_before": [0.49744068746497294, 0.5052727442555576, 0.5111246030263403, 0.5110685596861573, 0.5105127965626751], "s_pred_p_future": [0.4932690269238923, 0.5028089887640449, 0.5056179775280899, 0.5185499258002968, 0.506068475726097], "shift_hold_p_now_after": [0.494993461610312, 0.494003362600411, 0.4963618531664487, 0.49918737156734544, 0.5031477676069493], "shift_hold_p_now_before": [0.5012236129273304, 0.500990099009901, 0.5016019054735662, 0.5032038109471324, 0.5012236129273304], "s_pred_p_now": [0.5004504981980071, 0.5028089887640449, 0.5, 0.49528301886792453, 0.5], "backchannel": [0.5123936006947304, 0.49732176946630036, 0.5037300583184231, 0.48980363385912246, 0.5319160484215097], "short_long": [0.5414951778364764, 0.5105299260806356, 0.5161353072465549, 0.5182801973913221, 0.527740237934353]}, "roddy_events": {"overlaps_before_p_now": [0.49, 0.49, 0.4903191489361702, 0.4932978723404255, 0.4953191489361702], "overlaps_before_p_future": [0.5361702127659574, 0.49, 0.5009574468085106, 0.5062765957446809, 0.49425531914893617], "overlaps_after_p_now": [0.5006382978723404, 0.5108510638297873, 0.5578723404255319, 0.519468085106383, 0.5178723404255319], "overlaps_after_p_future": [0.5089361702127659, 0.5006382978723404, 0.4982978723404255, 0.49819148936170216, 0.4975531914893617], "overlap_spred_before_p_future": [0.4989664804469274, 0.49558659217877093, 0.4927932960893855, 0.5146927374301675, 0.5095530726256983]}, "gap_0": {"gap_0_p_future": [0.49977605578246875, 0.5019175223626114, 0.5215228206792126, 0.5136313318318891, 0.5057525670878344],