{"f1_score": {"ekstedt_events": {"shift_hold_p_future_after": [[0.689754068851471, 0.8792341947555542, 0.0], [0.689754068851471, 0.8792341947555542, 0.0], [0.689754068851471, 0.8792341947555542, 0.0], [0.689754068851471, 0.8792341947555542, 0.0]], "shift_hold_p_future_before": [[0.689754068851471, 0.8792341947555542, 0.0], [0.689754068851471, 0.8792341947555542, 0.0], [0.689754068851471, 0.8792341947555542, 0.0], [0.689754068851471, 0.8792341947555542, 0.0]], "s_pred_p_future": [[0.40819883346557617, 0.036363635212183, 0.7097480893135071], [0.392880380153656, 0.0, 0.7114967703819275], [0.392880380153656, 0.0, 0.7114967703819275], [0.392880380153656, 0.0, 0.7114967703819275]], "shift_hold_p_now_after": [[0.689754068851471, 0.8792341947555542, 0.0], [0.689754068851471, 0.8792341947555542, 0.0], [0.689754068851471, 0.8792341947555542, 0.0], [0.689754068851471, 0.8792341947555542, 0.0]], "shift_hold_p_now_before": [[0.689754068851471, 0.8792341947555542, 0.0], [0.689754068851471, 0.8792341947555542, 0.0], [0.689754068851471, 0.8792341947555542, 0.0], [0.689754068851471, 0.8792341947555542, 0.0]], "s_pred_p_now": [[0.40987539291381836, 0.03663003817200661, 0.7125682830810547], [0.392880380153656, 0.0, 0.7114967703819275], [0.392880380153656, 0.0, 0.7114967703819275], [0.392880380153656, 0.0, 0.7114967703819275]], "backchannel": [[0.21217910945415497, 0.07486630976200104, 0.490276962518692], [0.5565281510353088, 0.6358100175857544, 0.3959595859050751], [0.26585888862609863, 0.15400202572345734, 0.49240121245384216], [0.3527240753173828, 0.28096118569374084, 0.4980645179748535]], "short_long": [[0.43136924505233765, 0.06648199260234833, 0.7165685296058655], [0.43136924505233765, 0.06648199260234833, 0.7165685296058655], [0.4344245195388794, 0.08086253702640533, 0.7107718586921692], [0.43136924505233765, 0.06648199260234833, 0.7165685296058655]]}, "roddy_events": {"overlaps_before_p_now": [[0.7040293216705322, 0.8857142925262451, 0.0], [0.7040293216705322, 0.8857142925262451, 0.0], [0.7040293216705322, 0.8857142925262451, 0.0], [0.7040293216705322, 0.8857142925262451, 0.0]], "overlaps_before_p_future": [[0.7040293216705322, 0.8857142925262451, 0.0], [0.7040293216705322, 0.8857142925262451, 0.0], [0.7040293216705322, 0.8857142925262451, 0.0], [0.7040293216705322, 0.8857142925262451, 0.0]], "overlaps_after_p_now": [[0.7040293216705322, 0.8857142925262451, 0.0], [0.7040293216705322, 0.8857142925262451, 0.0], [0.7040293216705322, 0.8857142925262451, 0.0], [0.7040293216705322, 0.8857142925262451, 0.0]], "overlaps_after_p_future": [[0.7040293216705322, 0.8857142925262451, 0.0], [0.7040293216705322, 0.8857142925262451, 0.0], [0.7040293216705322, 0.8857142925262451, 0.0], [0.7040293216705322, 0.8857142925262451, 0.0]], "overlap_spred_before_p_future": [[0.916016697883606, 0.9709091186523438, 0.0], [0.916016697883606, 0.9709091186523438, 0.0], [0.916016697883606, 0.9709091186523438, 0.0], [0.916016697883606, 0.9709091186523438, 0.0]]}, "gap_0": {"gap_0_p_future": [[0.8602596521377563, 0.9502798914909363, 0.0], [0.8602596521377563, 0.9502798914909363, 0.0], [0.8602596521377563, 0.9502798914909363, 0.0], [0.8602596521377563, 0.9502798914909363, 0.0]], "gap_0_p_now": [[0.8602596521377563, 0.9502798914909363, 0.0], [0.8602596521377563, 0.9502798914909363, 0.0], [0.8602596521377563, 0.9502798914909363, 0.0], [0.8602596521377563, 0.9502798914909363, 0.0]], "s_pred_p_now": [[0.38970455527305603, 0.0, 0.7080062627792358], [0.3935492932796478, 0.005390835460275412, 0.7105882167816162], [0.3908191919326782, 0.0, 0.7100313305854797], [0.39242127537727356, 0.005361930467188358, 0.708562433719635]], "s_pred_p_future": [[0.39185601472854614, 0.005347593687474728, 0.7075471878051758], [0.3908191919326782, 0.0, 0.7100313305854797], [0.3908191919326782, 0.0, 0.7100313305854797], [0.39242127537727356, 0.005361930467188358, 0.708562433719635]], "superset_p_future": [[0.8675425052642822, 0.9530389308929443, 0.0], [0.8675425052642822, 0.9530389308929443, 0.0], [0.8675425052642822, 0.9530389308929443, 0.0], [0.8675425052642822, 0.9530389308929443, 0.0]]}, "fast_shift": {}, "slow_shift": {}, "short_long": {}}, "bal_Accs": {"ekstedt_events": {"shift_hold_p_future_after": [0.49254146750010214, 0.5, 0.5, 0.4876006046492626], "shift_hold_p_future_before": [0.49081535727417575, 0.5, 0.5, 0.4765060056379458], "s_pred_p_future": [0.4681711901705483, 0.5, 0.5, 0.5060975609756098], "shift_hold_p_now_after": [0.4775120521305716, 0.5, 0.5, 0.4864949748743719], "shift_hold_p_now_before": [0.48682947256608244, 0.5004187604690117, 0.5, 0.48077787310536424], "s_pred_p_now": [0.4751398312855309, 0.49847560975609756, 0.5, 0.502796625710618], "backchannel": [0.4980247106866544, 0.49930329954205643, 0.5002805067386851, 0.4987357626521586], "short_long": [0.490500338066261, 0.4999323867478026, 0.5073022312373225, 0.5073022312373225]}, "roddy_events": {"overlaps_before_p_now": [0.5483870967741935, 0.5, 0.4788306451612903, 0.5], "overlaps_before_p_future": [0.5221774193548387, 0.5, 0.4788306451612903, 0.5], "overlaps_after_p_now": [0.5, 0.5, 0.3719758064516129, 0.5], "overlaps_after_p_future": [0.5483870967741935, 0.5, 0.3719758064516129, 0.5], "overlap_spred_before_p_future": [0.5468164794007491, 0.49754213483146065, 0.49625468164794007, 0.50187265917603]}, "gap_0": {"gap_0_p_future": [0.5010264977152394, 0.5003465003465003, 0.5, 0.5006157456488582], "gap_0_p_now": [0.5013729980617397, 0.5061880525456685, 0.5, 0.4992939959827377], "s_pred_p_now": [0.4905315911938428, 0.5013513513513513, 0.4988962472406181, 0.4908209534037348], "s_pred_p_future": [0.4980400930732056, 0.5, 0.4988962472406181, 0.49914384583258753], "superset_p_future": [0.5009146624216891, 0.4917283871519836, 0.5, 0.5003738847861374]}, "fast_shift": {}, "slow_shift": {}, "short_long": {}}}