{"f1_score": {"ekstedt_events": {"shift_hold_p_future_after": [[0.689754068851471, 0.8792341947555542, 0.0], [0.689754068851471, 0.8792341947555542, 0.0], [0.689754068851471, 0.8792341947555542, 0.0], [0.689754068851471, 0.8792341947555542, 0.0]], "shift_hold_p_future_before": [[0.689754068851471, 0.8792341947555542, 0.0], [0.689754068851471, 0.8792341947555542, 0.0], [0.689754068851471, 0.8792341947555542, 0.0], [0.689754068851471, 0.8792341947555542, 0.0]], "s_pred_p_future": [[0.3921078145503998, 0.0, 0.7100977301597595], [0.392880380153656, 0.0, 0.7114967703819275], [0.392880380153656, 0.0, 0.7114967703819275], [0.392880380153656, 0.0, 0.7114967703819275]], "shift_hold_p_now_after": [[0.689754068851471, 0.8792341947555542, 0.0], [0.689754068851471, 0.8792341947555542, 0.0], [0.689754068851471, 0.8792341947555542, 0.0], [0.689754068851471, 0.8792341947555542, 0.0]], "shift_hold_p_now_before": [[0.689754068851471, 0.8792341947555542, 0.0], [0.689754068851471, 0.8792341947555542, 0.0], [0.689754068851471, 0.8792341947555542, 0.0], [0.689754068851471, 0.8792341947555542, 0.0]], "s_pred_p_now": [[0.392880380153656, 0.0, 0.7114967703819275], [0.392880380153656, 0.0, 0.7114967703819275], [0.392880380153656, 0.0, 0.7114967703819275], [0.392880380153656, 0.0, 0.7114967703819275]], "backchannel": [[0.19559872150421143, 0.050054408609867096, 0.4903677701950073], [0.5332257747650146, 0.6144430637359619, 0.36873748898506165], [0.24190747737884521, 0.11995863169431686, 0.4888888895511627], [0.31428372859954834, 0.23185673356056213, 0.48122215270996094]], "short_long": [[0.43136924505233765, 0.06648199260234833, 0.7165685296058655], [0.43136924505233765, 0.06648199260234833, 0.7165685296058655], [0.43584224581718445, 0.08130080997943878, 0.712955117225647], [0.43136924505233765, 0.06648199260234833, 0.7165685296058655]]}, "roddy_events": {"overlaps_before_p_now": [[0.7040293216705322, 0.8857142925262451, 0.0], [0.7040293216705322, 0.8857142925262451, 0.0], [0.7040293216705322, 0.8857142925262451, 0.0], [0.7040293216705322, 0.8857142925262451, 0.0]], "overlaps_before_p_future": [[0.7040293216705322, 0.8857142925262451, 0.0], [0.7040293216705322, 0.8857142925262451, 0.0], [0.7040293216705322, 0.8857142925262451, 0.0], [0.7040293216705322, 0.8857142925262451, 0.0]], "overlaps_after_p_now": [[0.7040293216705322, 0.8857142925262451, 0.0], [0.7040293216705322, 0.8857142925262451, 0.0], [0.7040293216705322, 0.8857142925262451, 0.0], [0.7040293216705322, 0.8857142925262451, 0.0]], "overlaps_after_p_future": [[0.7040293216705322, 0.8857142925262451, 0.0], [0.7040293216705322, 0.8857142925262451, 0.0], [0.7040293216705322, 0.8857142925262451, 0.0], [0.7040293216705322, 0.8857142925262451, 0.0]], "overlap_spred_before_p_future": [[0.916016697883606, 0.9709091186523438, 0.0], [0.916016697883606, 0.9709091186523438, 0.0], [0.916016697883606, 0.9709091186523438, 0.0], [0.916016697883606, 0.9709091186523438, 0.0]]}, "gap_0": {"gap_0_p_future": [[0.8602596521377563, 0.9502798914909363, 0.0], [0.8602596521377563, 0.9502798914909363, 0.0], [0.8602596521377563, 0.9502798914909363, 0.0], [0.8602596521377563, 0.9502798914909363, 0.0]], "gap_0_p_now": [[0.8602596521377563, 0.9502798914909363, 0.0], [0.8602596521377563, 0.9502798914909363, 0.0], [0.8602596521377563, 0.9502798914909363, 0.0], [0.8602596521377563, 0.9502798914909363, 0.0]], "s_pred_p_now": [[0.39026230573654175, 0.0, 0.7090196013450623], [0.3908191919326782, 0.0, 0.7100313305854797], [0.3908191919326782, 0.0, 0.7100313305854797], [0.3908191919326782, 0.0, 0.7100313305854797]], "s_pred_p_future": [[0.39242127537727356, 0.005361930467188358, 0.708562433719635], [0.3908191919326782, 0.0, 0.7100313305854797], [0.3908191919326782, 0.0, 0.7100313305854797], [0.3908191919326782, 0.0, 0.7100313305854797]], "superset_p_future": [[0.8675425052642822, 0.9530389308929443, 0.0], [0.8675425052642822, 0.9530389308929443, 0.0], [0.8675425052642822, 0.9530389308929443, 0.0], [0.8675425052642822, 0.9530389308929443, 0.0]]}, "fast_shift": {}, "slow_shift": {}, "short_long": {}}, "bal_Accs": {"ekstedt_events": {"shift_hold_p_future_after": [0.5013201168443845, 0.5, 0.5, 0.4974184949135923], "shift_hold_p_future_before": [0.49693079217224334, 0.5, 0.5, 0.4843475507619398], "s_pred_p_future": [0.506991564276545, 0.5, 0.5, 0.4880111865028425], "shift_hold_p_now_after": [0.4898425052089717, 0.5, 0.5, 0.49783725538260404], "shift_hold_p_now_before": [0.5025432038239981, 0.5, 0.5, 0.4838955958655064], "s_pred_p_now": [0.5051691729323309, 0.5, 0.5, 0.49410874747845224], "backchannel": [0.4958119691573056, 0.4987357626521586, 0.49293123018513446, 0.4987357626521586], "short_long": [0.5031440162271805, 0.4921737660581474, 0.5073022312373225, 0.5073022312373225]}, "roddy_events": {"overlaps_before_p_now": [0.532258064516129, 0.5231854838709677, 0.501008064516129, 0.5], "overlaps_before_p_future": [0.6088709677419355, 0.5231854838709677, 0.501008064516129, 0.5], "overlaps_after_p_now": [0.5, 0.5231854838709677, 0.4193548387096774, 0.5], "overlaps_after_p_future": [0.5403225806451613, 0.5, 0.4193548387096774, 0.5], "overlap_spred_before_p_future": [0.5262172284644194, 0.5300795880149813, 0.5, 0.50187265917603]}, "gap_0": {"gap_0_p_future": [0.4994094960982378, 0.5, 0.5, 0.5023100023100023], "gap_0_p_now": [0.49975599644473817, 0.475336518382876, 0.5, 0.501039501039501], "s_pred_p_now": [0.4994749716604021, 0.5, 0.5, 0.4950808424318358], "s_pred_p_future": [0.49914384583258753, 0.5, 0.5, 0.5], "superset_p_future": [0.4991285729070853, 0.43236112834799373, 0.5, 0.5019962176927926]}, "fast_shift": {}, "slow_shift": {}, "short_long": {}}}