{"f1_score": {"ekstedt_events": {"shift_hold_p_future_after": [[0.689754068851471, 0.8792341947555542, 0.0], [0.689754068851471, 0.8792341947555542, 0.0], [0.689754068851471, 0.8792341947555542, 0.0], [0.689754068851471, 0.8792341947555542, 0.0]], "shift_hold_p_future_before": [[0.689754068851471, 0.8792341947555542, 0.0], [0.689754068851471, 0.8792341947555542, 0.0], [0.689754068851471, 0.8792341947555542, 0.0], [0.689754068851471, 0.8792341947555542, 0.0]], "s_pred_p_future": [[0.39962008595466614, 0.014869888313114643, 0.7116430997848511], [0.392880380153656, 0.0, 0.7114967703819275], [0.392880380153656, 0.0, 0.7114967703819275], [0.392880380153656, 0.0, 0.7114967703819275]], "shift_hold_p_now_after": [[0.689754068851471, 0.8792341947555542, 0.0], [0.689754068851471, 0.8792341947555542, 0.0], [0.689754068851471, 0.8792341947555542, 0.0], [0.689754068851471, 0.8792341947555542, 0.0]], "shift_hold_p_now_before": [[0.689754068851471, 0.8792341947555542, 0.0], [0.689754068851471, 0.8792341947555542, 0.0], [0.689754068851471, 0.8792341947555542, 0.0], [0.689754068851471, 0.8792341947555542, 0.0]], "s_pred_p_now": [[0.39962008595466614, 0.014869888313114643, 0.7116430997848511], [0.392880380153656, 0.0, 0.7114967703819275], [0.392880380153656, 0.0, 0.7114967703819275], [0.392880380153656, 0.0, 0.7114967703819275]], "backchannel": [[0.19244812428951263, 0.0476706400513649, 0.48566412925720215], [0.48115187883377075, 0.5335102677345276, 0.37511110305786133], [0.239865243434906, 0.1163032203912735, 0.49011385440826416], [0.30383458733558655, 0.21585482358932495, 0.48201891779899597]], "short_long": [[0.43136924505233765, 0.06648199260234833, 0.7165685296058655], [0.43136924505233765, 0.06648199260234833, 0.7165685296058655], [0.4332163333892822, 0.07608695328235626, 0.71235191822052], [0.43136924505233765, 0.06648199260234833, 0.7165685296058655]]}, "roddy_events": {"overlaps_before_p_now": [[0.7040293216705322, 0.8857142925262451, 0.0], [0.7040293216705322, 0.8857142925262451, 0.0], [0.7040293216705322, 0.8857142925262451, 0.0], [0.7040293216705322, 0.8857142925262451, 0.0]], "overlaps_before_p_future": [[0.7040293216705322, 0.8857142925262451, 0.0], [0.7040293216705322, 0.8857142925262451, 0.0], [0.7040293216705322, 0.8857142925262451, 0.0], [0.7040293216705322, 0.8857142925262451, 0.0]], "overlaps_after_p_now": [[0.7040293216705322, 0.8857142925262451, 0.0], [0.7040293216705322, 0.8857142925262451, 0.0], [0.7040293216705322, 0.8857142925262451, 0.0], [0.7040293216705322, 0.8857142925262451, 0.0]], "overlaps_after_p_future": [[0.7040293216705322, 0.8857142925262451, 0.0], [0.7040293216705322, 0.8857142925262451, 0.0], [0.7040293216705322, 0.8857142925262451, 0.0], [0.7040293216705322, 0.8857142925262451, 0.0]], "overlap_spred_before_p_future": [[0.916016697883606, 0.9709091186523438, 0.0], [0.916016697883606, 0.9709091186523438, 0.0], [0.916016697883606, 0.9709091186523438, 0.0], [0.916016697883606, 0.9709091186523438, 0.0]]}, "gap_0": {"gap_0_p_future": [[0.8602596521377563, 0.9502798914909363, 0.0], [0.8602596521377563, 0.9502798914909363, 0.0], [0.8602596521377563, 0.9502798914909363, 0.0], [0.8602596521377563, 0.9502798914909363, 0.0]], "gap_0_p_now": [[0.8602596521377563, 0.9502798914909363, 0.0], [0.8602596521377563, 0.9502798914909363, 0.0], [0.8602596521377563, 0.9502798914909363, 0.0], [0.8602596521377563, 0.9502798914909363, 0.0]], "s_pred_p_now": [[0.3962668776512146, 0.01075268816202879, 0.7111459970474243], [0.39026230573654175, 0.0, 0.7090196013450623], [0.3908191919326782, 0.0, 0.7100313305854797], [0.3908191919326782, 0.0, 0.7100313305854797]], "s_pred_p_future": [[0.3951255679130554, 0.010695187374949455, 0.7091194987297058], [0.3908191919326782, 0.0, 0.7100313305854797], [0.3908191919326782, 0.0, 0.7100313305854797], [0.3908191919326782, 0.0, 0.7100313305854797]], "superset_p_future": [[0.8675425052642822, 0.9530389308929443, 0.0], [0.8675425052642822, 0.9530389308929443, 0.0], [0.8675425052642822, 0.9530389308929443, 0.0], [0.8675425052642822, 0.9530389308929443, 0.0]]}, "fast_shift": {}, "slow_shift": {}, "short_long": {}}, "bal_Accs": {"ekstedt_events": {"shift_hold_p_future_after": [0.5088909997140173, 0.5004187604690117, 0.5, 0.5058600931486702], "shift_hold_p_future_before": [0.5093761490378723, 0.5, 0.5, 0.5043816644196593], "s_pred_p_future": [0.5236567027324408, 0.5, 0.5, 0.49893407298734643], "shift_hold_p_now_after": [0.5011158434448666, 0.5, 0.5, 0.5058600931486702], "shift_hold_p_now_before": [0.5049715038607673, 0.5012562814070352, 0.5, 0.5054540997671284], "s_pred_p_now": [0.5220864661654135, 0.5018796992481203, 0.5, 0.49903722721437743], "backchannel": [0.4894973058306261, 0.4987357626521586, 0.491185564992759, 0.4987357626521586], "short_long": [0.4987322515212982, 0.47861730899256255, 0.5073022312373225, 0.5073022312373225]}, "roddy_events": {"overlaps_before_p_now": [0.5483870967741935, 0.5151209677419355, 0.4788306451612903, 0.5], "overlaps_before_p_future": [0.49899193548387094, 0.5151209677419355, 0.47076612903225806, 0.5], "overlaps_after_p_now": [0.5, 0.5151209677419355, 0.3497983870967742, 0.5], "overlaps_after_p_future": [0.5483870967741935, 0.5, 0.35786290322580644, 0.5], "overlap_spred_before_p_future": [0.5449438202247191, 0.48817883895131087, 0.53125, 0.50187265917603]}, "gap_0": {"gap_0_p_future": [0.4999357482801191, 0.5, 0.5, 0.5005644972532389], "gap_0_p_now": [0.49894749563623736, 0.5096538209120991, 0.5, 0.4995892479336188], "s_pred_p_now": [0.49677226895769944, 0.4988962472406181, 0.5, 0.5025595131555396], "s_pred_p_future": [0.5004951971839389, 0.5, 0.5, 0.5], "superset_p_future": [0.5011557049800378, 0.5044225485008542, 0.5, 0.5009146624216891]}, "fast_shift": {}, "slow_shift": {}, "short_long": {}}}