{"f1_score": {"ekstedt_events": {"shift_hold_p_future_after": [[0.689754068851471, 0.8792341947555542, 0.0], [0.689754068851471, 0.8792341947555542, 0.0], [0.689754068851471, 0.8792341947555542, 0.0], [0.689754068851471, 0.8792341947555542, 0.0]], "shift_hold_p_future_before": [[0.689754068851471, 0.8792341947555542, 0.0], [0.689754068851471, 0.8792341947555542, 0.0], [0.689754068851471, 0.8792341947555542, 0.0], [0.689754068851471, 0.8792341947555542, 0.0]], "s_pred_p_future": [[0.3935100734233856, 0.007380073890089989, 0.7066521048545837], [0.392880380153656, 0.0, 0.7114967703819275], [0.392880380153656, 0.0, 0.7114967703819275], [0.392880380153656, 0.0, 0.7114967703819275]], "shift_hold_p_now_after": [[0.689754068851471, 0.8792341947555542, 0.0], [0.689754068851471, 0.8792341947555542, 0.0], [0.689754068851471, 0.8792341947555542, 0.0], [0.689754068851471, 0.8792341947555542, 0.0]], "shift_hold_p_now_before": [[0.689754068851471, 0.8792341947555542, 0.0], [0.689754068851471, 0.8792341947555542, 0.0], [0.689754068851471, 0.8792341947555542, 0.0], [0.689754068851471, 0.8792341947555542, 0.0]], "s_pred_p_now": [[0.39430028200149536, 0.007407407276332378, 0.7080609798431396], [0.392880380153656, 0.0, 0.7114967703819275], [0.392880380153656, 0.0, 0.7114967703819275], [0.392880380153656, 0.0, 0.7114967703819275]], "backchannel": [[0.1952708214521408, 0.05000000074505806, 0.4894859790802002], [0.5176863670349121, 0.5807692408561707, 0.38992536067962646], [0.24748139083385468, 0.12770339846611023, 0.4900662302970886], [0.30235612392425537, 0.21174205839633942, 0.4858756959438324]], "short_long": [[0.43136924505233765, 0.06648199260234833, 0.7165685296058655], [0.43136924505233765, 0.06648199260234833, 0.7165685296058655], [0.4384564161300659, 0.08648648858070374, 0.7135593295097351], [0.43136924505233765, 0.06648199260234833, 0.7165685296058655]]}, "roddy_events": {"overlaps_before_p_now": [[0.7040293216705322, 0.8857142925262451, 0.0], [0.7040293216705322, 0.8857142925262451, 0.0], [0.7040293216705322, 0.8857142925262451, 0.0], [0.7040293216705322, 0.8857142925262451, 0.0]], "overlaps_before_p_future": [[0.7040293216705322, 0.8857142925262451, 0.0], [0.7040293216705322, 0.8857142925262451, 0.0], [0.7040293216705322, 0.8857142925262451, 0.0], [0.7040293216705322, 0.8857142925262451, 0.0]], "overlaps_after_p_now": [[0.7040293216705322, 0.8857142925262451, 0.0], [0.7040293216705322, 0.8857142925262451, 0.0], [0.7040293216705322, 0.8857142925262451, 0.0], [0.7040293216705322, 0.8857142925262451, 0.0]], "overlaps_after_p_future": [[0.7040293216705322, 0.8857142925262451, 0.0], [0.7040293216705322, 0.8857142925262451, 0.0], [0.7040293216705322, 0.8857142925262451, 0.0], [0.7040293216705322, 0.8857142925262451, 0.0]], "overlap_spred_before_p_future": [[0.916016697883606, 0.9709091186523438, 0.0], [0.916016697883606, 0.9709091186523438, 0.0], [0.916016697883606, 0.9709091186523438, 0.0], [0.916016697883606, 0.9709091186523438, 0.0]]}, "gap_0": {"gap_0_p_future": [[0.8602596521377563, 0.9502798914909363, 0.0], [0.8602596521377563, 0.9502798914909363, 0.0], [0.8602596521377563, 0.9502798914909363, 0.0], [0.8602596521377563, 0.9502798914909363, 0.0]], "gap_0_p_now": [[0.8602596521377563, 0.9502798914909363, 0.0], [0.8602596521377563, 0.9502798914909363, 0.0], [0.8602596521377563, 0.9502798914909363, 0.0], [0.8602596521377563, 0.9502798914909363, 0.0]], "s_pred_p_now": [[0.38970455527305603, 0.0, 0.7080062627792358], [0.3935492932796478, 0.005390835460275412, 0.7105882167816162], [0.3908191919326782, 0.0, 0.7100313305854797], [0.39026230573654175, 0.0, 0.7090196013450623]], "s_pred_p_future": [[0.3960801661014557, 0.01587301678955555, 0.7066246271133423], [0.3935492932796478, 0.005390835460275412, 0.7105882167816162], [0.3908191919326782, 0.0, 0.7100313305854797], [0.39026230573654175, 0.0, 0.7090196013450623]], "superset_p_future": [[0.8675425052642822, 0.9530389308929443, 0.0], [0.8675425052642822, 0.9530389308929443, 0.0], [0.8675425052642822, 0.9530389308929443, 0.0], [0.8675425052642822, 0.9530389308929443, 0.0]]}, "fast_shift": {}, "slow_shift": {}, "short_long": {}}, "bal_Accs": {"ekstedt_events": {"shift_hold_p_future_after": [0.5043688973321894, 0.5, 0.5, 0.4915890427748499], "shift_hold_p_future_before": [0.5129611471994117, 0.5, 0.5, 0.47687625117457205], "s_pred_p_future": [0.4937305153126719, 0.5, 0.5, 0.4955299834953237], "shift_hold_p_now_after": [0.49406330432651063, 0.5, 0.5, 0.49006465253094744], "shift_hold_p_now_before": [0.5057426359439474, 0.49847560975609756, 0.5, 0.48640815867957676], "s_pred_p_now": [0.5123326609205942, 0.49847560975609756, 0.5, 0.4982234549789107], "backchannel": [0.49466254386994923, 0.4987357626521586, 0.4974715253043172, 0.4987357626521586], "short_long": [0.4902298850574712, 0.5123056118999324, 0.5073022312373225, 0.5073022312373225]}, "roddy_events": {"overlaps_before_p_now": [0.5403225806451613, 0.5, 0.5090725806451613, 0.5], "overlaps_before_p_future": [0.4435483870967742, 0.5, 0.5090725806451613, 0.5], "overlaps_after_p_now": [0.5, 0.5, 0.3256048387096774, 0.5], "overlaps_after_p_future": [0.5483870967741935, 0.5, 0.3256048387096774, 0.5], "overlap_spred_before_p_future": [0.5374531835205992, 0.4419475655430712, 0.5, 0.50187265917603]}, "gap_0": {"gap_0_p_future": [0.4981902432233558, 0.5001155001155001, 0.5, 0.49917849586723756], "gap_0_p_now": [0.49754849092597436, 0.4879390342966502, 0.5, 0.4984854951742369], "s_pred_p_now": [0.501073921603723, 0.5013513513513513, 0.5, 0.4874679315076666], "s_pred_p_future": [0.4985352902571446, 0.5013513513513513, 0.5, 0.4988962472406181], "superset_p_future": [0.4980624748260618, 0.4455651529522561, 0.5, 0.49933870108527395]}, "fast_shift": {}, "slow_shift": {}, "short_long": {}}}