{"f1_score": {"ekstedt_events": {"shift_hold_p_future_after": [[0.689754068851471, 0.8792341947555542, 0.0], [0.689754068851471, 0.8792341947555542, 0.0], [0.689754068851471, 0.8792341947555542, 0.0], [0.689754068851471, 0.8792341947555542, 0.0]], "shift_hold_p_future_before": [[0.689754068851471, 0.8792341947555542, 0.0], [0.6913180947303772, 0.8795580267906189, 0.006079027429223061], [0.689754068851471, 0.8792341947555542, 0.0], [0.689754068851471, 0.8792341947555542, 0.0]], "s_pred_p_future": [[0.4004181921482086, 0.014925372786819935, 0.7130434513092041], [0.4004181921482086, 0.014925372786819935, 0.7130434513092041], [0.392880380153656, 0.0, 0.7114967703819275], [0.392880380153656, 0.0, 0.7114967703819275]], "shift_hold_p_now_after": [[0.689754068851471, 0.8792341947555542, 0.0], [0.689754068851471, 0.8792341947555542, 0.0], [0.689754068851471, 0.8792341947555542, 0.0], [0.689754068851471, 0.8792341947555542, 0.0]], "shift_hold_p_now_before": [[0.689754068851471, 0.8792341947555542, 0.0], [0.6928744912147522, 0.8798820972442627, 0.012121211737394333], [0.689754068851471, 0.8792341947555542, 0.0], [0.689754068851471, 0.8792341947555542, 0.0]], "s_pred_p_now": [[0.4004181921482086, 0.014925372786819935, 0.7130434513092041], [0.392880380153656, 0.0, 0.7114967703819275], [0.392880380153656, 0.0, 0.7114967703819275], [0.392880380153656, 0.0, 0.7114967703819275]], "backchannel": [[0.1982918083667755, 0.05422993376851082, 0.4900584816932678], [0.528038740158081, 0.5886889696121216, 0.4052044749259949], [0.26667338609695435, 0.15431472659111023, 0.4942319393157959], [0.3373259902000427, 0.2620817720890045, 0.4897172152996063]], "short_long": [[0.43136924505233765, 0.06648199260234833, 0.7165685296058655], [0.43136924505233765, 0.06648199260234833, 0.7165685296058655], [0.4305785000324249, 0.07084468752145767, 0.711749792098999], [0.43136924505233765, 0.06648199260234833, 0.7165685296058655]]}, "roddy_events": {"overlaps_before_p_now": [[0.7040293216705322, 0.8857142925262451, 0.0], [0.7040293216705322, 0.8857142925262451, 0.0], [0.7040293216705322, 0.8857142925262451, 0.0], [0.7040293216705322, 0.8857142925262451, 0.0]], "overlaps_before_p_future": [[0.7040293216705322, 0.8857142925262451, 0.0], [0.7040293216705322, 0.8857142925262451, 0.0], [0.7040293216705322, 0.8857142925262451, 0.0], [0.7040293216705322, 0.8857142925262451, 0.0]], "overlaps_after_p_now": [[0.7040293216705322, 0.8857142925262451, 0.0], [0.7040293216705322, 0.8857142925262451, 0.0], [0.7040293216705322, 0.8857142925262451, 0.0], [0.7040293216705322, 0.8857142925262451, 0.0]], "overlaps_after_p_future": [[0.7040293216705322, 0.8857142925262451, 0.0], [0.7040293216705322, 0.8857142925262451, 0.0], [0.7040293216705322, 0.8857142925262451, 0.0], [0.7040293216705322, 0.8857142925262451, 0.0]], "overlap_spred_before_p_future": [[0.916016697883606, 0.9709091186523438, 0.0], [0.916016697883606, 0.9709091186523438, 0.0], [0.916016697883606, 0.9709091186523438, 0.0], [0.916016697883606, 0.9709091186523438, 0.0]]}, "gap_0": {"gap_0_p_future": [[0.8602596521377563, 0.9502798914909363, 0.0], [0.8602596521377563, 0.9502798914909363, 0.0], [0.8602596521377563, 0.9502798914909363, 0.0], [0.8602596521377563, 0.9502798914909363, 0.0]], "gap_0_p_now": [[0.8602596521377563, 0.9502798914909363, 0.0], [0.8602596521377563, 0.9502798914909363, 0.0], [0.8602596521377563, 0.9502798914909363, 0.0], [0.8602596521377563, 0.9502798914909363, 0.0]], "s_pred_p_now": [[0.3962668776512146, 0.01075268816202879, 0.7111459970474243], [0.3908191919326782, 0.0, 0.7100313305854797], [0.3908191919326782, 0.0, 0.7100313305854797], [0.3908191919326782, 0.0, 0.7100313305854797]], "s_pred_p_future": [[0.39569664001464844, 0.010723860934376717, 0.7101335525512695], [0.3908191919326782, 0.0, 0.7100313305854797], [0.3908191919326782, 0.0, 0.7100313305854797], [0.3908191919326782, 0.0, 0.7100313305854797]], "superset_p_future": [[0.8675425052642822, 0.9530389308929443, 0.0], [0.8675425052642822, 0.9530389308929443, 0.0], [0.8675425052642822, 0.9530389308929443, 0.0], [0.8675425052642822, 0.9530389308929443, 0.0]]}, "fast_shift": {}, "slow_shift": {}, "short_long": {}}, "bal_Accs": {"ekstedt_events": {"shift_hold_p_future_after": [0.5127262327899661, 0.5004187604690117, 0.5, 0.49255934142255997], "shift_hold_p_future_before": [0.5104639048903051, 0.5, 0.5004187604690117, 0.4892705396903215], "s_pred_p_future": [0.5110489638730974, 0.5037593984962406, 0.5, 0.5060975609756098], "shift_hold_p_now_after": [0.49898629325489235, 0.5, 0.5, 0.49255934142255997], "shift_hold_p_now_before": [0.5115874085876537, 0.5008375209380235, 0.5004187604690117, 0.4888185847938881], "s_pred_p_now": [0.5270607922244636, 0.5037593984962406, 0.5, 0.5069113332110764], "backchannel": [0.49579761764974495, 0.4987357626521586, 0.5003092097538064, 0.4987357626521586], "short_long": [0.5065922920892495, 0.5010818120351589, 0.5073022312373225, 0.5073022312373225]}, "roddy_events": {"overlaps_before_p_now": [0.5161290322580645, 0.53125, 0.5191532258064516, 0.5], "overlaps_before_p_future": [0.4747983870967742, 0.53125, 0.5191532258064516, 0.5], "overlaps_after_p_now": [0.5, 0.53125, 0.49798387096774194, 0.5], "overlaps_after_p_future": [0.5241935483870968, 0.5, 0.49798387096774194, 0.5], "overlap_spred_before_p_future": [0.5561797752808989, 0.5175561797752809, 0.49812734082397003, 0.50187265917603]}, "gap_0": {"gap_0_p_future": [0.5016170016170016, 0.5002310002310002, 0.5001155001155001, 0.5001537451868577], "gap_0_p_now": [0.5018480018480018, 0.49521554157315745, 0.5001155001155001, 0.5016682500126208], "s_pred_p_now": [0.5331453970526818, 0.5, 0.5027027027027027, 0.5062943738440427], "s_pred_p_future": [0.5015989499433208, 0.5, 0.5027027027027027, 0.5], "superset_p_future": [0.5017860895146039, 0.45250856753963203, 0.5001050640890944, 0.5004789488752318]}, "fast_shift": {}, "slow_shift": {}, "short_long": {}}}