{"f1_score": {"ekstedt_events": {"shift_hold_p_future_after": [[0.689754068851471, 0.8792341947555542, 0.0], [0.689754068851471, 0.8792341947555542, 0.0], [0.689754068851471, 0.8792341947555542, 0.0], [0.689754068851471, 0.8792341947555542, 0.0]], "shift_hold_p_future_before": [[0.689754068851471, 0.8792341947555542, 0.0], [0.6894301772117615, 0.8788213729858398, 0.0], [0.689754068851471, 0.8792341947555542, 0.0], [0.689754068851471, 0.8792341947555542, 0.0]], "s_pred_p_future": [[0.3927183151245117, 0.007352941203862429, 0.7052401900291443], [0.3913336396217346, 0.0, 0.708695650100708], [0.392880380153656, 0.0, 0.7114967703819275], [0.392880380153656, 0.0, 0.7114967703819275]], "shift_hold_p_now_after": [[0.689754068851471, 0.8792341947555542, 0.0], [0.689754068851471, 0.8792341947555542, 0.0], [0.689754068851471, 0.8792341947555542, 0.0], [0.689754068851471, 0.8792341947555542, 0.0]], "shift_hold_p_now_before": [[0.689754068851471, 0.8792341947555542, 0.0], [0.6891061067581177, 0.8784082531929016, 0.0], [0.689754068851471, 0.8792341947555542, 0.0], [0.689754068851471, 0.8792341947555542, 0.0]], "s_pred_p_now": [[0.3897801637649536, 0.0, 0.7058823704719543], [0.3921078145503998, 0.0, 0.7100977301597595], [0.392880380153656, 0.0, 0.7114967703819275], [0.392880380153656, 0.0, 0.7114967703819275]], "backchannel": [[0.23471322655677795, 0.1054852306842804, 0.49643704295158386], [0.5259193181991577, 0.6078431606292725, 0.36000001430511475], [0.2699011564254761, 0.15959596633911133, 0.4933008551597595], [0.3174017667770386, 0.23113657534122467, 0.49211356043815613]], "short_long": [[0.43136924505233765, 0.06648199260234833, 0.7165685296058655], [0.43136924505233765, 0.06648199260234833, 0.7165685296058655], [0.43889516592025757, 0.09090909361839294, 0.7108843326568604], [0.43136924505233765, 0.06648199260234833, 0.7165685296058655]]}, "roddy_events": {"overlaps_before_p_now": [[0.7040293216705322, 0.8857142925262451, 0.0], [0.7040293216705322, 0.8857142925262451, 0.0], [0.7040293216705322, 0.8857142925262451, 0.0], [0.7040293216705322, 0.8857142925262451, 0.0]], "overlaps_before_p_future": [[0.7040293216705322, 0.8857142925262451, 0.0], [0.7040293216705322, 0.8857142925262451, 0.0], [0.7040293216705322, 0.8857142925262451, 0.0], [0.7040293216705322, 0.8857142925262451, 0.0]], "overlaps_after_p_now": [[0.7040293216705322, 0.8857142925262451, 0.0], [0.7040293216705322, 0.8857142925262451, 0.0], [0.7040293216705322, 0.8857142925262451, 0.0], [0.7040293216705322, 0.8857142925262451, 0.0]], "overlaps_after_p_future": [[0.7040293216705322, 0.8857142925262451, 0.0], [0.7040293216705322, 0.8857142925262451, 0.0], [0.7040293216705322, 0.8857142925262451, 0.0], [0.7040293216705322, 0.8857142925262451, 0.0]], "overlap_spred_before_p_future": [[0.916016697883606, 0.9709091186523438, 0.0], [0.916016697883606, 0.9709091186523438, 0.0], [0.916016697883606, 0.9709091186523438, 0.0], [0.916016697883606, 0.9709091186523438, 0.0]]}, "gap_0": {"gap_0_p_future": [[0.8602596521377563, 0.9502798914909363, 0.0], [0.8602596521377563, 0.9502798914909363, 0.0], [0.8602596521377563, 0.9502798914909363, 0.0], [0.8602596521377563, 0.9502798914909363, 0.0]], "gap_0_p_now": [[0.8602596521377563, 0.9502798914909363, 0.0], [0.8602596521377563, 0.9502798914909363, 0.0], [0.8602596521377563, 0.9502798914909363, 0.0], [0.8602596521377563, 0.9502798914909363, 0.0]], "s_pred_p_now": [[0.38970455527305603, 0.0, 0.7080062627792358], [0.3891459107398987, 0.0, 0.7069913744926453], [0.3908191919326782, 0.0, 0.7100313305854797], [0.38970455527305603, 0.0, 0.7080062627792358]], "s_pred_p_future": [[0.39932703971862793, 0.021164020523428917, 0.7082018852233887], [0.3891459107398987, 0.0, 0.7069913744926453], [0.3908191919326782, 0.0, 0.7100313305854797], [0.38970455527305603, 0.0, 0.7080062627792358]], "superset_p_future": [[0.8675425052642822, 0.9530389308929443, 0.0], [0.8675425052642822, 0.9530389308929443, 0.0], [0.8675425052642822, 0.9530389308929443, 0.0], [0.8675425052642822, 0.9530389308929443, 0.0]]}, "fast_shift": {}, "slow_shift": {}, "short_long": {}}, "bal_Accs": {"ekstedt_events": {"shift_hold_p_future_after": [0.5183539649466846, 0.4958455897373044, 0.5, 0.5002476814969155], "shift_hold_p_future_before": [0.517917330555215, 0.49847560975609756, 0.5, 0.48754442946439513], "s_pred_p_future": [0.5126765083440308, 0.4969512195121951, 0.5, 0.5004584632312489], "shift_hold_p_now_after": [0.5179479715651427, 0.4969512195121951, 0.5, 0.5006664419659272], "shift_hold_p_now_before": [0.5215202026392123, 0.49736997998120686, 0.5, 0.4877793438738407], "s_pred_p_now": [0.5089744177516963, 0.4969512195121951, 0.5, 0.4896387309737759], "backchannel": [0.5088366146098346, 0.49930329954205643, 0.5076297832922358, 0.4987357626521586], "short_long": [0.5194557133198107, 0.49290060851926976, 0.5073022312373225, 0.5073022312373225]}, "roddy_events": {"overlaps_before_p_now": [0.49294354838709675, 0.49193548387096775, 0.5171370967741935, 0.5], "overlaps_before_p_future": [0.48286290322580644, 0.49193548387096775, 0.5171370967741935, 0.5], "overlaps_after_p_now": [0.5, 0.49193548387096775, 0.43548387096774194, 0.5], "overlaps_after_p_future": [0.5090725806451613, 0.5, 0.4274193548387097, 0.5], "overlap_spred_before_p_future": [0.5305477528089888, 0.4606741573033708, 0.49250936329588013, 0.50187265917603]}, "gap_0": {"gap_0_p_future": [0.4995249962137379, 0.49935824770261855, 0.5, 0.4964317348423309], "gap_0_p_now": [0.49766399104147446, 0.4993987874782577, 0.5, 0.49517423689609125], "s_pred_p_now": [0.5235725792017183, 0.4966887417218543, 0.4955849889624724, 0.5135463277847384], "s_pred_p_future": [0.5009903943678777, 0.4966887417218543, 0.4955849889624724, 0.4977924944812362], "superset_p_future": [0.499653893352557, 0.48969498259610006, 0.5, 0.4960044283729493]}, "fast_shift": {}, "slow_shift": {}, "short_long": {}}}