{"f1_score": {"ekstedt_events": {"shift_hold_p_future_after": [[0.689754068851471, 0.8792341947555542, 0.0], [0.689754068851471, 0.8792341947555542, 0.0], [0.689754068851471, 0.8792341947555542, 0.0], [0.689754068851471, 0.8792341947555542, 0.0]], "shift_hold_p_future_before": [[0.689754068851471, 0.8792341947555542, 0.0], [0.689754068851471, 0.8792341947555542, 0.0], [0.689754068851471, 0.8792341947555542, 0.0], [0.689754068851471, 0.8792341947555542, 0.0]], "s_pred_p_future": [[0.3921078145503998, 0.0, 0.7100977301597595], [0.392880380153656, 0.0, 0.7114967703819275], [0.392880380153656, 0.0, 0.7114967703819275], [0.392880380153656, 0.0, 0.7114967703819275]], "shift_hold_p_now_after": [[0.689754068851471, 0.8792341947555542, 0.0], [0.689754068851471, 0.8792341947555542, 0.0], [0.689754068851471, 0.8792341947555542, 0.0], [0.689754068851471, 0.8792341947555542, 0.0]], "shift_hold_p_now_before": [[0.689754068851471, 0.8792341947555542, 0.0], [0.689754068851471, 0.8792341947555542, 0.0], [0.689754068851471, 0.8792341947555542, 0.0], [0.689754068851471, 0.8792341947555542, 0.0]], "s_pred_p_now": [[0.3921078145503998, 0.0, 0.7100977301597595], [0.392880380153656, 0.0, 0.7114967703819275], [0.392880380153656, 0.0, 0.7114967703819275], [0.392880380153656, 0.0, 0.7114967703819275]], "backchannel": [[0.19913163781166077, 0.05621621757745743, 0.4885764420032501], [0.516126811504364, 0.581632673740387, 0.3834586441516876], [0.23130673170089722, 0.10602910816669464, 0.485029935836792], [0.33599936962127686, 0.26446279883384705, 0.48088139295578003]], "short_long": [[0.43136924505233765, 0.06648199260234833, 0.7165685296058655], [0.43136924505233765, 0.06648199260234833, 0.7165685296058655], [0.4344245195388794, 0.08086253702640533, 0.7107718586921692], [0.43136924505233765, 0.06648199260234833, 0.7165685296058655]]}, "roddy_events": {"overlaps_before_p_now": [[0.7040293216705322, 0.8857142925262451, 0.0], [0.7040293216705322, 0.8857142925262451, 0.0], [0.7040293216705322, 0.8857142925262451, 0.0], [0.7040293216705322, 0.8857142925262451, 0.0]], "overlaps_before_p_future": [[0.7040293216705322, 0.8857142925262451, 0.0], [0.7040293216705322, 0.8857142925262451, 0.0], [0.7040293216705322, 0.8857142925262451, 0.0], [0.7040293216705322, 0.8857142925262451, 0.0]], "overlaps_after_p_now": [[0.7040293216705322, 0.8857142925262451, 0.0], [0.7040293216705322, 0.8857142925262451, 0.0], [0.7040293216705322, 0.8857142925262451, 0.0], [0.7040293216705322, 0.8857142925262451, 0.0]], "overlaps_after_p_future": [[0.7040293216705322, 0.8857142925262451, 0.0], [0.7040293216705322, 0.8857142925262451, 0.0], [0.7040293216705322, 0.8857142925262451, 0.0], [0.7040293216705322, 0.8857142925262451, 0.0]], "overlap_spred_before_p_future": [[0.916016697883606, 0.9709091186523438, 0.0], [0.916016697883606, 0.9709091186523438, 0.0], [0.916016697883606, 0.9709091186523438, 0.0], [0.916016697883606, 0.9709091186523438, 0.0]]}, "gap_0": {"gap_0_p_future": [[0.8602596521377563, 0.9502798914909363, 0.0], [0.8602596521377563, 0.9502798914909363, 0.0], [0.8602596521377563, 0.9502798914909363, 0.0], [0.8602596521377563, 0.9502798914909363, 0.0]], "gap_0_p_now": [[0.8602596521377563, 0.9502798914909363, 0.0], [0.8602596521377563, 0.9502798914909363, 0.0], [0.8602596521377563, 0.9502798914909363, 0.0], [0.8602596521377563, 0.9502798914909363, 0.0]], "s_pred_p_now": [[0.39026230573654175, 0.0, 0.7090196013450623], [0.3908191919326782, 0.0, 0.7100313305854797], [0.3908191919326782, 0.0, 0.7100313305854797], [0.39026230573654175, 0.0, 0.7090196013450623]], "s_pred_p_future": [[0.39026230573654175, 0.0, 0.7090196013450623], [0.3908191919326782, 0.0, 0.7100313305854797], [0.3908191919326782, 0.0, 0.7100313305854797], [0.39026230573654175, 0.0, 0.7090196013450623]], "superset_p_future": [[0.8675425052642822, 0.9530389308929443, 0.0], [0.8675425052642822, 0.9530389308929443, 0.0], [0.8675425052642822, 0.9530389308929443, 0.0], [0.8675425052642822, 0.9530389308929443, 0.0]]}, "fast_shift": {}, "slow_shift": {}, "short_long": {}}, "bal_Accs": {"ekstedt_events": {"shift_hold_p_future_after": [0.509695326224619, 0.5004187604690117, 0.5, 0.5027781182334436], "shift_hold_p_future_before": [0.5053391959798995, 0.5004187604690117, 0.5, 0.508033051436042], "s_pred_p_future": [0.4976962222629745, 0.5, 0.5, 0.502693471483587], "shift_hold_p_now_after": [0.5026070392613473, 0.5004187604690117, 0.5, 0.501672488458553], "shift_hold_p_now_before": [0.5125934550802794, 0.5004187604690117, 0.5, 0.5070116844384525], "s_pred_p_now": [0.491197505960022, 0.5, 0.5, 0.5050316339629561], "backchannel": [0.4940663039649301, 0.4987357626521586, 0.4923206387725547, 0.4998708364319543], "short_long": [0.49758282623394184, 0.48201487491548345, 0.5073022312373225, 0.5073022312373225]}, "roddy_events": {"overlaps_before_p_now": [0.532258064516129, 0.4596774193548387, 0.48588709677419356, 0.5], "overlaps_before_p_future": [0.4586693548387097, 0.4596774193548387, 0.48588709677419356, 0.5], "overlaps_after_p_now": [0.5, 0.4596774193548387, 0.3961693548387097, 0.5], "overlaps_after_p_future": [0.532258064516129, 0.5, 0.3961693548387097, 0.5], "overlap_spred_before_p_future": [0.5393258426966292, 0.49379681647940077, 0.49812734082397003, 0.50187265917603]}, "gap_0": {"gap_0_p_future": [0.5013217496661205, 0.5016170016170016, 0.5002310002310002, 0.5021172471503598], "gap_0_p_now": [0.5013217496661205, 0.49681953986589744, 0.5002310002310002, 0.502707751052122], "s_pred_p_now": [0.5070878825845714, 0.5, 0.4988962472406181, 0.5163206252610226], "s_pred_p_future": [0.4988962472406181, 0.5, 0.4988962472406181, 0.4988962472406181], "superset_p_future": [0.5011402477899578, 0.50176189565187, 0.5001050640890944, 0.5030159442035761]}, "fast_shift": {}, "slow_shift": {}, "short_long": {}}}