{"f1_score": {"ekstedt_events": {"shift_hold_p_future_after": [[0.689754068851471, 0.8792341947555542, 0.0], [0.6913180947303772, 0.8795580267906189, 0.006079027429223061], [0.689754068851471, 0.8792341947555542, 0.0], [0.689754068851471, 0.8792341947555542, 0.0]], "shift_hold_p_future_before": [[0.689754068851471, 0.8792341947555542, 0.0], [0.6909903287887573, 0.8791451454162598, 0.0060606058686971664], [0.689754068851471, 0.8792341947555542, 0.0], [0.689754068851471, 0.8792341947555542, 0.0]], "s_pred_p_future": [[0.44046151638031006, 0.11447811126708984, 0.7048260569572449], [0.4119516909122467, 0.0559440553188324, 0.7006651759147644], [0.39666131138801575, 0.00749063678085804, 0.7122692465782166], [0.40334057807922363, 0.02222222276031971, 0.7124183177947998]], "shift_hold_p_now_after": [[0.689754068851471, 0.8792341947555542, 0.0], [0.689754068851471, 0.8792341947555542, 0.0], [0.689754068851471, 0.8792341947555542, 0.0], [0.689754068851471, 0.8792341947555542, 0.0]], "shift_hold_p_now_before": [[0.689754068851471, 0.8792341947555542, 0.0], [0.6922106742858887, 0.8790560364723206, 0.012048192322254181], [0.689754068851471, 0.8792341947555542, 0.0], [0.689754068851471, 0.8792341947555542, 0.0]], "s_pred_p_now": [[0.4314856231212616, 0.095563143491745, 0.7039105892181396], [0.3935100734233856, 0.007380073890089989, 0.7066521048545837], [0.392880380153656, 0.0, 0.7114967703819275], [0.40334057807922363, 0.02222222276031971, 0.7124183177947998]], "backchannel": [[0.29369235038757324, 0.1948818862438202, 0.49381187558174133], [0.5307128429412842, 0.6262626051902771, 0.33719703555107117], [0.3578866720199585, 0.28755760192871094, 0.5003232359886169], [0.40630489587783813, 0.359375, 0.5013513565063477]], "short_long": [[0.43136924505233765, 0.06648199260234833, 0.7165685296058655], [0.4340510964393616, 0.07182320207357407, 0.7171717286109924], [0.44035616517066956, 0.09973753243684769, 0.7065868377685547], [0.43136924505233765, 0.06648199260234833, 0.7165685296058655]]}, "roddy_events": {"overlaps_before_p_now": [[0.7040293216705322, 0.8857142925262451, 0.0], [0.7040293216705322, 0.8857142925262451, 0.0], [0.7040293216705322, 0.8857142925262451, 0.0], [0.7040293216705322, 0.8857142925262451, 0.0]], "overlaps_before_p_future": [[0.7040293216705322, 0.8857142925262451, 0.0], [0.7040293216705322, 0.8857142925262451, 0.0], [0.7040293216705322, 0.8857142925262451, 0.0], [0.7040293216705322, 0.8857142925262451, 0.0]], "overlaps_after_p_now": [[0.7040293216705322, 0.8857142925262451, 0.0], [0.7040293216705322, 0.8857142925262451, 0.0], [0.7040293216705322, 0.8857142925262451, 0.0], [0.7040293216705322, 0.8857142925262451, 0.0]], "overlaps_after_p_future": [[0.7040293216705322, 0.8857142925262451, 0.0], [0.7040293216705322, 0.8857142925262451, 0.0], [0.7040293216705322, 0.8857142925262451, 0.0], [0.7040293216705322, 0.8857142925262451, 0.0]], "overlap_spred_before_p_future": [[0.916016697883606, 0.9709091186523438, 0.0], [0.916016697883606, 0.9709091186523438, 0.0], [0.916016697883606, 0.9709091186523438, 0.0], [0.916016697883606, 0.9709091186523438, 0.0]]}, "gap_0": {"gap_0_p_future": [[0.8602596521377563, 0.9502798914909363, 0.0], [0.8602596521377563, 0.9502798914909363, 0.0], [0.8602596521377563, 0.9502798914909363, 0.0], [0.8602596521377563, 0.9502798914909363, 0.0]], "gap_0_p_now": [[0.8602596521377563, 0.9502798914909363, 0.0], [0.8602596521377563, 0.9502798914909363, 0.0], [0.8602596521377563, 0.9502798914909363, 0.0], [0.8602596521377563, 0.9502798914909363, 0.0]], "s_pred_p_now": [[0.4349870979785919, 0.09950248897075653, 0.709003210067749], [0.41386568546295166, 0.06060606241226196, 0.7024000287055969], [0.4070137143135071, 0.03191489353775978, 0.713385820388794], [0.41451480984687805, 0.056410256773233414, 0.7070063948631287]], "s_pred_p_future": [[0.45217278599739075, 0.1390887349843979, 0.7078925967216492], [0.40361618995666504, 0.03617570921778679, 0.7037331461906433], [0.4070137143135071, 0.03191489353775978, 0.713385820388794], [0.41578370332717896, 0.06106870248913765, 0.7055068016052246]], "superset_p_future": [[0.8675425052642822, 0.9530389308929443, 0.0], [0.8675425052642822, 0.9530389308929443, 0.0], [0.8675425052642822, 0.9530389308929443, 0.0], [0.8675425052642822, 0.9530389308929443, 0.0]]}, "fast_shift": {}, "slow_shift": {}, "short_long": {}}, "bal_Accs": {"ekstedt_events": {"shift_hold_p_future_after": [0.5128564570821588, 0.4959119785921477, 0.5012562814070352, 0.5025891653388896], "shift_hold_p_future_before": [0.5143297789761817, 0.49557748090043713, 0.5037688442211056, 0.5089497283163786], "s_pred_p_future": [0.5297886484503943, 0.4967449110581331, 0.5018796992481203, 0.500309462681093], "shift_hold_p_now_after": [0.5061026678105978, 0.497252522776484, 0.5037688442211056, 0.503426686276913], "shift_hold_p_now_before": [0.5217014952812845, 0.493432610205499, 0.5037688442211056, 0.510290272500715], "s_pred_p_now": [0.5365509811113148, 0.502384008802494, 0.5, 0.49700852741610124], "backchannel": [0.5148068417550589, 0.4987357626521586, 0.5239878925463488, 0.4987357626521586], "short_long": [0.5066599053414469, 0.4874746450304259, 0.5073022312373225, 0.5073022312373225]}, "roddy_events": {"overlaps_before_p_now": [0.5493951612903226, 0.5383064516129032, 0.5352822580645161, 0.5], "overlaps_before_p_future": [0.5453629032258065, 0.5383064516129032, 0.5352822580645161, 0.5], "overlaps_after_p_now": [0.5, 0.5383064516129032, 0.5, 0.5], "overlaps_after_p_future": [0.5574596774193549, 0.49193548387096775, 0.5, 0.5], "overlap_spred_before_p_future": [0.5923455056179775, 0.541315543071161, 0.5750234082397003, 0.50187265917603]}, "gap_0": {"gap_0_p_future": [0.5070569805669144, 0.49716298060668923, 0.5028875028875028, 0.5059654662303669], "gap_0_p_now": [0.5089049824149162, 0.5258123635607079, 0.503003003003003, 0.5027062212492676], "s_pred_p_now": [0.5484756279458266, 0.5007636775848696, 0.5065300399737486, 0.5326830141399678], "s_pred_p_future": [0.5193216395203151, 0.4984219318656405, 0.5081289899170693, 0.5040749358630153], "superset_p_future": [0.5073172993735133, 0.5136991027213167, 0.5031519226728304, 0.5059328727837414]}, "fast_shift": {}, "slow_shift": {}, "short_long": {}}}