{"f1_score": {"ekstedt_events": {"shift_hold_p_future_after": [[0.689754068851471, 0.8792341947555542, 0.0], [0.689754068851471, 0.8792341947555542, 0.0], [0.689754068851471, 0.8792341947555542, 0.0], [0.689754068851471, 0.8792341947555542, 0.0]], "shift_hold_p_future_before": [[0.689754068851471, 0.8792341947555542, 0.0], [0.689754068851471, 0.8792341947555542, 0.0], [0.689754068851471, 0.8792341947555542, 0.0], [0.689754068851471, 0.8792341947555542, 0.0]], "s_pred_p_future": [[0.3958759009838104, 0.007462686393409967, 0.710869550704956], [0.39666131138801575, 0.00749063678085804, 0.7122692465782166], [0.392880380153656, 0.0, 0.7114967703819275], [0.392880380153656, 0.0, 0.7114967703819275]], "shift_hold_p_now_after": [[0.689754068851471, 0.8792341947555542, 0.0], [0.689754068851471, 0.8792341947555542, 0.0], [0.689754068851471, 0.8792341947555542, 0.0], [0.689754068851471, 0.8792341947555542, 0.0]], "shift_hold_p_now_before": [[0.689754068851471, 0.8792341947555542, 0.0], [0.689754068851471, 0.8792341947555542, 0.0], [0.689754068851471, 0.8792341947555542, 0.0], [0.689754068851471, 0.8792341947555542, 0.0]], "s_pred_p_now": [[0.3958759009838104, 0.007462686393409967, 0.710869550704956], [0.392880380153656, 0.0, 0.7114967703819275], [0.392880380153656, 0.0, 0.7114967703819275], [0.392880380153656, 0.0, 0.7114967703819275]], "backchannel": [[0.19559872150421143, 0.050054408609867096, 0.4903677701950073], [0.5100259780883789, 0.5797468423843384, 0.36882129311561584], [0.2206161767244339, 0.09195402264595032, 0.48119401931762695], [0.3178325891494751, 0.23462630808353424, 0.4863491952419281]], "short_long": [[0.43136924505233765, 0.06648199260234833, 0.7165685296058655], [0.43136924505233765, 0.06648199260234833, 0.7165685296058655], [0.4330047070980072, 0.08042895793914795, 0.7085811495780945], [0.43136924505233765, 0.06648199260234833, 0.7165685296058655]]}, "roddy_events": {"overlaps_before_p_now": [[0.7040293216705322, 0.8857142925262451, 0.0], [0.7040293216705322, 0.8857142925262451, 0.0], [0.7040293216705322, 0.8857142925262451, 0.0], [0.7040293216705322, 0.8857142925262451, 0.0]], "overlaps_before_p_future": [[0.7040293216705322, 0.8857142925262451, 0.0], [0.7040293216705322, 0.8857142925262451, 0.0], [0.7040293216705322, 0.8857142925262451, 0.0], [0.7040293216705322, 0.8857142925262451, 0.0]], "overlaps_after_p_now": [[0.7040293216705322, 0.8857142925262451, 0.0], [0.7040293216705322, 0.8857142925262451, 0.0], [0.7040293216705322, 0.8857142925262451, 0.0], [0.7040293216705322, 0.8857142925262451, 0.0]], "overlaps_after_p_future": [[0.7040293216705322, 0.8857142925262451, 0.0], [0.7040293216705322, 0.8857142925262451, 0.0], [0.7040293216705322, 0.8857142925262451, 0.0], [0.7040293216705322, 0.8857142925262451, 0.0]], "overlap_spred_before_p_future": [[0.916016697883606, 0.9709091186523438, 0.0], [0.916016697883606, 0.9709091186523438, 0.0], [0.916016697883606, 0.9709091186523438, 0.0], [0.916016697883606, 0.9709091186523438, 0.0]]}, "gap_0": {"gap_0_p_future": [[0.8602596521377563, 0.9502798914909363, 0.0], [0.8602596521377563, 0.9502798914909363, 0.0], [0.8602596521377563, 0.9502798914909363, 0.0], [0.8602596521377563, 0.9502798914909363, 0.0]], "gap_0_p_now": [[0.8602596521377563, 0.9502798914909363, 0.0], [0.8602596521377563, 0.9502798914909363, 0.0], [0.8602596521377563, 0.9502798914909363, 0.0], [0.8602596521377563, 0.9502798914909363, 0.0]], "s_pred_p_now": [[0.3908191919326782, 0.0, 0.7100313305854797], [0.3908191919326782, 0.0, 0.7100313305854797], [0.3908191919326782, 0.0, 0.7100313305854797], [0.3908191919326782, 0.0, 0.7100313305854797]], "s_pred_p_future": [[0.39026230573654175, 0.0, 0.7090196013450623], [0.3908191919326782, 0.0, 0.7100313305854797], [0.3908191919326782, 0.0, 0.7100313305854797], [0.39026230573654175, 0.0, 0.7090196013450623]], "superset_p_future": [[0.8675425052642822, 0.9530389308929443, 0.0], [0.8675425052642822, 0.9530389308929443, 0.0], [0.8675425052642822, 0.9530389308929443, 0.0], [0.8675425052642822, 0.9530389308929443, 0.0]]}, "fast_shift": {}, "slow_shift": {}, "short_long": {}}, "bal_Accs": {"ekstedt_events": {"shift_hold_p_future_after": [0.5052064182702128, 0.5, 0.5, 0.5010366875025534], "shift_hold_p_future_before": [0.507634718306982, 0.5, 0.5, 0.4881163949830453], "s_pred_p_future": [0.4953580597836053, 0.5018796992481203, 0.5, 0.5015243902439024], "shift_hold_p_now_after": [0.49540384851084696, 0.5, 0.5, 0.5010366875025534], "shift_hold_p_now_before": [0.5043357029047678, 0.5, 0.5, 0.48918883033051436], "s_pred_p_now": [0.5090317256556024, 0.5018796992481203, 0.5, 0.49893407298734643], "backchannel": [0.4958119691573056, 0.4987357626521586, 0.49291687867757383, 0.4987357626521586], "short_long": [0.5036511156186613, 0.5132691007437458, 0.5073022312373225, 0.5073022312373225]}, "roddy_events": {"overlaps_before_p_now": [0.532258064516129, 0.46774193548387094, 0.5493951612903226, 0.5], "overlaps_before_p_future": [0.5534274193548387, 0.46774193548387094, 0.5493951612903226, 0.5], "overlaps_after_p_now": [0.5, 0.47580645161290325, 0.5221774193548387, 0.5], "overlaps_after_p_future": [0.5403225806451613, 0.5, 0.5221774193548387, 0.5], "overlap_spred_before_p_future": [0.5243445692883895, 0.49379681647940077, 0.5, 0.50187265917603]}, "gap_0": {"gap_0_p_future": [0.499820248164619, 0.5, 0.5, 0.498421243454356], "gap_0_p_now": [0.4999357482801191, 0.4993735457311616, 0.5, 0.49906299575173746], "s_pred_p_now": [0.5042509396814032, 0.5, 0.5, 0.49654555217469126], "s_pred_p_future": [0.4988962472406181, 0.5, 0.5, 0.4988962472406181], "superset_p_future": [0.4995642864535426, 0.46329925433618985, 0.5, 0.49869285936062785]}, "fast_shift": {}, "slow_shift": {}, "short_long": {}}}