{"f1_score": {"ekstedt_events": {"shift_hold_p_future_after": [[0.7042899131774902, 0.776057779788971, 0.5333333611488342], [0.6530119180679321, 0.6852976679801941, 0.5761047601699829], [0.7228545546531677, 0.7913669347763062, 0.5596529245376587], [0.603608250617981, 0.6306532621383667, 0.5391849279403687], [0.7440700531005859, 0.7974413633346558, 0.6169354915618896]], "shift_hold_p_future_before": [[0.6623479127883911, 0.7147688865661621, 0.5374771356582642], [0.6755334734916687, 0.727883517742157, 0.5508317947387695], [0.7102475166320801, 0.8027079105377197, 0.49000000953674316], [0.5971633791923523, 0.636911928653717, 0.5024793148040771], [0.6929203271865845, 0.7421524524688721, 0.5756457448005676]], "s_pred_p_future": [[0.6695343255996704, 0.5810810923576355, 0.7438016533851624], [0.6968331933021545, 0.6174496412277222, 0.7634854912757874], [0.6684996485710144, 0.5642856955528259, 0.7559999823570251], [0.6639573574066162, 0.5602836608886719, 0.7510040402412415], [0.6661245822906494, 0.5454545617103577, 0.7674418687820435]], "shift_hold_p_now_after": [[0.704576313495636, 0.8137802481651306, 0.4444444477558136], [0.7207930684089661, 0.7971887588500977, 0.5388127565383911], [0.7097365260124207, 0.7766179442405701, 0.5504201650619507], [0.7107427716255188, 0.8120868802070618, 0.46933332085609436], [0.6857597231864929, 0.7403314709663391, 0.5557655692100525]], "shift_hold_p_now_before": [[0.6108126044273376, 0.6962025165557861, 0.40740740299224854], [0.6202923059463501, 0.6858407258987427, 0.46415093541145325], [0.6386725902557373, 0.7032967209815979, 0.48473283648490906], [0.5718215703964233, 0.6289017200469971, 0.43585237860679626], [0.6448661088943481, 0.7330595254898071, 0.43478259444236755]], "s_pred_p_now": [[0.5993362665176392, 0.4188034236431122, 0.7509157657623291], [0.6504799127578735, 0.5313653349876404, 0.7504911422729492], [0.6350566744804382, 0.5074626803398132, 0.7421875], [0.5698658227920532, 0.36444443464279175, 0.7423423528671265], [0.7257955074310303, 0.6531986594200134, 0.7867494821548462]], "backchannel": [[0.4115646481513977, 0.26611796021461487, 0.6069067120552063], [0.4991879165172577, 0.39694657921791077, 0.6365030407905579], [0.5078854560852051, 0.4115432798862457, 0.6372776627540588], [0.585942268371582, 0.5307517051696777, 0.6600660085678101], [0.47889846563339233, 0.3685567080974579, 0.6270928382873535]], "short_long": [[0.6244316697120667, 0.281879186630249, 0.7926356792449951], [0.7365821599960327, 0.5444444417953491, 0.830927848815918], [0.7128149271011353, 0.5041550993919373, 0.8152734637260437], [0.6084763407707214, 0.2332155406475067, 0.7927411794662476], [0.5811593532562256, 0.16788321733474731, 0.7840909361839294]]}, "roddy_events": {"overlaps_before_p_now": [[0.5113497972488403, 0.7099767923355103, 0.13793103396892548], [0.5358912944793701, 0.6766917109489441, 0.2711864411830902], [0.575657308101654, 0.7096773982048035, 0.323699414730072], [0.5381785035133362, 0.6544502377510071, 0.3195876181125641], [0.5246486663818359, 0.7162790894508362, 0.16438356041908264]], "overlaps_before_p_future": [[0.6076282262802124, 0.7427184581756592, 0.353658527135849], [0.581828773021698, 0.7393364906311035, 0.2857142984867096], [0.6220098733901978, 0.7425742745399475, 0.39534884691238403], [0.5552983283996582, 0.6388888955116272, 0.39814814925193787], [0.5542510747909546, 0.5841270089149475, 0.49808427691459656]], "overlaps_after_p_now": [[0.5086495280265808, 0.6426734924316406, 0.25668448209762573], [0.5236488580703735, 0.6861313581466675, 0.2181818187236786], [0.5574777126312256, 0.6917293071746826, 0.3050847351551056], [0.5285049676895142, 0.6528497338294983, 0.2947368323802948], [0.5063130855560303, 0.6515151262283325, 0.23333333432674408]], "overlaps_after_p_future": [[0.5889055728912354, 0.6685082912445068, 0.4392523467540741], [0.5873935222625732, 0.7164179086685181, 0.3448275923728943], [0.6343202590942383, 0.7135134935379028, 0.48543688654899597], [0.5416431427001953, 0.6086956262588501, 0.41558441519737244], [0.5905686020851135, 0.6629213690757751, 0.4545454680919647]], "overlap_spred_before_p_future": [[0.5855599641799927, 0.6006826162338257, 0.5584905743598938], [0.6068133115768433, 0.6211603879928589, 0.5811320543289185], [0.6264011859893799, 0.6490066051483154, 0.5859375], [0.5541508197784424, 0.5507246255874634, 0.5602836608886719], [0.4535803198814392, 0.39316239953041077, 0.5617284178733826]]}, "gap_0": {"gap_0_p_future": [[0.6857067346572876, 0.7506053447723389, 0.45846477150917053], [0.7482482194900513, 0.8394222855567932, 0.4290030300617218], [0.7836538553237915, 0.8662473559379578, 0.4944532513618469], [0.6887227296829224, 0.7578646540641785, 0.4466230869293213], [0.7108175754547119, 0.7727054357528687, 0.4941176474094391]], "gap_0_p_now": [[0.6811004877090454, 0.7653529047966003, 0.38609111309051514], [0.6887829303741455, 0.761545717716217, 0.4340044856071472], [0.709524393081665, 0.7795975804328918, 0.46416381001472473], [0.6692137122154236, 0.7540378570556641, 0.372202605009079], [0.6926602125167847, 0.7780796885490417, 0.3935643434524536]], "s_pred_p_now": [[0.729493260383606, 0.6490066051483154, 0.7979669570922852], [0.7695327401161194, 0.7030567526817322, 0.8260869383811951], [0.781933069229126, 0.7245762944221497, 0.8307291865348816], [0.7830803990364075, 0.7291666865348816, 0.8289473652839661], [0.7321696281433105, 0.6436781883239746, 0.8074533939361572]], "s_pred_p_future": [[0.6940110325813293, 0.6035242080688477, 0.7709923386573792], [0.728208601474762, 0.6374133825302124, 0.805452287197113], [0.7710657119750977, 0.72365802526474, 0.8113975524902344], [0.7079379558563232, 0.6263498663902283, 0.7773487567901611], [0.6647496819496155, 0.5410627722740173, 0.7699757814407349]], "superset_p_future": [[0.6976156234741211, 0.7674576044082642, 0.4321191906929016], [0.7487975358963013, 0.8425197005271912, 0.3925233781337738], [0.7788393497467041, 0.8642642498016357, 0.45410627126693726], [0.7088412642478943, 0.788925051689148, 0.40441176295280457], [0.7154444456100464, 0.7843005657196045, 0.4536958336830139]]}, "fast_shift": {}, "slow_shift": {}, "short_long": {}}, "bal_Accs": {"ekstedt_events": {"shift_hold_p_future_after": [0.6720297029702971, 0.6943022604147208, 0.7181533719409676, 0.6381561741079769, 0.6253082383710069], "shift_hold_p_future_before": [0.6141602839529237, 0.6424061274051933, 0.666056416962451, 0.6123248645619279, 0.6131374929945824], "s_pred_p_future": [0.6661013355946577, 0.6923892304430783, 0.6676648293406826, 0.6629478482086071, 0.6692283230867077], "shift_hold_p_now_after": [0.6517933868858583, 0.6687044647861012, 0.6923547543433588, 0.6427844199514291, 0.6594152811507565], "shift_hold_p_now_before": [0.570049504950495, 0.5861479544180833, 0.5948253315897628, 0.5833224360171866, 0.5976181580422193], "s_pred_p_now": [0.6211310154759381, 0.6527188891244435, 0.639124443502226, 0.6466504133983464, 0.7205851176595294], "backchannel": [0.529782447577053, 0.5612399589749733, 0.566510327376719, 0.5579010608113673, 0.5573283574268025], "short_long": [0.7448604541638512, 0.739367692528206, 0.6817986362798698, 0.7821989475192989, 0.7239592931588754]}, "roddy_events": {"overlaps_before_p_now": [0.4541489361702128, 0.48808510638297875, 0.48840425531914894, 0.4598936170212766, 0.4741489361702128], "overlaps_before_p_future": [0.504468085106383, 0.5647872340425532, 0.5708510638297872, 0.5137234042553191, 0.5081914893617021], "overlaps_after_p_now": [0.4524468085106383, 0.4581914893617022, 0.5034042553191489, 0.47510638297872343, 0.44021276595744685], "overlaps_after_p_future": [0.5482978723404255, 0.5614893617021277, 0.5695744680851064, 0.5302127659574468, 0.5434042553191489], "overlap_spred_before_p_future": [0.5864245810055866, 0.6511173184357542, 0.6487430167597765, 0.6072905027932961, 0.5834916201117318]}, "gap_0": {"gap_0_p_future": [0.6197503530938657, 0.6670687483299614, 0.7169205125268796, 0.6016452265526586, 0.6110254354824344],