{"f1_score": {"ekstedt_events": {"shift_hold_p_future_after": [[0.7346983551979065, 0.8303655385971069, 0.5068119764328003], [0.6802993416786194, 0.762970507144928, 0.48337027430534363], [0.6954006552696228, 0.8164383769035339, 0.40707963705062866], [0.6780807971954346, 0.7757101058959961, 0.4455205798149109], [0.7056251764297485, 0.8198529481887817, 0.43352600932121277]], "shift_hold_p_future_before": [[0.7256409525871277, 0.8135265707969666, 0.5162907242774963], [0.711862325668335, 0.8150234818458557, 0.46612465381622314], [0.6754895448684692, 0.8205128312110901, 0.33003300428390503], [0.6905011534690857, 0.8041045069694519, 0.41988950967788696], [0.6973649859428406, 0.8139963150024414, 0.4195402264595032]], "s_pred_p_future": [[0.705059826374054, 0.6760563254356384, 0.729411780834198], [0.6646617650985718, 0.6543535590171814, 0.6733167171478271], [0.7257009744644165, 0.7002801299095154, 0.7470449209213257], [0.6654558181762695, 0.676616907119751, 0.6560846567153931], [0.7028001546859741, 0.6777777671813965, 0.723809540271759]], "shift_hold_p_now_after": [[0.6936808824539185, 0.8327465057373047, 0.3624161183834076], [0.6868158578872681, 0.8091742992401123, 0.39534884691238403], [0.7110974192619324, 0.8061420321464539, 0.48469388484954834], [0.6481388807296753, 0.8269394636154175, 0.2222222238779068], [0.7057392597198486, 0.800000011920929, 0.48120301961898804]], "shift_hold_p_now_before": [[0.6853793859481812, 0.8066298365592957, 0.3965517282485962], [0.6624702215194702, 0.7735124826431274, 0.3979591727256775], [0.6808923482894897, 0.7776689529418945, 0.4503631889820099], [0.6562007665634155, 0.7757804989814758, 0.37135279178619385], [0.6754895448684692, 0.8205128312110901, 0.33003300428390503]], "s_pred_p_now": [[0.6170990467071533, 0.4571428596973419, 0.7514018416404724], [0.6579828858375549, 0.6000000238418579, 0.7066666483879089], [0.6910232901573181, 0.6163934469223022, 0.7536842226982117], [0.6207355856895447, 0.4724409580230713, 0.7452471256256104], [0.6951626539230347, 0.6909090876579285, 0.6987341642379761]], "backchannel": [[0.4739455282688141, 0.3617570996284485, 0.6246200799942017], [0.5568995475769043, 0.4806763231754303, 0.6592710018157959], [0.5713352560997009, 0.5035461187362671, 0.6623794436454773], [0.6186172366142273, 0.5704622268676758, 0.6832917928695679], [0.5905170440673828, 0.5317919254302979, 0.6693877577781677]], "short_long": [[0.6571317911148071, 0.3589743673801422, 0.8035363554954529], [0.782856822013855, 0.6408268809318542, 0.8525980710983276], [0.7362784147262573, 0.5513513684272766, 0.8270833492279053], [0.660715639591217, 0.3564356565475464, 0.8101266026496887], [0.6285657286643982, 0.2817869484424591, 0.7988450527191162]]}, "roddy_events": {"overlaps_before_p_now": [[0.5362902283668518, 0.7748917937278748, 0.08771929889917374], [0.5857922434806824, 0.7653758525848389, 0.24817518889904022], [0.5583059787750244, 0.7528344392776489, 0.192592591047287], [0.5563562512397766, 0.7671840190887451, 0.1599999964237213], [0.5409451723098755, 0.7889125943183899, 0.07476635277271271]], "overlaps_before_p_future": [[0.552031934261322, 0.7809110879898071, 0.12173912674188614], [0.5808777213096619, 0.7965368032455444, 0.17543859779834747], [0.5853997468948364, 0.7795100212097168, 0.22047244012355804], [0.5501949191093445, 0.7719298005104065, 0.13333334028720856], [0.6588226556777954, 0.7817745804786682, 0.42767295241355896]], "overlaps_after_p_now": [[0.516140878200531, 0.747787594795227, 0.08064515888690948], [0.5431612133979797, 0.7765726447105408, 0.104347825050354], [0.5571253299713135, 0.7567567825317383, 0.1818181872367859], [0.5267009735107422, 0.7549669146537781, 0.09756097197532654], [0.5563562512397766, 0.7671840190887451, 0.1599999964237213]], "overlaps_after_p_future": [[0.5735281109809875, 0.7657657861709595, 0.21212121844291687], [0.5806873440742493, 0.7903929948806763, 0.18644067645072937], [0.6182373762130737, 0.7759815454483032, 0.3216783106327057], [0.5830233097076416, 0.7767857313156128, 0.21875], [0.5988284349441528, 0.7755101919174194, 0.2666666805744171]], "overlap_spred_before_p_future": [[0.6105550527572632, 0.6929577589035034, 0.46305418014526367], [0.6345959305763245, 0.7031700015068054, 0.5118483304977417], [0.6367227435112, 0.7360000014305115, 0.4590163826942444], [0.6405039429664612, 0.7122507095336914, 0.512077271938324], [0.47591060400009155, 0.4521072804927826, 0.5185185074806213]]}, "gap_0": {"gap_0_p_future": [[0.7677136659622192, 0.8524172902107239, 0.4711246192455292], [0.7539592981338501, 0.8769592642784119, 0.3232758641242981], [0.7478584051132202, 0.8651236891746521, 0.33725491166114807], [0.7478307485580444, 0.8673550486564636, 0.32931727170944214], [0.7635313868522644, 0.8647106885910034, 0.40925267338752747]], "gap_0_p_now": [[0.749970555305481, 0.8538587689399719, 0.38620689511299133], [0.7365404963493347, 0.8345991373062134, 0.39318886399269104], [0.7456122040748596, 0.8369519114494324, 0.4257871210575104], [0.7281193137168884, 0.8473066091537476, 0.31078609824180603], [0.7468529343605042, 0.8658973574638367, 0.33001989126205444]], "s_pred_p_now": [[0.7928284406661987, 0.7580952644348145, 0.822377622127533], [0.8002945184707642, 0.771799623966217, 0.8245363831520081], [0.7995015382766724, 0.766603410243988, 0.8274894952774048], [0.7937641143798828, 0.7793103456497192, 0.8060606122016907], [0.7896468043327332, 0.7644927501678467, 0.8110465407371521]], "s_pred_p_future": [[0.7402273416519165, 0.6948176622390747, 0.778859555721283], [0.7075499296188354, 0.6762075424194336, 0.7342143654823303], [0.7583516836166382, 0.7532894611358643, 0.7626582384109497], [0.7438347339630127, 0.738916277885437, 0.7480190396308899], [0.7414309978485107, 0.7132616639137268, 0.7653958797454834]], "superset_p_future": [[0.7633419036865234, 0.8574836254119873, 0.40547263622283936], [0.7596909999847412, 0.8828475475311279, 0.2915254235267639], [0.7560176849365234, 0.8733276128768921, 0.3100775182247162], [0.738343358039856, 0.8732157945632935, 0.22564102709293365], [0.7717190384864807, 0.8760806918144226, 0.375]]}, "fast_shift": {}, "slow_shift": {}, "short_long": {}}, "bal_Accs": {"ekstedt_events": {"shift_hold_p_future_after": [0.6785027087614421, 0.6283626004109846, 0.6473192602279096, 0.6255931253502709, 0.6507145525873341], "shift_hold_p_future_before": [0.6430833177657389, 0.6145806090042967, 0.6477535961143284, 0.622155800485709, 0.6543853913693256], "s_pred_p_future": [0.7026446894212424, 0.6667108331566673, 0.7237651049395802, 0.6744753020987916, 0.701187195251219], "shift_hold_p_now_after": [0.6596908275733233, 0.6368298150569773, 0.6506351578554082, 0.6179291985802353, 0.6587567719036055], "shift_hold_p_now_before": [0.6204324677750794, 0.5803054362039978, 0.595413786661685, 0.5893937978703531, 0.6017093218755838], "s_pred_p_now": [0.6313599745601017, 0.6530898876404494, 0.6862147551409794, 0.6629743481026076, 0.6990672037311851], "backchannel": [0.5637198020617322, 0.5982541904669217, 0.5979678387746393, 0.5882374959761036, 0.6129685499749209], "short_long": [0.746227245735815, 0.7644818477793476, 0.6830835227389069, 0.7604889735241722, 0.747706656838053]}, "roddy_events": {"overlaps_before_p_now": [0.47234042553191485, 0.5690425531914893, 0.5030851063829788, 0.5268085106382978, 0.5470212765957447], "overlaps_before_p_future": [0.541595744680851, 0.591063829787234, 0.5551063829787234, 0.6161702127659574, 0.5552127659574468], "overlaps_after_p_now": [0.474468085106383, 0.5002127659574468, 0.5014893617021277, 0.4847872340425532, 0.5114893617021277], "overlaps_after_p_future": [0.5236170212765958, 0.5880851063829787, 0.5628723404255319, 0.5476595744680851, 0.5925531914893617], "overlap_spred_before_p_future": [0.6156703910614525, 0.636536312849162, 0.5954748603351955, 0.6141620111731844, 0.549804469273743]}, "gap_0": {"gap_0_p_future": [0.6557455688310366, 0.6518825310786223, 0.6460981537326157, 0.6591505388657735, 0.6610706060490388],