{"f1_score": {"ekstedt_events": {"shift_hold_p_future_after": [[0.6967717409133911, 0.7833002209663391, 0.49065420031547546], [0.669043242931366, 0.7200902700424194, 0.5474452376365662], [0.716130793094635, 0.8042843341827393, 0.5061424970626831], [0.6664150953292847, 0.7171945571899414, 0.5454545617103577], [0.7166299223899841, 0.8081002831459045, 0.498740553855896]], "shift_hold_p_future_before": [[0.6640007495880127, 0.7311828136444092, 0.5039682388305664], [0.6796393394470215, 0.7541666626930237, 0.502109706401825], [0.7002494931221008, 0.8126159310340881, 0.4325842559337616], [0.6505325436592102, 0.7141292691230774, 0.49904030561447144], [0.6658593416213989, 0.7592407464981079, 0.443418025970459]], "s_pred_p_future": [[0.6792784929275513, 0.6064516305923462, 0.7404255270957947], [0.7274087071418762, 0.6936416029930115, 0.7557603716850281], [0.7245867252349854, 0.6484641432762146, 0.7885010242462158], [0.6922560930252075, 0.6312500238418579, 0.7434782385826111], [0.6997781991958618, 0.6298701167106628, 0.758474588394165]], "shift_hold_p_now_after": [[0.7003384232521057, 0.8190128207206726, 0.4176470637321472], [0.6903625726699829, 0.7891682982444763, 0.45500001311302185], [0.7188968658447266, 0.7967967987060547, 0.5333333611488342], [0.67021644115448, 0.8152753114700317, 0.3246753215789795], [0.6973024606704712, 0.7898338437080383, 0.4768856465816498]], "shift_hold_p_now_before": [[0.6567351222038269, 0.7612524628639221, 0.40776699781417847], [0.6473716497421265, 0.7321613430976868, 0.44539615511894226], [0.6533050537109375, 0.7316561937332153, 0.46666666865348816], [0.6264968514442444, 0.7100840210914612, 0.4273858964443207], [0.6344407796859741, 0.7753222584724426, 0.29885056614875793]], "s_pred_p_now": [[0.5838167667388916, 0.3913043439388275, 0.7454545497894287], [0.7055671215057373, 0.6387096643447876, 0.7617021203041077], [0.7050766944885254, 0.5984848737716675, 0.7945736646652222], [0.5911127328872681, 0.4117647111415863, 0.7416974306106567], [0.7380445003509521, 0.7085714340209961, 0.7627906799316406]], "backchannel": [[0.43776512145996094, 0.3085106313228607, 0.6113602519035339], [0.5301892757415771, 0.4425216317176819, 0.6479312777519226], [0.5468722581863403, 0.4678787887096405, 0.6529644131660461], [0.6049613356590271, 0.5504587292671204, 0.6781609058380127], [0.5267840623855591, 0.4381188154220581, 0.6458658576011658]], "short_long": [[0.6352339386940002, 0.30921053886413574, 0.7953216433525085], [0.7405064105987549, 0.5490196347236633, 0.8345323801040649], [0.7295613884925842, 0.5269121527671814, 0.8290686011314392], [0.6383088231086731, 0.3050847351551056, 0.8019323945045471], [0.5981109738349915, 0.20788531005382538, 0.7897240519523621]]}, "roddy_events": {"overlaps_before_p_now": [[0.5566589832305908, 0.7736263871192932, 0.1487603336572647], [0.579367995262146, 0.7405660152435303, 0.2763157784938812], [0.5973870754241943, 0.7570093274116516, 0.29729729890823364], [0.5691720843315125, 0.7328605055809021, 0.26143792271614075], [0.5242446660995483, 0.7587719559669495, 0.0833333358168602]], "overlaps_before_p_future": [[0.5968309640884399, 0.768878698348999, 0.2733812928199768], [0.5857922434806824, 0.7653758525848389, 0.24817518889904022], [0.6103659868240356, 0.7713626027107239, 0.3076923191547394], [0.5827311873435974, 0.7250608205795288, 0.31515151262283325], [0.6178640723228455, 0.6853932738304138, 0.4909090995788574]], "overlaps_after_p_now": [[0.5089461207389832, 0.6811594367027283, 0.18518517911434174], [0.5450103282928467, 0.7314814925193787, 0.1944444477558136], [0.5640712976455688, 0.7268408536911011, 0.25806450843811035], [0.5263308882713318, 0.6985645890235901, 0.20253165066242218], [0.5640712976455688, 0.7268408536911011, 0.25806450843811035]], "overlaps_after_p_future": [[0.5736058354377747, 0.6873385310173035, 0.35978835821151733], [0.6442626714706421, 0.7888631224632263, 0.3724137842655182], [0.6418150663375854, 0.7416879534721375, 0.454054057598114], [0.6059145927429199, 0.7098445892333984, 0.410526305437088], [0.5952320694923401, 0.6947368383407593, 0.40816327929496765]], "overlap_spred_before_p_future": [[0.6055847406387329, 0.6315789222717285, 0.5590550899505615], [0.7156178951263428, 0.746081531047821, 0.6610878705978394], [0.7085446119308472, 0.7430340647697449, 0.6468085050582886], [0.6209822297096252, 0.6348122954368591, 0.5962263941764832], [0.5173262357711792, 0.4754098355770111, 0.5923566818237305]]}, "gap_0": {"gap_0_p_future": [[0.7137868404388428, 0.7829747200012207, 0.47152620553970337], [0.7711814045906067, 0.8692464232444763, 0.427807480096817], [0.7787268161773682, 0.8700658082962036, 0.45890411734580994], [0.7279130816459656, 0.8126928210258484, 0.43105757236480713], [0.720478892326355, 0.8042704463005066, 0.4270833432674408]], "gap_0_p_now": [[0.7196169495582581, 0.8123371005058289, 0.3949579894542694], [0.7263187170028687, 0.8060904741287231, 0.4469987154006958], [0.7355530261993408, 0.8097605109214783, 0.4757160544395447], [0.7146170139312744, 0.806986927986145, 0.39118456840515137], [0.7093144059181213, 0.8214136362075806, 0.31679999828338623]], "s_pred_p_now": [[0.767914891242981, 0.7098121047019958, 0.8173456192016602], [0.8123341202735901, 0.773809552192688, 0.845108687877655], [0.8074847459793091, 0.75789475440979, 0.8496732115745544], [0.813887894153595, 0.775347888469696, 0.8466756939888], [0.7950268983840942, 0.75, 0.8333333134651184]], "s_pred_p_future": [[0.7080727219581604, 0.6228070259094238, 0.7806122303009033], [0.7657347321510315, 0.7104722857475281, 0.8127490282058716], [0.7938920259475708, 0.7567567825317383, 0.8254847526550293], [0.7439265847206116, 0.6941176652908325, 0.7863013744354248], [0.7113144397735596, 0.6306695342063904, 0.7799227833747864]], "superset_p_future": [[0.7146739959716797, 0.7905449867248535, 0.42625898122787476], [0.7695363163948059, 0.8703757524490356, 0.38620689511299133], [0.7763980627059937, 0.8728442192077637, 0.40976932644844055], [0.7370647192001343, 0.8347983956336975, 0.36554133892059326], [0.7385416030883789, 0.8269230723381042, 0.40256959199905396]]}, "fast_shift": {}, "slow_shift": {}, "short_long": {}}, "bal_Accs": {"ekstedt_events": {"shift_hold_p_future_after": [0.6586680366149822, 0.6696151690640761, 0.7060153185129834, 0.6469549785167197, 0.6314589949560994], "shift_hold_p_future_before": [0.6240052307117504, 0.6435176536521576, 0.669582477115636, 0.6409256491686904, 0.6279656267513544], "s_pred_p_future": [0.6744223023107907, 0.7238711045155819, 0.719684121263515, 0.6870097519609921, 0.6946417214331142], "shift_hold_p_now_after": [0.6382869419017374, 0.6614281711189987, 0.6821081636465534, 0.6489024845880814, 0.6727302447225855], "shift_hold_p_now_before": [0.5891836353446666, 0.6061274051933495, 0.6230711750420326, 0.5743881935363349, 0.5765131701849431], "s_pred_p_now": [0.6098950604197583, 0.7002596989612042, 0.7054006783972864, 0.6657568369726521, 0.7351070595717617], "backchannel": [0.5417306123060107, 0.5876891231274846, 0.5912900424474273, 0.5879511442838213, 0.5871164197429198], "short_long": [0.7773307123697197, 0.7871900403382681, 0.716879619960276, 0.793000184286504, 0.7998494993549972]}, "roddy_events": {"overlaps_before_p_now": [0.49138297872340425, 0.5638297872340425, 0.5522340425531915, 0.5029787234042553, 0.518936170212766], "overlaps_before_p_future": [0.5449999999999999, 0.6319148936170212, 0.642340425531915, 0.5728723404255319, 0.5554255319148936], "overlaps_after_p_now": [0.45, 0.505, 0.5009574468085106, 0.4682978723404255, 0.4684042553191489], "overlaps_after_p_future": [0.5578723404255319, 0.6259574468085106, 0.6167021276595744, 0.5773404255319149, 0.5559574468085107], "overlap_spred_before_p_future": [0.6099441340782122, 0.6930167597765363, 0.715195530726257, 0.6547765363128492, 0.6270111731843575]}, "gap_0": {"gap_0_p_future": [0.6421244162817625, 0.6781336285325292, 0.7194691504116247, 0.6357394612614675, 0.6287068493847896],