{"f1_score": {"ekstedt_events": {"shift_hold_p_future_after": [[0.6890975832939148, 0.8048326969146729, 0.4134078323841095], [0.656274139881134, 0.7659574747085571, 0.39500001072883606], [0.6483562588691711, 0.7834101319313049, 0.32664754986763], [0.6591020226478577, 0.7776726484298706, 0.3766578137874603], [0.6262198090553284, 0.7875000238418579, 0.24203822016716003]], "shift_hold_p_future_before": [[0.6878851056098938, 0.7848101258277893, 0.4570024609565735], [0.6462870836257935, 0.7761194109916687, 0.33701658248901367], [0.6472333073616028, 0.7974910140037537, 0.28930819034576416], [0.6524190902709961, 0.7863720059394836, 0.3333333432674408], [0.6400208473205566, 0.7913669347763062, 0.27950310707092285]], "s_pred_p_future": [[0.6668069362640381, 0.6649484634399414, 0.668367326259613], [0.6078201532363892, 0.6511628031730652, 0.5714285969734192], [0.6285595893859863, 0.6233766078948975, 0.6329113841056824], [0.5990471839904785, 0.6466512680053711, 0.559077799320221], [0.5869038105010986, 0.6325581669807434, 0.5485714077949524]], "shift_hold_p_now_after": [[0.6659994125366211, 0.8096514940261841, 0.32380953431129456], [0.6233908534049988, 0.7827647924423218, 0.24375000596046448], [0.6595218181610107, 0.7792452573776245, 0.3743315637111664], [0.6573499441146851, 0.8188153505325317, 0.27272728085517883], [0.6242841482162476, 0.7670979499816895, 0.28409090638160706]], "shift_hold_p_now_before": [[0.6631160974502563, 0.7807183265686035, 0.38297873735427856], [0.6356200575828552, 0.7550432085990906, 0.35114502906799316], [0.653391420841217, 0.759765625, 0.4000000059604645], [0.6457803845405579, 0.7636363506317139, 0.36503857374191284], [0.6319527626037598, 0.7953941822052002, 0.2426229566335678]], "s_pred_p_now": [[0.6147834062576294, 0.47328245639801025, 0.7335907220840454], [0.6792511940002441, 0.645892322063446, 0.7072599530220032], [0.6353979110717773, 0.5652173757553101, 0.6943231225013733], [0.6149159073829651, 0.5017421841621399, 0.7099391222000122], [0.6265331506729126, 0.6555023789405823, 0.6022099256515503]], "backchannel": [[0.47877880930900574, 0.37197452783584595, 0.6222222447395325], [0.6535347104072571, 0.6215053796768188, 0.6965517401695251], [0.6551701426506042, 0.6271186470985413, 0.6928446888923645], [0.6734905242919922, 0.6785714030265808, 0.6666666865348816], [0.6968957185745239, 0.6983824968338013, 0.6948989629745483]], "short_long": [[0.6376942992210388, 0.3215433955192566, 0.792934238910675], [0.7353383302688599, 0.5981734991073608, 0.8026905655860901], [0.7011826634407043, 0.5416666865348816, 0.7795100212097168], [0.6454996466636658, 0.3478260934352875, 0.7916666865348816], [0.5991367697715759, 0.2384105920791626, 0.7762646079063416]]}, "roddy_events": {"overlaps_before_p_now": [[0.5652675628662109, 0.7780219912528992, 0.1652892529964447], [0.5788803696632385, 0.7528868317604065, 0.251748263835907], [0.6015164852142334, 0.7464115023612976, 0.3291139304637909], [0.5606995820999146, 0.7407407164573669, 0.2222222238779068], [0.5719601511955261, 0.7922077775001526, 0.15789473056793213]], "overlaps_before_p_future": [[0.563215970993042, 0.7816593647003174, 0.1525423675775528], [0.5674951076507568, 0.780701756477356, 0.1666666716337204], [0.6077674627304077, 0.7685185074806213, 0.3055555522441864], [0.5830233097076416, 0.7767857313156128, 0.21875], [0.6240721940994263, 0.760765552520752, 0.3670886158943176]], "overlaps_after_p_now": [[0.545197606086731, 0.7533632516860962, 0.1538461595773697], [0.5273727178573608, 0.7705627679824829, 0.07017543911933899], [0.5931916236877441, 0.773755669593811, 0.2537313401699066], [0.5394418835639954, 0.7648351788520813, 0.11570248007774353], [0.5770240426063538, 0.7750557065010071, 0.20472441613674164]], "overlaps_after_p_future": [[0.564896821975708, 0.7505720853805542, 0.2158273309469223], [0.5523381233215332, 0.774617075920105, 0.13445378839969635], [0.6131090521812439, 0.748792290687561, 0.3580246865749359], [0.5830233097076416, 0.7767857313156128, 0.21875], [0.6022645235061646, 0.7706422209739685, 0.2857142984867096]], "overlap_spred_before_p_future": [[0.6358448266983032, 0.7217630743980408, 0.482051283121109], [0.6179814338684082, 0.7296587824821472, 0.41807910799980164], [0.6640459299087524, 0.7526881694793701, 0.5053763389587402], [0.6179814338684082, 0.7296587824821472, 0.41807910799980164], [0.6159234046936035, 0.691428542137146, 0.48076921701431274]]}, "gap_0": {"gap_0_p_future": [[0.7315190434455872, 0.8280851244926453, 0.3933933973312378], [0.7165852785110474, 0.8511313796043396, 0.24547283351421356], [0.7315844297409058, 0.8523138761520386, 0.3088512122631073], [0.7232882380485535, 0.8438133597373962, 0.30127042531967163], [0.7232882380485535, 0.8438133597373962, 0.30127042531967163]], "gap_0_p_now": [[0.7261765599250793, 0.8305369019508362, 0.3607594966888428], [0.7086073160171509, 0.8137755393981934, 0.34036144614219666], [0.7172900438308716, 0.811279833316803, 0.38818565011024475], [0.7136240005493164, 0.8272425532341003, 0.31578946113586426], [0.7111058831214905, 0.8410462737083435, 0.2561205327510834]], "s_pred_p_now": [[0.7504487037658691, 0.7179487347602844, 0.7780979871749878], [0.7067583799362183, 0.6862068772315979, 0.7242424488067627], [0.6900691390037537, 0.6469500660896301, 0.726752519607544], [0.6940271854400635, 0.6833333373069763, 0.703125], [0.705306887626648, 0.6944907903671265, 0.714508593082428]], "s_pred_p_future": [[0.6815739870071411, 0.646319568157196, 0.7115666270256042], [0.6585773229598999, 0.6478405594825745, 0.667711615562439], [0.6361757516860962, 0.6456692814826965, 0.6280992031097412], [0.6553012132644653, 0.6768292784690857, 0.6369863152503967], [0.6202186942100525, 0.6399999856948853, 0.6033898591995239]], "superset_p_future": [[0.7359035611152649, 0.8352976441383362, 0.3580683171749115], [0.7248753905296326, 0.8574680089950562, 0.22083981335163116], [0.7388675808906555, 0.8561505079269409, 0.29302987456321716], [0.7383416295051575, 0.8626891374588013, 0.26564884185791016], [0.7346320748329163, 0.8546662926673889, 0.27833572030067444]]}, "fast_shift": {}, "slow_shift": {}, "short_long": {}}, "bal_Accs": {"ekstedt_events": {"shift_hold_p_future_after": [0.6173267326732673, 0.5783999626377732, 0.5639267700354942, 0.5959555389501214, 0.5746964319073418], "shift_hold_p_future_before": [0.6144358303754904, 0.5919624509620773, 0.5820941528115076, 0.5941201195591257, 0.5667195964879507], "s_pred_p_future": [0.6713218147127411, 0.6291074835700657, 0.6318899724401102, 0.6220320118719526, 0.608437566249735], "shift_hold_p_now_after": [0.6110638894078086, 0.5979917803101065, 0.5736502895572576, 0.5985708948253317, 0.5689333084251822], "shift_hold_p_now_before": [0.6243928638146834, 0.5979263964132262, 0.5927984307864749, 0.5834858957593873, 0.5709368578367271], "s_pred_p_now": [0.6222705109179564, 0.6763567945728217, 0.6306179775280899, 0.660748357006572, 0.6419069323722706], "backchannel": [0.5647922172230249, 0.656374226101799, 0.6215778165402727, 0.6546317854121593, 0.6764749919522073], "short_long": [0.6282685259127301, 0.707921248233921, 0.674058603108299, 0.6365409423183241, 0.6077205807072507]}, "roddy_events": {"overlaps_before_p_now": [0.5048936170212766, 0.5287234042553192, 0.5538297872340425, 0.5375531914893616, 0.5376595744680851], "overlaps_before_p_future": [0.5440425531914894, 0.54, 0.5538297872340425, 0.5407446808510639, 0.5611702127659575], "overlaps_after_p_now": [0.49680851063829784, 0.5038297872340425, 0.5588297872340425, 0.4977659574468085, 0.5374468085106383], "overlaps_after_p_future": [0.5115957446808511, 0.5059574468085106, 0.5541489361702128, 0.5545744680851064, 0.5658510638297872], "overlap_spred_before_p_future": [0.5865363128491621, 0.6079888268156425, 0.6260614525139665, 0.573268156424581, 0.5879888268156425]}, "gap_0": {"gap_0_p_future": [0.649972643177972, 0.6149864488300187, 0.6030334262192871, 0.6094540087287348, 0.6056087847208969],