{"f1_score": {"ekstedt_events": {"shift_hold_p_future_after": [[0.6801202893257141, 0.795880138874054, 0.40437158942222595], [0.6631773710250854, 0.7620927691459656, 0.4275534451007843], [0.6788797974586487, 0.8047662973403931, 0.3790087401866913], [0.6737619638442993, 0.7851710915565491, 0.4083769619464874], [0.648206889629364, 0.800000011920929, 0.2866241931915283]], "shift_hold_p_future_before": [[0.6622128486633301, 0.7630285024642944, 0.42206233739852905], [0.6619610786437988, 0.7900092601776123, 0.35694050788879395], [0.6473151445388794, 0.80843585729599, 0.2635135054588318], [0.6638036966323853, 0.7956003546714783, 0.3498542308807373], [0.6293608546257019, 0.7892857193946838, 0.24840764701366425]], "s_pred_p_future": [[0.682654619216919, 0.6666666865348816, 0.6960784196853638], [0.647281289100647, 0.6746411323547363, 0.6243094205856323], [0.654276430606842, 0.647519588470459, 0.6599496006965637], [0.6197960376739502, 0.6815145015716553, 0.5679758191108704], [0.5902239084243774, 0.6220095753669739, 0.5635359287261963]], "shift_hold_p_now_after": [[0.6586405038833618, 0.8021582961082458, 0.31677019596099854], [0.6840035319328308, 0.8134058117866516, 0.3757575750350952], [0.6984987258911133, 0.8049010634422302, 0.445040225982666], [0.6500729322433472, 0.8180242776870728, 0.25], [0.6603090763092041, 0.7823639512062073, 0.3695652186870575]], "shift_hold_p_now_before": [[0.6642290353775024, 0.7818697094917297, 0.3840000033378601], [0.6510912775993347, 0.7715640068054199, 0.3641161024570465], [0.652442455291748, 0.7706945538520813, 0.37075719237327576], [0.6442396640777588, 0.770244836807251, 0.34408602118492126], [0.6140830516815186, 0.7937062978744507, 0.1862068921327591]], "s_pred_p_now": [[0.5961428284645081, 0.4262295067310333, 0.7388059496879578], [0.667036771774292, 0.6408839821815491, 0.6889952421188354], [0.6711270809173584, 0.616314172744751, 0.7171491980552673], [0.6158474683761597, 0.5051903128623962, 0.7087576389312744], [0.6597552299499512, 0.674876868724823, 0.6470588445663452]], "backchannel": [[0.45889562368392944, 0.3385826647281647, 0.6204819083213806], [0.6257860064506531, 0.5788288116455078, 0.6888518929481506], [0.5984610319137573, 0.5440000295639038, 0.6716049313545227], [0.6835637092590332, 0.6686930060386658, 0.703535795211792], [0.6877262592315674, 0.6680455207824707, 0.7141584753990173]], "short_long": [[0.6456557512283325, 0.32894736528396606, 0.8011695742607117], [0.7727739810943604, 0.6315789222717285, 0.8421052694320679], [0.7128100395202637, 0.5405405163764954, 0.7973997592926025], [0.6795049905776978, 0.407523512840271, 0.8130564093589783], [0.6203760504722595, 0.267123281955719, 0.7938342690467834]]}, "roddy_events": {"overlaps_before_p_now": [[0.5273727178573608, 0.7705627679824829, 0.07017543911933899], [0.5536208152770996, 0.7471526265144348, 0.18978102505207062], [0.5826194882392883, 0.7664399147033691, 0.2370370328426361], [0.5770240426063538, 0.7750557065010071, 0.20472441613674164], [0.5442623496055603, 0.7854077219963074, 0.09090909361839294]], "overlaps_before_p_future": [[0.5328947305679321, 0.7631579041481018, 0.10000000149011612], [0.5544803142547607, 0.7772925496101379, 0.1355932205915451], [0.5840510129928589, 0.7831858396530151, 0.20967741310596466], [0.5719516277313232, 0.7860261797904968, 0.16949152946472168], [0.5869898200035095, 0.7534883618354797, 0.27397260069847107]], "overlaps_after_p_now": [[0.5121210217475891, 0.7354260087013245, 0.0923076942563057], [0.5331184267997742, 0.7566371560096741, 0.11290322244167328], [0.5310052037239075, 0.7538802623748779, 0.1120000034570694], [0.5390620827674866, 0.7712418437004089, 0.10256410390138626], [0.5262607336044312, 0.7614879608154297, 0.08403361588716507]], "overlaps_after_p_future": [[0.5418784618377686, 0.7327188849449158, 0.18309858441352844], [0.5415448546409607, 0.7675438523292542, 0.11666666716337204], [0.5968309640884399, 0.768878698348999, 0.2733812928199768], [0.5501949191093445, 0.7719298005104065, 0.13333334028720856], [0.5676658749580383, 0.7640449404716492, 0.19847328960895538]], "overlap_spred_before_p_future": [[0.6200716495513916, 0.7039105892181396, 0.4699999988079071], [0.6575708985328674, 0.7533156275749207, 0.4861878454685211], [0.6343938112258911, 0.7447916865348816, 0.4367816150188446], [0.696438193321228, 0.7842105031013489, 0.5393258333206177], [0.5716620683670044, 0.6163522005081177, 0.49166667461395264]]}, "gap_0": {"gap_0_p_future": [[0.7408540844917297, 0.8332622647285461, 0.4172876179218292], [0.7271445989608765, 0.8641878962516785, 0.2472885102033615], [0.725740909576416, 0.8553259372711182, 0.2720000147819519], [0.7364717721939087, 0.8574860095977783, 0.31274130940437317], [0.7199276089668274, 0.8446954488754272, 0.283053994178772]], "gap_0_p_now": [[0.7392680048942566, 0.8398159742355347, 0.3871999979019165], [0.7218905091285706, 0.8245242834091187, 0.36251920461654663], [0.7194551229476929, 0.8212314248085022, 0.3630862236022949], [0.7290692329406738, 0.8427518606185913, 0.33101046085357666], [0.7289920449256897, 0.8546326160430908, 0.2890625]], "s_pred_p_now": [[0.7463488578796387, 0.7001934051513672, 0.7856155037879944], [0.751986026763916, 0.738095223903656, 0.7638036608695984], [0.7610331177711487, 0.7252336740493774, 0.7914893627166748], [0.7471762895584106, 0.7343485355377197, 0.7580893635749817], [0.7552217841148376, 0.746666669845581, 0.762499988079071]], "s_pred_p_future": [[0.7221925258636475, 0.6815642714500427, 0.7567567825317383], [0.7085275650024414, 0.6978297233581543, 0.7176287174224854], [0.6993004083633423, 0.7066246271133423, 0.6930692791938782], [0.6856489181518555, 0.6987577676773071, 0.6744966506958008], [0.6746997237205505, 0.68544602394104, 0.6655573844909668]], "superset_p_future": [[0.7412791848182678, 0.8401083946228027, 0.3655914068222046], [0.7393260598182678, 0.8730736970901489, 0.23089982569217682], [0.739486038684845, 0.8671011328697205, 0.2543720304965973], [0.7465123534202576, 0.8741908073425293, 0.2611570358276367], [0.7304686307907104, 0.8579593896865845, 0.24582700431346893]]}, "fast_shift": {}, "slow_shift": {}, "short_long": {}}, "bal_Accs": {"ekstedt_events": {"shift_hold_p_future_after": [0.6156360919110779, 0.5944423687651784, 0.623066504763684, 0.6109518027274425, 0.5841864375116756], "shift_hold_p_future_before": [0.6007752662058659, 0.5937651784046329, 0.6144451709321875, 0.5939753409303195, 0.5790351204931814], "s_pred_p_future": [0.6832202671189316, 0.6625768496926012, 0.6572768708925165, 0.6514733941064236, 0.6057345770616918], "shift_hold_p_now_after": [0.6257379039790771, 0.5968802540631422, 0.6171819540444611, 0.6224453577433215, 0.5744068746497291], "shift_hold_p_now_before": [0.5844993461610313, 0.5571875583784793, 0.5548851111526247, 0.5671212404259294, 0.5804268634410611], "s_pred_p_now": [0.6130485478058088, 0.6654653381386475, 0.6662338350646597, 0.678503285986856, 0.6702088191647233], "backchannel": [0.5495294848664066, 0.643067294519266, 0.6135412533594855, 0.6355061125792614, 0.6688464331434304], "short_long": [0.7011384810696808, 0.7287302659868542, 0.6767256383479738, 0.6829709032086329, 0.6901478387288327]}, "roddy_events": {"overlaps_before_p_now": [0.4717021276595744, 0.5093617021276595, 0.49712765957446814, 0.539468085106383, 0.4917021276595745], "overlaps_before_p_future": [0.4958510638297873, 0.5473404255319149, 0.5427659574468084, 0.606063829787234, 0.568936170212766], "overlaps_after_p_now": [0.4661702127659575, 0.46691489361702126, 0.49680851063829784, 0.5007446808510638, 0.4788297872340425], "overlaps_after_p_future": [0.47063829787234046, 0.5117021276595745, 0.5877659574468085, 0.5332978723404255, 0.5328723404255319], "overlap_spred_before_p_future": [0.5580167597765363, 0.6156424581005586, 0.5894413407821228, 0.6562011173184357, 0.5687430167597765]}, "gap_0": {"gap_0_p_future": [0.6476428598694507, 0.6241605272868395, 0.6313852731228766, 0.6474074639589775, 0.6158516878522986],