{"f1_score": {"ekstedt_events": {"shift_hold_p_future_after": [[0.5858296751976013, 0.674443244934082, 0.3747454285621643], [0.5666313171386719, 0.6645702123641968, 0.3333333432674408], [0.5838078260421753, 0.6923857927322388, 0.3251670300960541], [0.5614019632339478, 0.6673553586006165, 0.30901288986206055], [0.58945232629776, 0.7184466123580933, 0.28217822313308716]], "shift_hold_p_future_before": [[0.5796030759811401, 0.6448703408241272, 0.4241316318511963], [0.5933268070220947, 0.6966292262077332, 0.347252756357193], [0.5821163654327393, 0.7048371434211731, 0.2897862195968628], [0.5842519402503967, 0.6917599439620972, 0.3281596601009369], [0.5832200050354004, 0.7061144113540649, 0.2904762029647827]], "s_pred_p_future": [[0.5232683420181274, 0.4039735198020935, 0.6234309673309326], [0.5062671899795532, 0.5199999809265137, 0.49473685026168823], [0.523311972618103, 0.45747801661491394, 0.5785877108573914], [0.5163655281066895, 0.5472155213356018, 0.4904632270336151], [0.5237294435501099, 0.5130890011787415, 0.5326633453369141]], "shift_hold_p_now_after": [[0.6049161553382874, 0.7098078727722168, 0.35505616664886475], [0.6039170026779175, 0.7211822867393494, 0.3245823383331299], [0.573406457901001, 0.6735966801643372, 0.33474576473236084], [0.5979190468788147, 0.7362428903579712, 0.2684210538864136], [0.5894453525543213, 0.6900103092193604, 0.3498920202255249]], "shift_hold_p_now_before": [[0.5638006925582886, 0.6271379590034485, 0.41292640566825867], [0.5711268186569214, 0.662420392036438, 0.353658527135849], [0.5437448024749756, 0.6113636493682861, 0.3826714754104614], [0.564075231552124, 0.6531049013137817, 0.35199999809265137], [0.5861042737960815, 0.695035457611084, 0.3266219198703766]], "s_pred_p_now": [[0.4629606008529663, 0.19354838132858276, 0.6891651749610901], [0.5151904821395874, 0.43161094188690186, 0.5853658318519592], [0.50883948802948, 0.35587188601493835, 0.6372745633125305], [0.5447163581848145, 0.40425533056259155, 0.6626505851745605], [0.5661122798919678, 0.5, 0.6216216087341309]], "backchannel": [[0.5072177648544312, 0.42358604073524475, 0.6195393204689026], [0.6012599468231201, 0.6930091381072998, 0.47803616523742676], [0.6031454205513, 0.6521374583244324, 0.5373467206954956], [0.5550351738929749, 0.720108687877655, 0.3333333432674408], [0.5093695521354675, 0.7280927896499634, 0.21561338007450104]], "short_long": [[0.5902936458587646, 0.28328612446784973, 0.7410439848899841], [0.411468505859375, 0.49389415979385376, 0.3709949553012848], [0.4711558222770691, 0.4807121753692627, 0.4664634168148041], [0.5472036600112915, 0.47892072796821594, 0.5807327032089233], [0.38052138686180115, 0.45089903473854065, 0.3459637463092804]]}, "roddy_events": {"overlaps_before_p_now": [[0.6260683536529541, 0.7596153616905212, 0.375], [0.6050174236297607, 0.7175572514533997, 0.39344263076782227], [0.5340929627418518, 0.6243094205856323, 0.3644859790802002], [0.6201438903808594, 0.7124010324478149, 0.4467005133628845], [0.6015164852142334, 0.7464115023612976, 0.3291139304637909]], "overlaps_before_p_future": [[0.579367995262146, 0.7405660152435303, 0.2763157784938812], [0.6240721940994263, 0.760765552520752, 0.3670886158943176], [0.5793474316596985, 0.6940873861312866, 0.3636363744735718], [0.6495701670646667, 0.7635468244552612, 0.43529412150382996], [0.600220799446106, 0.6949602365493774, 0.42211055755615234]], "overlaps_after_p_now": [[0.6111111044883728, 0.75, 0.3499999940395355], [0.6073666214942932, 0.77625572681427, 0.28985506296157837], [0.5874097943305969, 0.7268292903900146, 0.3253012001514435], [0.6090350151062012, 0.7511961460113525, 0.3417721390724182], [0.6102700233459473, 0.7358024716377258, 0.3742690086364746]], "overlaps_after_p_future": [[0.6093368530273438, 0.7254408001899719, 0.3910614550113678], [0.6103677749633789, 0.7674418687820435, 0.31506848335266113], [0.5905961394309998, 0.7010309100151062, 0.38297873735427856], [0.64094078540802, 0.7543424367904663, 0.42774567008018494], [0.6163487434387207, 0.7244898080825806, 0.41304346919059753]], "overlap_spred_before_p_future": [[0.44746139645576477, 0.4460431635379791, 0.44999998807907104], [0.5637179613113403, 0.6265060305595398, 0.45132744312286377], [0.5106890201568604, 0.5442622900009155, 0.45059287548065186], [0.6166192293167114, 0.670694887638092, 0.5198237895965576], [0.5272712707519531, 0.5533333420753479, 0.4806201457977295]]}, "gap_0": {"gap_0_p_future": [[0.589496374130249, 0.6578947305679321, 0.3499999940395355], [0.6646855473518372, 0.7743902206420898, 0.2805555462837219], [0.6220479011535645, 0.7203311920166016, 0.2779097259044647], [0.6399719715118408, 0.7364093065261841, 0.3022974729537964], [0.6367573142051697, 0.734246551990509, 0.2953995168209076]], "gap_0_p_now": [[0.5901252031326294, 0.6564885377883911, 0.35775452852249146], [0.6145907044410706, 0.6979866027832031, 0.32258063554763794], [0.5650472640991211, 0.6301652789115906, 0.33703702688217163], [0.6093893051147461, 0.6950286626815796, 0.3095238208770752], [0.6290590167045593, 0.7159679532051086, 0.32474803924560547]], "s_pred_p_now": [[0.6159286499023438, 0.5107296109199524, 0.7054263353347778], [0.6322580575942993, 0.6000000238418579, 0.6597014665603638], [0.6034621596336365, 0.5227722525596619, 0.6721088290214539], [0.6225806474685669, 0.5894736647605896, 0.6507462859153748], [0.6323972940444946, 0.5681381821632385, 0.6870653629302979]], "s_pred_p_future": [[0.5966657996177673, 0.5080645084381104, 0.6720430254936218], [0.6100186109542847, 0.6045751571655273, 0.6146496534347534], [0.586004376411438, 0.5591766834259033, 0.6088280081748962], [0.5924310684204102, 0.6037735939025879, 0.5827814340591431], [0.5974298715591431, 0.5791245698928833, 0.6130030751228333]], "superset_p_future": [[0.6173639297485352, 0.6915493011474609, 0.33535659313201904], [0.6848390102386475, 0.7905531525611877, 0.28297871351242065], [0.6400294899940491, 0.7365661859512329, 0.2730560600757599], [0.6803710460662842, 0.7797468304634094, 0.30260521173477173], [0.6649584174156189, 0.7608906030654907, 0.300283282995224]]}, "fast_shift": {}, "slow_shift": {}, "short_long": {}}, "bal_Accs": {"ekstedt_events": {"shift_hold_p_future_after": [0.5472305249392864, 0.5025406314216327, 0.5044881374929946, 0.49476461797123106, 0.5104847748925836], "shift_hold_p_future_before": [0.5545301699981319, 0.4800252195030824, 0.5083271062955352, 0.5013730618344854, 0.5238791331963385], "s_pred_p_future": [0.5227634089463642, 0.5138329446682213, 0.5186294254822981, 0.5296798812804748, 0.5252808988764045], "shift_hold_p_now_after": [0.5573883803474686, 0.4961003175789277, 0.5175602465906968, 0.49129460115822904, 0.5201522510741641], "shift_hold_p_now_before": [0.5424154679618904, 0.48744629179899124, 0.506804595553895, 0.4910283952923594, 0.5254716981132075], "s_pred_p_now": [0.5165359338562646, 0.5107589569641722, 0.5154494382022472, 0.5548017807928768, 0.5614267542929828], "backchannel": [0.5660779924687633, 0.5914996593724968, 0.5750297581170412, 0.6064273789649416, 0.5465911047560583], "short_long": [0.5379118291459344, 0.531692159633065, 0.5318713270675921, 0.5256209431373754, 0.5021192947969777]}, "roddy_events": {"overlaps_before_p_now": [0.49542553191489364, 0.5642553191489361, 0.5367021276595745, 0.5701063829787234, 0.5396808510638298], "overlaps_before_p_future": [0.5275531914893616, 0.5668085106382978, 0.5323404255319149, 0.5792553191489361, 0.5493617021276596], "overlaps_after_p_now": [0.5548936170212766, 0.5542553191489361, 0.4940425531914894, 0.5525531914893618, 0.5443617021276596], "overlaps_after_p_future": [0.5471276595744681, 0.5697872340425532, 0.5482978723404255, 0.5830851063829787, 0.568404255319149], "overlap_spred_before_p_future": [0.48849162011173186, 0.5496368715083799, 0.5168435754189944, 0.6050558659217877, 0.5418435754189944]}, "gap_0": {"gap_0_p_future": [0.5446985023730453, 0.5195060503111043, 0.5071458563957705, 0.5186598974437276, 0.537636625058849],