{"f1_score": {"ekstedt_events": {"shift_hold_p_future_after": [[0.7346149682998657, 0.8189738392829895, 0.5336658358573914], [0.7218329906463623, 0.7862356901168823, 0.5684210658073425], [0.7315957546234131, 0.8192307949066162, 0.5228426456451416], [0.7007848620414734, 0.76382976770401, 0.5506072640419006], [0.7264227271080017, 0.8279069662094116, 0.4846796691417694]], "shift_hold_p_future_before": [[0.7020922899246216, 0.7730569839477539, 0.5330490469932556], [0.7184985876083374, 0.8107588887214661, 0.4987277388572693], [0.7101448774337769, 0.8272727131843567, 0.43113771080970764], [0.6698488593101501, 0.7597990036010742, 0.45558086037635803], [0.7206332683563232, 0.8188679218292236, 0.48663100600242615]], "s_pred_p_future": [[0.7163265347480774, 0.6625387072563171, 0.7614879608154297], [0.7363935112953186, 0.7223719954490662, 0.7481662631034851], [0.7103003859519958, 0.6520376205444336, 0.7592191100120544], [0.7249343395233154, 0.6916426420211792, 0.7528868317604065], [0.6754737496376038, 0.6315789222717285, 0.7123287916183472]], "shift_hold_p_now_after": [[0.6931286454200745, 0.8246869444847107, 0.37974682450294495], [0.7216683030128479, 0.8252788186073303, 0.4748603403568268], [0.7174487113952637, 0.7984111309051514, 0.5245901346206665], [0.671560525894165, 0.8268058896064758, 0.3017543852329254], [0.7268311381340027, 0.8146718144416809, 0.5175879597663879]], "shift_hold_p_now_before": [[0.6729503273963928, 0.7875354290008545, 0.4000000059604645], [0.6899531483650208, 0.7934990525245667, 0.44329896569252014], [0.6942225694656372, 0.7757575511932373, 0.5], [0.6566064357757568, 0.7590953707695007, 0.4124700129032135], [0.6565583944320679, 0.8057041168212891, 0.30128204822540283]], "s_pred_p_now": [[0.6093806028366089, 0.43103447556495667, 0.7591241002082825], [0.7503274083137512, 0.7037037014961243, 0.7894737124443054], [0.7095215320587158, 0.625, 0.7804877758026123], [0.6219136118888855, 0.4583333432674408, 0.7592592835426331], [0.7286356091499329, 0.7103825211524963, 0.7439613342285156]], "backchannel": [[0.4661046862602234, 0.34941330552101135, 0.6228269338607788], [0.5419683456420898, 0.4596576988697052, 0.652515709400177], [0.5502191781997681, 0.47215497493743896, 0.655063271522522], [0.5997370481491089, 0.5442020893096924, 0.6743232011795044], [0.5406792163848877, 0.46060606837272644, 0.6482213735580444]], "short_long": [[0.6281291246414185, 0.2923588156700134, 0.7930029034614563], [0.7717084884643555, 0.6129032373428345, 0.849686861038208], [0.7230838537216187, 0.5155807137489319, 0.8249744176864624], [0.6310197114944458, 0.2876712381839752, 0.799614667892456], [0.6099823713302612, 0.23859648406505585, 0.7923445105552673]]}, "roddy_events": {"overlaps_before_p_now": [[0.5457446575164795, 0.7729257345199585, 0.11864406615495682], [0.5813717246055603, 0.7557603716850281, 0.2535211145877838], [0.5600839853286743, 0.7448275685310364, 0.21276596188545227], [0.5592890381813049, 0.7488584518432617, 0.2028985470533371], [0.5342905521392822, 0.7722342610359192, 0.08695652335882187]], "overlaps_before_p_future": [[0.5709523558616638, 0.7733333110809326, 0.190476194024086], [0.5887436866760254, 0.7885462641716003, 0.21311475336551666], [0.5972561836242676, 0.7829977869987488, 0.24806201457977295], [0.5963308811187744, 0.7727272510528564, 0.2647058963775635], [0.6305580139160156, 0.7346938848495483, 0.43478259444236755]], "overlaps_after_p_now": [[0.5606470108032227, 0.7556561231613159, 0.19402985274791718], [0.5518966913223267, 0.7616926431655884, 0.15748031437397003], [0.5676658749580383, 0.7640449404716492, 0.19847328960895538], [0.5352503061294556, 0.7351598143577576, 0.15942029654979706], [0.5398172736167908, 0.7409090995788574, 0.1617647111415863]], "overlaps_after_p_future": [[0.5972796082496643, 0.7529411911964417, 0.30463576316833496], [0.6080419421195984, 0.7901785969734192, 0.265625], [0.6360998749732971, 0.7803738117218018, 0.36486485600471497], [0.581828773021698, 0.7393364906311035, 0.2857142984867096], [0.6398849487304688, 0.7743467688560486, 0.3870967626571655]], "overlap_spred_before_p_future": [[0.602550208568573, 0.6586102843284607, 0.5022026300430298], [0.716806173324585, 0.7674418687820435, 0.6261682510375977], [0.6826345920562744, 0.7478753328323364, 0.5658536553382874], [0.6416786313056946, 0.6871165633201599, 0.5603448152542114], [0.5105106830596924, 0.4738955795764923, 0.5760517716407776]]}, "gap_0": {"gap_0_p_future": [[0.7573625445365906, 0.8329660892486572, 0.4926372170448303], [0.7680153846740723, 0.8786677122116089, 0.38056680560112], [0.777911901473999, 0.8746450543403625, 0.4392014443874359], [0.7640182375907898, 0.8607907891273499, 0.42517006397247314], [0.7780948877334595, 0.8656964898109436, 0.47135841846466064]], "gap_0_p_now": [[0.7421992421150208, 0.8434637784957886, 0.3876221477985382], [0.7602369785308838, 0.8478168845176697, 0.45357686281204224], [0.7516589164733887, 0.8298901319503784, 0.4777328073978424], [0.725385844707489, 0.8356107473373413, 0.33943426609039307], [0.7394272089004517, 0.8596561551094055, 0.3184466063976288]], "s_pred_p_now": [[0.780726432800293, 0.7345309257507324, 0.8200270533561707], [0.8555818796157837, 0.835489809513092, 0.8726752400398254], [0.8199187517166138, 0.7806841135025024, 0.8532974720001221], [0.8149616122245789, 0.7888888716697693, 0.8371428847312927], [0.8278443813323975, 0.8029739856719971, 0.8490028381347656]], "s_pred_p_future": [[0.7010036706924438, 0.6212766170501709, 0.768831193447113], [0.7669001817703247, 0.7286527752876282, 0.799439013004303], [0.7851057052612305, 0.7620751261711121, 0.8046989440917969], [0.7616008520126343, 0.7292817831039429, 0.7890961170196533], [0.7239722013473511, 0.6692913174629211, 0.7704917788505554]], "superset_p_future": [[0.7501688599586487, 0.8347286581993103, 0.4287245571613312], [0.7735469341278076, 0.8847352266311646, 0.35087719559669495], [0.7795267105102539, 0.8804379105567932, 0.39592429995536804], [0.7669717073440552, 0.8766809701919556, 0.34992459416389465], [0.77943354845047, 0.8724279999732971, 0.42592594027519226]]}, "fast_shift": {}, "slow_shift": {}, "short_long": {}}, "bal_Accs": {"ekstedt_events": {"shift_hold_p_future_after": [0.6722959088361666, 0.6916635531477676, 0.6821408555949935, 0.6720297029702971, 0.6122454698300018], "shift_hold_p_future_before": [0.6332944143470951, 0.6772137119372315, 0.6793713805342798, 0.6517606949374183, 0.6192648981879321], "s_pred_p_future": [0.7109391562433751, 0.737253550985796, 0.704870680517278, 0.7215126139495442, 0.6712953148187407], "shift_hold_p_now_after": [0.6810620212964693, 0.6913086119932748, 0.6950681860638894, 0.6583691388006725, 0.6633289744068747], "shift_hold_p_now_before": [0.631146086306744, 0.6378993087988044, 0.6238604520829442, 0.6073837100691202, 0.6176629927143658], "s_pred_p_now": [0.6310154759380963, 0.7447530209879161, 0.7056391774432902, 0.6805967776128896, 0.728376086495654], "backchannel": [0.5626230563644938, 0.5946289406110333, 0.6027141648637115, 0.6021414614791469, 0.597681487082357], "short_long": [0.8035659438540451, 0.7778119049081639, 0.6998996662366648, 0.8029670127157689, 0.7917152978274669]}, "roddy_events": {"overlaps_before_p_now": [0.47297872340425534, 0.5141489361702127, 0.5277659574468085, 0.49691489361702124, 0.49244680851063827], "overlaps_before_p_future": [0.4563829787234042, 0.6114893617021276, 0.5898936170212765, 0.576063829787234, 0.5407446808510639], "overlaps_after_p_now": [0.5091489361702128, 0.45968085106382983, 0.5258510638297872, 0.48319148936170214, 0.4945744680851064], "overlaps_after_p_future": [0.5190425531914894, 0.6011702127659575, 0.5586170212765957, 0.5655319148936171, 0.5663829787234043], "overlap_spred_before_p_future": [0.5175977653631285, 0.6899162011173184, 0.6587150837988827, 0.6378491620111733, 0.609804469273743]}, "gap_0": {"gap_0_p_future": [0.6425468565102874, 0.7058301841177743, 0.7030397882709216, 0.6408456439032459, 0.6480856586632058],