{"f1_score": {"ekstedt_events": {"shift_hold_p_future_after": [[0.8044525980949402, 0.8790397047996521, 0.62678062915802], [0.7408115863800049, 0.854092538356781, 0.47096773982048035], [0.8065053224563599, 0.8687258958816528, 0.6582914590835571], [0.810175359249115, 0.8740457892417908, 0.6580311059951782], [0.7893566489219666, 0.8730593323707581, 0.5899705290794373]], "shift_hold_p_future_before": [[0.7717825174331665, 0.8633880019187927, 0.5535714030265808], [0.7554551362991333, 0.8516483306884766, 0.5263158082962036], [0.774563193321228, 0.8365095257759094, 0.6270022988319397], [0.7699567079544067, 0.8610603213310242, 0.5529412031173706], [0.7316162586212158, 0.8500443696975708, 0.44951140880584717]], "s_pred_p_future": [[0.7962790727615356, 0.8058968186378479, 0.788203775882721], [0.7387856245040894, 0.7554479241371155, 0.7247956395149231], [0.7432363033294678, 0.6878980994224548, 0.7896995544433594], [0.7232691645622253, 0.7523364424705505, 0.6988636255264282], [0.7525111436843872, 0.7764706015586853, 0.7323943376541138]], "shift_hold_p_now_after": [[0.7593459486961365, 0.8592057824134827, 0.5214723944664001], [0.7474969625473022, 0.8589174747467041, 0.4820846915245056], [0.7768254280090332, 0.8541666865348816, 0.5925925970077515], [0.7855745553970337, 0.8651162981987, 0.5961002707481384], [0.7133880853652954, 0.8496959209442139, 0.38869258761405945]], "shift_hold_p_now_before": [[0.7238090634346008, 0.8399280309677124, 0.44720497727394104], [0.7211777567863464, 0.836495041847229, 0.44648319482803345], [0.6572036743164062, 0.70561283826828, 0.541889488697052], [0.7149766683578491, 0.8427562117576599, 0.41059601306915283], [0.7173091173171997, 0.8392857313156128, 0.42675158381462097]], "s_pred_p_now": [[0.7875775098800659, 0.8028846383094788, 0.7747252583503723], [0.7424372434616089, 0.7659574747085571, 0.7226890921592712], [0.5389923453330994, 0.310502290725708, 0.7308377623558044], [0.771364152431488, 0.7758186459541321, 0.767624020576477], [0.7491307258605957, 0.7651331424713135, 0.7356948256492615]], "backchannel": [[0.7438088059425354, 0.7325933575630188, 0.7588716745376587], [0.7604295015335083, 0.7541954517364502, 0.7688022255897522], [0.6838101148605347, 0.6666666865348816, 0.7068345546722412], [0.7097693681716919, 0.7142857313156128, 0.7037037014961243], [0.7277892827987671, 0.745551586151123, 0.7039337754249573]], "short_long": [[0.6635230183601379, 0.4046242833137512, 0.7906504273414612], [0.5891921520233154, 0.18772563338279724, 0.7863247990608215], [0.5851666331291199, 0.28961747884750366, 0.7302904725074768], [0.5925502181053162, 0.2849002778530121, 0.7436159253120422], [0.5861835479736328, 0.16603773832321167, 0.7924882769584656]]}, "roddy_events": {"overlaps_before_p_now": [[0.5462497472763062, 0.7880085706710815, 0.0917431190609932], [0.5972561836242676, 0.7829977869987488, 0.24806201457977295], [0.5981322526931763, 0.7792792916297913, 0.25757575035095215], [0.5824847221374512, 0.7868131995201111, 0.19834710657596588], [0.5630427002906799, 0.7878788113594055, 0.14035087823867798]], "overlaps_before_p_future": [[0.6931890249252319, 0.8158507943153381, 0.4625850319862366], [0.6902977824211121, 0.8130841255187988, 0.45945945382118225], [0.6698870062828064, 0.8018648028373718, 0.4217686951160431], [0.6801460385322571, 0.8243243098258972, 0.40909090638160706], [0.6609655022621155, 0.8161435127258301, 0.3692307770252228]], "overlaps_after_p_now": [[0.6113506555557251, 0.7892376780509949, 0.2769230902194977], [0.5887436866760254, 0.7885462641716003, 0.21311475336551666], [0.6179637312889099, 0.7835990786552429, 0.30656933784484863], [0.6038295030593872, 0.7810384035110474, 0.27067670226097107], [0.6239590644836426, 0.8026607632637024, 0.2879999876022339]], "overlaps_after_p_future": [[0.7365350723266602, 0.8280871510505676, 0.5644171833992004], [0.685908854007721, 0.832962155342102, 0.4094488322734833], [0.7403790354728699, 0.8072916865348816, 0.6145833134651184], [0.7140522599220276, 0.8226950168609619, 0.5098039507865906], [0.6798731684684753, 0.8208616971969604, 0.4148148000240326]], "overlap_spred_before_p_future": [[0.7383530139923096, 0.842615008354187, 0.5517241358757019], [0.6900490522384644, 0.8135592937469482, 0.4689655303955078], [0.7782536745071411, 0.8258426785469055, 0.6930692791938782], [0.7506163716316223, 0.8307692408561707, 0.6071428656578064], [0.8085530400276184, 0.8682170510292053, 0.7017543911933899]]}, "gap_0": {"gap_0_p_future": [[0.8214303851127625, 0.9035614132881165, 0.5338491201400757], [0.8090149164199829, 0.8938231468200684, 0.5120593905448914], [0.8243798017501831, 0.8812227249145508, 0.6253443360328674], [0.8287819623947144, 0.9022801518440247, 0.5714285969734192], [0.807702362537384, 0.8953068852424622, 0.5009559988975525]], "gap_0_p_now": [[0.7884363532066345, 0.8942006230354309, 0.4181034564971924], [0.8035603761672974, 0.8887083530426025, 0.505415141582489], [0.77669358253479, 0.843137264251709, 0.5440414547920227], [0.802360475063324, 0.8925421237945557, 0.48659002780914307], [0.7774187326431274, 0.891312837600708, 0.37861916422843933]], "s_pred_p_now": [[0.8145002126693726, 0.8340675234794617, 0.7978532910346985], [0.9000686407089233, 0.8990228176116943, 0.9009584784507751], [0.6753371953964233, 0.5525672435760498, 0.7797833681106567], [0.8807271122932434, 0.8794788122177124, 0.8817891478538513], [0.8517674207687378, 0.8491803407669067, 0.8539682626724243]], "s_pred_p_future": [[0.8305641412734985, 0.842900276184082, 0.8200691938400269], [0.8338921070098877, 0.8336026072502136, 0.8341385126113892], [0.8195134997367859, 0.8062283992767334, 0.8308157324790955], [0.8266645073890686, 0.8335925340652466, 0.8207705020904541], [0.8403013944625854, 0.8405796885490417, 0.8400646448135376]], "superset_p_future": [[0.830130934715271, 0.908986508846283, 0.5303703546524048], [0.8101456165313721, 0.9015367031097412, 0.4627329111099243], [0.8237314820289612, 0.8840086460113525, 0.5945945978164673], [0.8310755491256714, 0.9046369194984436, 0.5514403581619263], [0.8121791481971741, 0.9046136140823364, 0.4607999920845032]]}, "fast_shift": {}, "slow_shift": {}, "short_long": {}}, "bal_Accs": {"ekstedt_events": {"shift_hold_p_future_after": [0.7755557631234822, 0.7581449654399401, 0.7478002988978143, 0.7807958154305996, 0.7591350644498411], "shift_hold_p_future_before": [0.751069493741827, 0.6812488324304129, 0.7024005230711751, 0.7296095647300579, 0.7240472632168877], "s_pred_p_future": [0.807372270510918, 0.7518814924740301, 0.7373330506677973, 0.7423415306338774, 0.7700869196523215], "shift_hold_p_now_after": [0.7232346347842331, 0.7093172053054362, 0.7438399028582103, 0.7175275546422567, 0.6957220250326919], "shift_hold_p_now_before": [0.6915841584158415, 0.6976368391556136, 0.6021903605454885, 0.6812721838221558, 0.6691341303941715], "s_pred_p_now": [0.8016482934068263, 0.7593014627941488, 0.5789961840152639, 0.7625609497562009, 0.7622164511341954], "backchannel": [0.7096805587788317, 0.777457945604408, 0.5524903239330125, 0.7177788840893268, 0.7200509818307044], "short_long": [0.664608800704384, 0.5986035178246002, 0.5319173986936134, 0.5466091283248357, 0.57129840080267]}, "roddy_events": {"overlaps_before_p_now": [0.563936170212766, 0.5773404255319149, 0.49329787234042555, 0.5409574468085107, 0.5985106382978723], "overlaps_before_p_future": [0.6441489361702128, 0.6932978723404255, 0.6514893617021277, 0.6267021276595746, 0.6944680851063829], "overlaps_after_p_now": [0.5872340425531914, 0.5627659574468085, 0.5624468085106383, 0.5628723404255319, 0.5897872340425532], "overlaps_after_p_future": [0.6856382978723404, 0.7077659574468085, 0.6848936170212766, 0.6598936170212766, 0.7368085106382978], "overlap_spred_before_p_future": [0.7747206703910614, 0.7684078212290503, 0.7136033519553073, 0.707513966480447, 0.7692737430167598]}, "gap_0": {"gap_0_p_future": [0.7755061012075174, 0.7516318662442265, 0.7516496799888028, 0.7637808400452979, 0.7652759221793843],