{"f1_score": {"ekstedt_events": {"shift_hold_p_future_after": [[0.7499552965164185, 0.8207171559333801, 0.5813953280448914], [0.7158969640731812, 0.8125594854354858, 0.48563969135284424], [0.7036157846450806, 0.7600434422492981, 0.5692007541656494], [0.6936998963356018, 0.7635983228683472, 0.5271966457366943], [0.7311606407165527, 0.8270676732063293, 0.5027027130126953]], "shift_hold_p_future_before": [[0.702252984046936, 0.7792472243309021, 0.5188469886779785], [0.6840900182723999, 0.7565308213233948, 0.5115303993225098], [0.6183174252510071, 0.6545454263687134, 0.5320196747779846], [0.6820579767227173, 0.7788649797439575, 0.45145630836486816], [0.6990569233894348, 0.8210717439651489, 0.40840840339660645]], "s_pred_p_future": [[0.7460782527923584, 0.7030302882194519, 0.7822222113609314], [0.6814852952957153, 0.6283987760543823, 0.7260578870773315], [0.46241286396980286, 0.1683168262243271, 0.7093425393104553], [0.6722438335418701, 0.6649214625358582, 0.6783919334411621], [0.7088057994842529, 0.7345971465110779, 0.6871508359909058]], "shift_hold_p_now_after": [[0.7449432611465454, 0.8333333134651184, 0.5343915224075317], [0.736683189868927, 0.8194174766540527, 0.5396039485931396], [0.6771527528762817, 0.7250000238418579, 0.5631768703460693], [0.7007237076759338, 0.7753846049308777, 0.5228758454322815], [0.7039889097213745, 0.8337777853012085, 0.39482200145721436]], "shift_hold_p_now_before": [[0.6924850344657898, 0.772357702255249, 0.5022222399711609], [0.6541694402694702, 0.7099664211273193, 0.5212569236755371], [0.3004334568977356, 0.23310810327529907, 0.46080759167671204], [0.6729970574378967, 0.7639999985694885, 0.45622119307518005], [0.6848627328872681, 0.7985004782676697, 0.41416892409324646]], "s_pred_p_now": [[0.7916226387023926, 0.7652173638343811, 0.8137931227684021], [0.7242072820663452, 0.6623794436454773, 0.7761194109916687], [0.38859713077545166, 0.011173184029757977, 0.7054908275604248], [0.7280972003936768, 0.6827794313430786, 0.7661470174789429], [0.7280764579772949, 0.7295918464660645, 0.7268041372299194]], "backchannel": [[0.7323530912399292, 0.728863000869751, 0.7370405197143555], [0.7219369411468506, 0.7548441290855408, 0.6777408719062805], [0.42541947960853577, 0.2829670310020447, 0.6167401075363159], [0.6857471466064453, 0.6994535326957703, 0.6673387289047241], [0.658195436000824, 0.6853637099266052, 0.6217070817947388]], "short_long": [[0.7136707901954651, 0.5849462151527405, 0.7768785953521729], [0.6371224522590637, 0.4776119291782379, 0.7154471278190613], [0.5935577154159546, 0.2090592384338379, 0.7823585867881775], [0.6353306770324707, 0.41951218247413635, 0.741304337978363], [0.5918402671813965, 0.1942446082830429, 0.7870722413063049]]}, "roddy_events": {"overlaps_before_p_now": [[0.6103659868240356, 0.7713626027107239, 0.3076923191547394], [0.6091896295547485, 0.7052631378173828, 0.4285714328289032], [0.5713507533073425, 0.6666666865348816, 0.3921568691730499], [0.5934551358222961, 0.7167919874191284, 0.3615819215774536], [0.6205511093139648, 0.7863636612892151, 0.30882352590560913]], "overlaps_before_p_future": [[0.6743542551994324, 0.7486631274223328, 0.5346534848213196], [0.6896944046020508, 0.7436619997024536, 0.5882353186607361], [0.6258895993232727, 0.7268041372299194, 0.43617022037506104], [0.6729064583778381, 0.7823960781097412, 0.46706587076187134], [0.6520810127258301, 0.79350346326828, 0.38620689511299133]], "overlaps_after_p_now": [[0.6382270455360413, 0.7662650346755981, 0.39751553535461426], [0.6518719792366028, 0.75, 0.46739131212234497], [0.6150314807891846, 0.7475728392601013, 0.3658536672592163], [0.6161684393882751, 0.7105262875556946, 0.43877550959587097], [0.6337457299232483, 0.7813953757286072, 0.3561643958091736]], "overlaps_after_p_future": [[0.6895171999931335, 0.7567567825317383, 0.5631067752838135], [0.7473535537719727, 0.8193384408950806, 0.6120218634605408], [0.6441348791122437, 0.684684693813324, 0.5679012537002563], [0.6975453495979309, 0.7595628499984741, 0.5809524059295654], [0.6920058131217957, 0.7990314960479736, 0.4907975494861603]], "overlap_spred_before_p_future": [[0.7749491930007935, 0.83152174949646, 0.6736842393875122], [0.7226114273071289, 0.7771428823471069, 0.625], [0.6160394549369812, 0.625, 0.6000000238418579], [0.7362058758735657, 0.773413896560669, 0.6696035265922546], [0.7621750831604004, 0.8324607610702515, 0.6363636255264282]]}, "gap_0": {"gap_0_p_future": [[0.7605602145195007, 0.8379204869270325, 0.4896836280822754], [0.7502339482307434, 0.8309305310249329, 0.4676753878593445], [0.7017740607261658, 0.7531422972679138, 0.5219084620475769], [0.7543420195579529, 0.8351457118988037, 0.4714086353778839], [0.7775997519493103, 0.8722970485687256, 0.44601771235466003]], "gap_0_p_now": [[0.7746970653533936, 0.860854983329773, 0.4730158746242523], [0.7156386375427246, 0.7767642736434937, 0.5016077160835266], [0.5301864147186279, 0.5568720102310181, 0.4367469847202301], [0.7317249178886414, 0.8124444484710693, 0.44908615946769714], [0.7623857855796814, 0.8697749376296997, 0.3863636255264282]], "s_pred_p_now": [[0.8289859890937805, 0.8295819759368896, 0.828478991985321], [0.8042914271354675, 0.7591836452484131, 0.8426666855812073], [0.40309977531433105, 0.0477815717458725, 0.7053854465484619], [0.8136945962905884, 0.7897623181343079, 0.8340548276901245], [0.809725284576416, 0.7937062978744507, 0.8233532905578613]], "s_pred_p_future": [[0.8227031230926514, 0.8090277910232544, 0.8343373537063599], [0.7316210865974426, 0.6707317233085632, 0.7834224700927734], [0.6984955668449402, 0.5972222089767456, 0.7846534848213196], [0.7348606586456299, 0.7050359845161438, 0.7602339386940002], [0.7938796281814575, 0.785953164100647, 0.8006230592727661]], "superset_p_future": [[0.7713091373443604, 0.8462499976158142, 0.4864300489425659], [0.7785754799842834, 0.8571428656578064, 0.4799107015132904], [0.7134878635406494, 0.7688512802124023, 0.5030303001403809], [0.75205397605896, 0.8277177214622498, 0.4644268751144409], [0.78058922290802, 0.8810141086578369, 0.39883551001548767]]}, "fast_shift": {}, "slow_shift": {}, "short_long": {}}, "bal_Accs": {"ekstedt_events": {"shift_hold_p_future_after": [0.7008546609377919, 0.6757565850924715, 0.6409490005604335, 0.6554315337194097, 0.7026433775453017], "shift_hold_p_future_before": [0.6717961890528675, 0.6473426116196526, 0.5758920231645807, 0.6339155613674574, 0.6709041658882869], "s_pred_p_future": [0.740937036251855, 0.676568793724825, 0.5312433750264999, 0.6751377994488021, 0.7254875980496078], "shift_hold_p_now_after": [0.716705585652905, 0.6798384083691389, 0.5743228096394546, 0.6593125350270876, 0.6677657388380347], "shift_hold_p_now_before": [0.6732860078460676, 0.6185877078273865, 0.4988651223612927, 0.6328927704091164, 0.6333130954604895], "s_pred_p_now": [0.7882393470426119, 0.7185711257154972, 0.5028089887640449, 0.7111776552893788, 0.7342325630697477], "backchannel": [0.6948445465911047, 0.7210391759060317, 0.5012857752457385, 0.689824969867567, 0.6269398923467364], "short_long": [0.6241937465446281, 0.5433534000860003, 0.5664404037922067, 0.53509634088908, 0.5478786575751992]}, "roddy_events": {"overlaps_before_p_now": [0.6021276595744681, 0.5893617021276596, 0.5187234042553192, 0.5738297872340425, 0.5790425531914893], "overlaps_before_p_future": [0.6527659574468085, 0.6401063829787235, 0.5519148936170213, 0.5891489361702128, 0.6053191489361702], "overlaps_after_p_now": [0.6007446808510639, 0.614468085106383, 0.5595744680851064, 0.5771276595744681, 0.6322340425531915], "overlaps_after_p_future": [0.7275531914893617, 0.693936170212766, 0.6003191489361702, 0.6622340425531915, 0.7079787234042554], "overlap_spred_before_p_future": [0.7272625698324022, 0.7052234636871508, 0.5067597765363129, 0.7375418994413407, 0.7241340782122905]}, "gap_0": {"gap_0_p_future": [0.7158605947245869, 0.6655596696822792, 0.6724001475995979, 0.6631993485259127, 0.7094311053428509],