{"f1_score": {"ekstedt_events": {"shift_hold_p_future_after": [[0.8290293216705322, 0.88634192943573, 0.6925064325332642], [0.8176902532577515, 0.8857938647270203, 0.6554622054100037], [0.8312159776687622, 0.8905660510063171, 0.6898396015167236], [0.8137252330780029, 0.871345043182373, 0.6764705777168274], [0.8183057308197021, 0.8819640874862671, 0.6666666865348816]], "shift_hold_p_future_before": [[0.8096559643745422, 0.8780487775802612, 0.64673912525177], [0.8117886185646057, 0.8748806118965149, 0.6614987254142761], [0.8019145131111145, 0.8680688142776489, 0.6443299055099487], [0.7865357398986816, 0.8646125197410583, 0.6005509495735168], [0.78509122133255, 0.8702011108398438, 0.5823529362678528]], "s_pred_p_future": [[0.8512821197509766, 0.8512820601463318, 0.8512820601463318], [0.8106061220169067, 0.8031914830207825, 0.8168317079544067], [0.8259172439575195, 0.8142076730728149, 0.8357487916946411], [0.7888134717941284, 0.7970296740531921, 0.7819148898124695], [0.8204278945922852, 0.8214285969734192, 0.8195876479148865]], "shift_hold_p_now_after": [[0.8069361448287964, 0.8723809719085693, 0.6510416865348816], [0.7971986532211304, 0.8775137066841125, 0.6058823466300964], [0.8263132572174072, 0.8880527019500732, 0.6792452931404114], [0.7916380167007446, 0.8670411705970764, 0.6120218634605408], [0.7668377757072449, 0.8680927157402039, 0.5256410241127014]], "shift_hold_p_now_before": [[0.7572000622749329, 0.8475836515426636, 0.5418994426727295], [0.7387725710868835, 0.838411808013916, 0.5014244914054871], [0.7749082446098328, 0.8434442281723022, 0.6116504669189453], [0.7166524529457092, 0.8408889174461365, 0.4207119643688202], [0.7506056427955627, 0.8490393161773682, 0.5161290168762207]], "s_pred_p_now": [[0.8437389135360718, 0.8415584564208984, 0.8455696105957031], [0.7917789220809937, 0.7969924807548523, 0.787401556968689], [0.8006045818328857, 0.7673715949058533, 0.8285077810287476], [0.7767603397369385, 0.7786259651184082, 0.7751938104629517], [0.8207583427429199, 0.8167539238929749, 0.8241205811500549]], "backchannel": [[0.7083740234375, 0.6830309629440308, 0.7424110770225525], [0.7497962713241577, 0.7430830001831055, 0.7588126063346863], [0.7400124073028564, 0.7619878053665161, 0.7104983925819397], [0.7392804622650146, 0.7426955699920654, 0.7346938848495483], [0.7062345147132874, 0.7132216095924377, 0.6968504190444946]], "short_long": [[0.6274564266204834, 0.30573248863220215, 0.7854330539703369], [0.6195803284645081, 0.2702702581882477, 0.7911025285720825], [0.5500929355621338, 0.3455723524093628, 0.6505190134048462], [0.6291499137878418, 0.3362831771373749, 0.7729566097259521], [0.5749385356903076, 0.13793103396892548, 0.7895229458808899]]}, "roddy_events": {"overlaps_before_p_now": [[0.5675870776176453, 0.7869565486907959, 0.1551724076271057], [0.5709523558616638, 0.7733333110809326, 0.190476194024086], [0.5925396680831909, 0.7876105904579163, 0.22580644488334656], [0.5732569098472595, 0.7760531902313232, 0.19200000166893005], [0.5651829242706299, 0.7904967665672302, 0.14159291982650757]], "overlaps_before_p_future": [[0.682478666305542, 0.800000011920929, 0.4615384638309479], [0.7082810401916504, 0.8077858686447144, 0.521212100982666], [0.6805015802383423, 0.8093023300170898, 0.4383561611175537], [0.6818115711212158, 0.8165137767791748, 0.4285714328289032], [0.674720048904419, 0.8224719166755676, 0.39694657921791077]], "overlaps_after_p_now": [[0.5830233097076416, 0.7767857313156128, 0.21875], [0.558845043182373, 0.7763158082962036, 0.15000000596046448], [0.5630401372909546, 0.7753304243087769, 0.16393442451953888], [0.590157687664032, 0.7849224209785461, 0.2240000069141388], [0.6382540464401245, 0.8088889122009277, 0.3174603283405304]], "overlaps_after_p_future": [[0.7200280427932739, 0.8146341443061829, 0.5421686768531799], [0.6955088376998901, 0.8264840245246887, 0.4492753744125366], [0.7260353565216064, 0.8100000023841858, 0.5681818127632141], [0.7556930184364319, 0.8398058414459229, 0.5975610017776489], [0.7136304378509521, 0.8348624110221863, 0.48571428656578064]], "overlap_spred_before_p_future": [[0.7942067384719849, 0.8678303956985474, 0.662420392036438], [0.7464333772659302, 0.843137264251709, 0.5733333230018616], [0.8035159111022949, 0.8666666746139526, 0.6904761791229248], [0.8168301582336426, 0.866310179233551, 0.72826087474823], [0.8155733942985535, 0.8677248954772949, 0.7222222089767456]]}, "gap_0": {"gap_0_p_future": [[0.858973503112793, 0.9193153977394104, 0.6476868391036987], [0.8487499952316284, 0.9111841917037964, 0.6301369667053223], [0.8571798205375671, 0.9106992483139038, 0.6697819232940674], [0.8472121953964233, 0.9097651243209839, 0.6281833648681641], [0.843967080116272, 0.9113821387290955, 0.6079136729240417]], "gap_0_p_now": [[0.8099092245101929, 0.9004363417625427, 0.49292927980422974], [0.8203402161598206, 0.8929309844970703, 0.5661641359329224], [0.8405831456184387, 0.9061728119850159, 0.6109215021133423], [0.814285397529602, 0.8983527421951294, 0.5199241042137146], [0.7990119457244873, 0.9002737402915955, 0.4444444477558136]], "s_pred_p_now": [[0.8982816338539124, 0.89952152967453, 0.8972267508506775], [0.9177076816558838, 0.9100528955459595, 0.9242199063301086], [0.8978840708732605, 0.884403645992279, 0.9093525409698486], [0.8808016777038574, 0.8778877854347229, 0.8832807540893555], [0.9063986539840698, 0.8975265026092529, 0.9139465689659119]], "s_pred_p_future": [[0.8820071220397949, 0.8846761584281921, 0.8797364234924316], [0.8711374998092651, 0.8630136847496033, 0.8780487775802612], [0.875879168510437, 0.8747967481613159, 0.876800000667572], [0.850019097328186, 0.8497576713562012, 0.8502415418624878], [0.8743955492973328, 0.8682432174682617, 0.8796296119689941]], "superset_p_future": [[0.854950487613678, 0.9188717603683472, 0.6119610667228699], [0.8445798754692078, 0.9147152304649353, 0.5779685378074646], [0.8535987138748169, 0.9116945266723633, 0.6327543258666992], [0.8453062772750854, 0.909359335899353, 0.6018158197402954], [0.8313395380973816, 0.911117434501648, 0.5280728340148926]]}, "fast_shift": {}, "slow_shift": {}, "short_long": {}}, "bal_Accs": {"ekstedt_events": {"shift_hold_p_future_after": [0.807874089295722, 0.8150382962824585, 0.8017326732673267, 0.8081076032131516, 0.7818746497291238], "shift_hold_p_future_before": [0.7757892770409116, 0.7778582103493368, 0.7892396786848497, 0.7739538576499159, 0.7888613861386138], "s_pred_p_future": [0.8578015687937248, 0.813308246767013, 0.826558193767225, 0.7989453042187831, 0.827247191011236], "shift_hold_p_now_after": [0.8054595553895012, 0.7707827386512236, 0.7956473005791145, 0.7397440687464973, 0.7444050065383897], "shift_hold_p_now_before": [0.7232906781244162, 0.7290211096581356, 0.7361526246964318, 0.6967915187745191, 0.7065477302447225], "s_pred_p_now": [0.8489241043035828, 0.8004027983888065, 0.7954208183167267, 0.7716504133983464, 0.8249947000211999], "backchannel": [0.6877156995590559, 0.764602064726712, 0.6618392387911093, 0.7496930609311483, 0.699231529380058], "short_long": [0.6582662735221246, 0.6409586993468067, 0.5308219178082192, 0.5837684542457563, 0.5924759915637734]}, "roddy_events": {"overlaps_before_p_now": [0.5463829787234042, 0.5768085106382979, 0.5346808510638298, 0.5020212765957447, 0.5476595744680851], "overlaps_before_p_future": [0.6805319148936171, 0.7174468085106382, 0.6712765957446809, 0.7051063829787234, 0.6902127659574468], "overlaps_after_p_now": [0.563404255319149, 0.5461702127659575, 0.5180851063829788, 0.5375531914893616, 0.5818085106382979], "overlaps_after_p_future": [0.7356382978723404, 0.7062765957446808, 0.7672340425531915, 0.7345744680851064, 0.7781914893617021], "overlap_spred_before_p_future": [0.826927374301676, 0.8143016759776536, 0.833854748603352, 0.7875139664804469, 0.7831005586592179]}, "gap_0": {"gap_0_p_future": [0.8049305900166686, 0.8083533737959817, 0.8158007914392233, 0.8028031199501215, 0.8213535901057373],