{"f1_score": {"ekstedt_events": {"shift_hold_p_future_after": [[0.6514989137649536, 0.707726776599884, 0.5175600647926331], [0.6251379251480103, 0.6803185343742371, 0.49369367957115173], [0.6505367755889893, 0.6981566548347473, 0.537102460861206], [0.40377509593963623, 0.3883211612701416, 0.44058746099472046], [0.6343451738357544, 0.7169811129570007, 0.4375]], "shift_hold_p_future_before": [[0.5587245225906372, 0.5920398235321045, 0.4793650805950165], [0.4637581706047058, 0.4589235186576843, 0.4752747118473053], [0.5191364884376526, 0.5308310985565186, 0.49127906560897827], [0.4749569892883301, 0.4954128563404083, 0.4262295067310333], [0.6164092421531677, 0.7142857313156128, 0.38325992226600647]], "s_pred_p_future": [[0.46400678157806396, 0.16915422677993774, 0.7115716934204102], [0.42977505922317505, 0.095238097012043, 0.710659921169281], [0.40161988139152527, 0.04324324429035187, 0.702521026134491], [0.4606907367706299, 0.20960699021816254, 0.6715063452720642], [0.5430926084518433, 0.4747774600982666, 0.6004514694213867]], "shift_hold_p_now_after": [[0.6444485187530518, 0.7128927707672119, 0.4814090132713318], [0.6448556780815125, 0.7017937302589417, 0.509225070476532], [0.5899760127067566, 0.6220570206642151, 0.5135565996170044], [0.5142937302589417, 0.5357607007026672, 0.46315789222717285], [0.6445566415786743, 0.7422266602516174, 0.4118993282318115]], "shift_hold_p_now_before": [[0.456838995218277, 0.4559440612792969, 0.4589707851409912], [0.41171085834503174, 0.3835616409778595, 0.47876447439193726], [0.25451239943504333, 0.16487455368041992, 0.4680365324020386], [0.45440128445625305, 0.4625850319862366, 0.4349070191383362], [0.5217326879501343, 0.5748218297958374, 0.3952702581882477]], "s_pred_p_now": [[0.47847747802734375, 0.1899999976158142, 0.7206896543502808], [0.41380220651626587, 0.06451612710952759, 0.7070707082748413], [0.38286054134368896, 0.0, 0.7043189406394958], [0.44384342432022095, 0.12435232847929001, 0.7120953798294067], [0.545163094997406, 0.3834586441516876, 0.6809338331222534]], "backchannel": [[0.6451482176780701, 0.7521489858627319, 0.5014409422874451], [0.5300491452217102, 0.7302416563034058, 0.26118066906929016], [0.34295952320098877, 0.1561119258403778, 0.5939050316810608], [0.6144657135009766, 0.7185892462730408, 0.4746227562427521], [0.5926076769828796, 0.7092095613479614, 0.4360056221485138]], "short_long": [[0.30646687746047974, 0.507317066192627, 0.2078431397676468], [0.36238670349121094, 0.508905827999115, 0.2904411852359772], [0.5991984605789185, 0.2175438553094864, 0.7866028547286987], [0.5285370945930481, 0.5256797671318054, 0.529940128326416], [0.5727206468582153, 0.3002544641494751, 0.7065101265907288]]}, "roddy_events": {"overlaps_before_p_now": [[0.5814340114593506, 0.6495726704597473, 0.4533333480358124], [0.42779281735420227, 0.40875911712646484, 0.46357616782188416], [0.5144819021224976, 0.5545171499252319, 0.43921568989753723], [0.4727274775505066, 0.4934210479259491, 0.43382352590560913], [0.5457115769386292, 0.6035503149032593, 0.43697479367256165]], "overlaps_before_p_future": [[0.4675964415073395, 0.4351145029067993, 0.5286624431610107], [0.3940401077270508, 0.32203391194343567, 0.529411792755127], [0.6078555583953857, 0.6760563254356384, 0.479638010263443], [0.5348533391952515, 0.573208749294281, 0.4627451002597809], [0.5782188773155212, 0.645714282989502, 0.45132744312286377]], "overlaps_after_p_now": [[0.5484341979026794, 0.585669755935669, 0.47843137383461], [0.5402185916900635, 0.5686901211738586, 0.48669201135635376], [0.6274206042289734, 0.708108127117157, 0.4757281541824341], [0.48407047986984253, 0.4966442883014679, 0.46043166518211365], [0.5383783578872681, 0.5776397585868835, 0.4645669162273407]], "overlaps_after_p_future": [[0.5039705634117126, 0.47940075397491455, 0.5501618385314941], [0.511731743812561, 0.5070422291755676, 0.5205479264259338], [0.5673187971115112, 0.5799999833106995, 0.54347825050354], [0.4308618903160095, 0.3858267664909363, 0.5155279636383057], [0.5726993680000305, 0.6134969592094421, 0.4959999918937683]], "overlap_spred_before_p_future": [[0.5058966279029846, 0.4677419364452362, 0.57419353723526], [0.5179838538169861, 0.4819277226924896, 0.582524299621582], [0.47068721055984497, 0.4184100329875946, 0.5642633438110352], [0.35307300090789795, 0.2415459007024765, 0.5527065396308899], [0.5726791024208069, 0.5804196000099182, 0.5588235259056091]]}, "gap_0": {"gap_0_p_future": [[0.6120656132698059, 0.6663179993629456, 0.4221014380455017], [0.5593011975288391, 0.6037527322769165, 0.4036544859409332], [0.5901015996932983, 0.6317530274391174, 0.44425955414772034], [0.510037899017334, 0.5517241358757019, 0.364073783159256], [0.666089653968811, 0.750347375869751, 0.3710618317127228]], "gap_0_p_now": [[0.6235167980194092, 0.6836734414100647, 0.41287878155708313], [0.4171838164329529, 0.4199475049972534, 0.40750670433044434], [0.36702433228492737, 0.35967302322387695, 0.3927648663520813], [0.49229303002357483, 0.5245901346206665, 0.3792048990726471], [0.6555700302124023, 0.7360979914665222, 0.3736017942428589]], "s_pred_p_now": [[0.7525719404220581, 0.699999988079071, 0.7972972989082336], [0.45732972025871277, 0.1538461595773697, 0.7155172228813171], [0.40655505657196045, 0.054421767592430115, 0.706131100654602], [0.5488823652267456, 0.34065935015678406, 0.7260273694992065], [0.6020761132240295, 0.45673078298568726, 0.7257281541824341]], "s_pred_p_future": [[0.5958548784255981, 0.4378109574317932, 0.7303102612495422], [0.4367842674255371, 0.11221121996641159, 0.7129135727882385], [0.5785434246063232, 0.3957783579826355, 0.7340301871299744], [0.4759064316749573, 0.23204420506954193, 0.6833713054656982], [0.6159286499023438, 0.5107296109199524, 0.7054263353347778]], "superset_p_future": [[0.6006470322608948, 0.6505746841430664, 0.41085270047187805], [0.5869887471199036, 0.638281524181366, 0.39200514554977417], [0.6035840511322021, 0.6509652733802795, 0.4234693944454193], [0.4695226550102234, 0.4987146556377411, 0.35855263471603394], [0.6872739791870117, 0.7732899188995361, 0.3602941036224365]]}, "fast_shift": {}, "slow_shift": {}, "short_long": {}}, "bal_Accs": {"ekstedt_events": {"shift_hold_p_future_after": [0.5763590509994396, 0.5540211096581356, 0.5862600410984495, 0.5124696431907342, 0.5738417709695498], "shift_hold_p_future_before": [0.5570801419764618, 0.5578694190173734, 0.5370446478610125, 0.5006771903605455, 0.52023164580609], "s_pred_p_future": [0.5336018655925376, 0.520563917744329, 0.5041604833580665, 0.5037364850540598, 0.5383983464066144], "shift_hold_p_now_after": [0.6112226788716607, 0.5901970857463105, 0.5573136558938913, 0.5563889407808705, 0.5847655520269008], "shift_hold_p_now_before": [0.5669811320754717, 0.5170651970857463, 0.5051840089669344, 0.5146506631795255, 0.5036007846067626], "s_pred_p_now": [0.5462953148187407, 0.5121369514521942, 0.5, 0.5415783336866652, 0.5559942760228959], "backchannel": [0.6692806396310742, 0.5725648876677871, 0.498470919394806, 0.6092366200768096, 0.5734276859040104], "short_long": [0.5033632286995515, 0.5022421524663677, 0.5531922517763171, 0.5166932858283678, 0.5033222761430882]}, "roddy_events": {"overlaps_before_p_now": [0.5080851063829787, 0.5281914893617021, 0.505531914893617, 0.47606382978723405, 0.5009574468085106], "overlaps_before_p_future": [0.5434042553191489, 0.5112765957446809, 0.5546808510638298, 0.5302127659574468, 0.5314893617021277], "overlaps_after_p_now": [0.5852127659574468, 0.5628723404255319, 0.593404255319149, 0.5119148936170212, 0.5214893617021277], "overlaps_after_p_future": [0.5308510638297872, 0.5302127659574468, 0.5291489361702127, 0.5418085106382978, 0.5498936170212766], "overlap_spred_before_p_future": [0.5157262569832403, 0.5011731843575419, 0.4927932960893855, 0.5548324022346368, 0.6118435754189944]}, "gap_0": {"gap_0_p_future": [0.5530607830413152, 0.5330330444961892, 0.5990825921543179, 0.5140448651881259, 0.5598300059803285],