{"f1_score": {"ekstedt_events": {"shift_hold_p_future_after": [[0.6169151067733765, 0.6771653294563293, 0.4733944833278656], [0.6211699843406677, 0.6757990717887878, 0.4910394251346588], [0.6517857909202576, 0.6961583495140076, 0.5460869669914246], [0.4337705373764038, 0.4208998680114746, 0.4644295275211334], [0.6351482272148132, 0.6970033049583435, 0.4878048896789551]], "shift_hold_p_future_before": [[0.5080825686454773, 0.5281046032905579, 0.4603886306285858], [0.46656572818756104, 0.4617563784122467, 0.4780219793319702], [0.5321492552757263, 0.5447263121604919, 0.5021897554397583], [0.49234676361083984, 0.5086092948913574, 0.4536082446575165], [0.6206580400466919, 0.702645480632782, 0.4253578782081604]], "s_pred_p_future": [[0.44136062264442444, 0.1306532621383667, 0.7022375464439392], [0.44018998742103577, 0.11518324911594391, 0.7130730152130127], [0.4178064465522766, 0.07446808367967606, 0.7060810923576355], [0.4468629062175751, 0.17937219142913818, 0.6714541912078857], [0.5839031338691711, 0.48701298236846924, 0.6652542352676392]], "shift_hold_p_now_after": [[0.6393718719482422, 0.6986607313156128, 0.49814125895500183], [0.6342951655387878, 0.6914414167404175, 0.4981684982776642], [0.5738632082939148, 0.5987260937690735, 0.5146378874778748], [0.5318244695663452, 0.546419084072113, 0.49705880880355835], [0.6401257514953613, 0.724245548248291, 0.43974629044532776]], "shift_hold_p_now_before": [[0.4571897089481354, 0.4492131471633911, 0.4761904776096344], [0.4098864793777466, 0.37577641010284424, 0.4911392331123352], [0.22165793180465698, 0.12110091745853424, 0.4611923396587372], [0.4704400599002838, 0.4752747118473053, 0.4589235186576843], [0.552614688873291, 0.594660222530365, 0.4524590075016022]], "s_pred_p_now": [[0.4623085558414459, 0.16161616146564484, 0.7147766351699829], [0.41643646359443665, 0.07407407462596893, 0.7038916945457458], [0.387395977973938, 0.011111111380159855, 0.70333331823349], [0.43067997694015503, 0.10362694412469864, 0.7052810788154602], [0.51517653465271, 0.3025210201740265, 0.6937269568443298]], "backchannel": [[0.6174061894416809, 0.7449336051940918, 0.44613051414489746], [0.5301918387413025, 0.7334200143814087, 0.25724637508392334], [0.3335493803024292, 0.14008942246437073, 0.5933756232261658], [0.5903069376945496, 0.7009551525115967, 0.4417009651660919], [0.5547546148300171, 0.677395761013031, 0.3900415003299713]], "short_long": [[0.2996002435684204, 0.502439022064209, 0.20000000298023224], [0.34917187690734863, 0.4987277388572693, 0.2757352888584137], [0.6074318289756775, 0.23239436745643616, 0.7915869951248169], [0.4955046772956848, 0.4924471378326416, 0.49700599908828735], [0.575393795967102, 0.28947368264198303, 0.7157894968986511]]}, "roddy_events": {"overlaps_before_p_now": [[0.5763510465621948, 0.6246246099472046, 0.4855967164039612], [0.45727723836898804, 0.4354243576526642, 0.49836066365242004], [0.5329790711402893, 0.54666668176651, 0.5072463750839233], [0.4109463691711426, 0.4137931168079376, 0.4055944085121155], [0.5313150882720947, 0.5687500238418579, 0.4609375]], "overlaps_before_p_future": [[0.4675964415073395, 0.4351145029067993, 0.5286624431610107], [0.3967922627925873, 0.32773110270500183, 0.526627242565155], [0.6225959062576294, 0.6819484233856201, 0.5110132098197937], [0.4877479672431946, 0.5129870176315308, 0.44029849767684937], [0.5695726871490479, 0.6186186075210571, 0.47736626863479614]], "overlaps_after_p_now": [[0.5329346060752869, 0.5594855546951294, 0.4830188751220703], [0.5906702280044556, 0.6129032373428345, 0.548872172832489], [0.6337137818336487, 0.7036011219024658, 0.5023255944252014], [0.4686318635940552, 0.4609929025173187, 0.4829931855201721], [0.525592029094696, 0.5501618385314941, 0.47940075397491455]], "overlaps_after_p_future": [[0.45841139554977417, 0.43283581733703613, 0.5064935088157654], [0.5175737142562866, 0.5106382966041565, 0.5306122303009033], [0.5779472589492798, 0.5913621187210083, 0.5527272820472717], [0.41201841831207275, 0.34854772686958313, 0.5313432812690735], [0.5546180605888367, 0.5867508053779602, 0.4942084848880768]], "overlap_spred_before_p_future": [[0.48868632316589355, 0.43697479367256165, 0.581250011920929], [0.5286985635757446, 0.49802371859550476, 0.5836065411567688], [0.42543166875839233, 0.35652172565460205, 0.5487805008888245], [0.33050280809402466, 0.21359223127365112, 0.5397727489471436], [0.5519713163375854, 0.5519713163375854, 0.5519713163375854]]}, "gap_0": {"gap_0_p_future": [[0.6064900159835815, 0.6607236266136169, 0.4165915250778198], [0.5786225199699402, 0.6257469058036804, 0.41361701488494873], [0.569930374622345, 0.6077659130096436, 0.43744954466819763], [0.5285817980766296, 0.5714285969734192, 0.37855401635169983], [0.6780564188957214, 0.7573358416557312, 0.40046030282974243]], "gap_0_p_now": [[0.626265823841095, 0.6805194616317749, 0.4362969696521759], [0.4220047891139984, 0.4249180257320404, 0.4118041694164276], [0.34856560826301575, 0.3365651071071625, 0.3905852437019348], [0.5134345889091492, 0.5472463965415955, 0.3950425982475281], [0.6569129228591919, 0.7349454760551453, 0.3836824595928192]], "s_pred_p_now": [[0.7331266403198242, 0.6720977425575256, 0.7850467562675476], [0.4625789523124695, 0.16507937014102936, 0.7156756520271301], [0.38551831245422363, 0.013888888992369175, 0.7016806602478027], [0.5484201908111572, 0.3323943614959717, 0.7322033643722534], [0.5709079504013062, 0.3896103799343109, 0.7251461744308472]], "s_pred_p_future": [[0.5886605978012085, 0.41943734884262085, 0.7326266169548035], [0.46555203199386597, 0.1666666716337204, 0.7198275923728943], [0.6050883531570435, 0.4375, 0.7476635575294495], [0.4890267848968506, 0.24649859964847565, 0.6953567266464233], [0.6201891899108887, 0.4988662004470825, 0.7234042286872864]], "superset_p_future": [[0.5923651456832886, 0.641756534576416, 0.40460947155952454], [0.5994864106178284, 0.6522399187088013, 0.39895012974739075], [0.5859179496765137, 0.6296296119689941, 0.4197530746459961], [0.49036532640457153, 0.5219966173171997, 0.37012264132499695], [0.6946924328804016, 0.7737033367156982, 0.39434128999710083]]}, "fast_shift": {}, "slow_shift": {}, "short_long": {}}, "bal_Accs": {"ekstedt_events": {"shift_hold_p_future_after": [0.5608070240986363, 0.5623201942835793, 0.5980524939286381, 0.5171866243228096, 0.6213011395479171], "shift_hold_p_future_before": [0.5349196712124042, 0.5645665981692509, 0.5365776200261536, 0.5097328600784607, 0.5788156174107977], "s_pred_p_future": [0.5176489294042824, 0.5261818952724189, 0.5125874496502014, 0.4972175111299555, 0.5809571761712953], "shift_hold_p_now_after": [0.5946245096207734, 0.6242060526807398, 0.5639220997571455, 0.5811974593685784, 0.6023211283392491], "shift_hold_p_now_before": [0.5538202876891463, 0.5123482159536709, 0.5025920044834672, 0.5059732860078461, 0.5621287128712871], "s_pred_p_now": [0.5355098579605682, 0.5102289590841637, 0.5004504981980071, 0.5312433750264999, 0.5445198219207124], "backchannel": [0.6755017705143849, 0.5633099261100339, 0.49959199562798984, 0.5826901337805162, 0.5828960075462093], "short_long": [0.5033222761430882, 0.5033632286995515, 0.5612035956344574, 0.5177734095050883, 0.49991809488707334]}, "roddy_events": {"overlaps_before_p_now": [0.5141489361702127, 0.5435106382978723, 0.500531914893617, 0.45882978723404255, 0.5070212765957447], "overlaps_before_p_future": [0.5554255319148936, 0.516595744680851, 0.5413829787234042, 0.5145744680851063, 0.5345744680851063], "overlaps_after_p_now": [0.5702127659574469, 0.5935106382978723, 0.6077659574468085, 0.531595744680851, 0.5335106382978723], "overlaps_after_p_future": [0.5514893617021277, 0.5435106382978723, 0.5501063829787234, 0.5338297872340425, 0.543936170212766], "overlap_spred_before_p_future": [0.5095530726256983, 0.49837988826815643, 0.5095530726256983, 0.5364525139664804, 0.6000837988826816]}, "gap_0": {"gap_0_p_future": [0.5490094285605222, 0.5308992123780076, 0.6067603160667252, 0.529178913616063, 0.6063073379903552],