{"f1_score": {"ekstedt_events": {"shift_hold_p_future_after": [[0.6785272359848022, 0.7438370585441589, 0.5229541063308716], [0.6549592018127441, 0.7276595830917358, 0.48178136348724365], [0.6873854398727417, 0.7394209504127502, 0.5634328126907349], [0.5253907442092896, 0.5501285195350647, 0.4664634168148041], [0.6882727146148682, 0.7663934230804443, 0.5021833777427673]], "shift_hold_p_future_before": [[0.614391565322876, 0.6627771258354187, 0.499133437871933], [0.5316697359085083, 0.5548387169837952, 0.47647950053215027], [0.5796318054199219, 0.6015424132347107, 0.5274389982223511], [0.5705083012580872, 0.6307339668273926, 0.4270462691783905], [0.6642102599143982, 0.7701261043548584, 0.41191068291664124]], "s_pred_p_future": [[0.5791615843772888, 0.39834025502204895, 0.730983316898346], [0.5318871736526489, 0.3097345232963562, 0.7184115648269653], [0.47197261452674866, 0.1734693944454193, 0.7226027250289917], [0.5486479997634888, 0.3895131051540375, 0.6822612285614014], [0.6467700004577637, 0.625, 0.6650485396385193]], "shift_hold_p_now_after": [[0.7035799026489258, 0.773858904838562, 0.5361701846122742], [0.671332061290741, 0.7398720979690552, 0.5080645084381104], [0.6298130750656128, 0.6698450446128845, 0.534453809261322], [0.6129886507987976, 0.6604215502738953, 0.5], [0.6980091333389282, 0.7914230227470398, 0.47549018263816833]], "shift_hold_p_now_before": [[0.5754618644714355, 0.6157575845718384, 0.4794745445251465], [0.4848342537879944, 0.4861111044883728, 0.48179271817207336], [0.26827651262283325, 0.1818181872367859, 0.47422680258750916], [0.5563844442367554, 0.5968331098556519, 0.4600326120853424], [0.6259918212890625, 0.6964091658592224, 0.4582524299621582]], "s_pred_p_now": [[0.6320569515228271, 0.4881889820098877, 0.7528517246246338], [0.5272947549819946, 0.2830188572406769, 0.7323943376541138], [0.38286054134368896, 0.0, 0.7043189406394958], [0.5640057325363159, 0.3636363744735718, 0.7322404384613037], [0.670400857925415, 0.6012658476829529, 0.7284482717514038]], "backchannel": [[0.7086191773414612, 0.7634069323539734, 0.6350364685058594], [0.5918511152267456, 0.7379972338676453, 0.3955696225166321], [0.33762237429618835, 0.1458333283662796, 0.5952045321464539], [0.6402157545089722, 0.7119438052177429, 0.543881356716156], [0.6125853061676025, 0.6710203886032104, 0.53410404920578]], "short_long": [[0.4924624562263489, 0.5472221970558167, 0.4655737578868866], [0.45968860387802124, 0.5220994353294373, 0.42904290556907654], [0.5891921520233154, 0.18772563338279724, 0.7863247990608215], [0.5615137815475464, 0.4809688627719879, 0.6010638475418091], [0.5769145488739014, 0.20645160973072052, 0.7588235139846802]]}, "roddy_events": {"overlaps_before_p_now": [[0.6011553406715393, 0.6933333277702332, 0.42786070704460144], [0.5405474901199341, 0.556291401386261, 0.510948896408081], [0.552351713180542, 0.5950919985771179, 0.47200000286102295], [0.5559311509132385, 0.6112759709358215, 0.45188283920288086], [0.621766209602356, 0.7249357104301453, 0.427807480096817]], "overlaps_before_p_future": [[0.6233767867088318, 0.6381579041481018, 0.595588207244873], [0.4880911111831665, 0.46037736535072327, 0.5401929020881653], [0.5869061946868896, 0.6610644459724426, 0.44748857617378235], [0.5959668755531311, 0.6550724506378174, 0.4848484992980957], [0.6163487434387207, 0.7244898080825806, 0.41304346919059753]], "overlaps_after_p_now": [[0.6128214597702026, 0.6705202460289001, 0.5043478012084961], [0.5826113224029541, 0.6191950440406799, 0.5138339996337891], [0.6097798347473145, 0.6954177618026733, 0.44878047704696655], [0.5202244520187378, 0.5523809790611267, 0.4597701132297516], [0.636866569519043, 0.7071823477745056, 0.5046728849411011]], "overlaps_after_p_future": [[0.6253982782363892, 0.6354514956474304, 0.6064981818199158], [0.5979182720184326, 0.6217948794364929, 0.5530303120613098], [0.5704108476638794, 0.5819398164749146, 0.5487364530563354], [0.5292181968688965, 0.5179855823516846, 0.5503355860710144], [0.6505696773529053, 0.7182320356369019, 0.5233644843101501]], "overlap_spred_before_p_future": [[0.665812075138092, 0.6736111044883728, 0.6518518328666687], [0.6218781471252441, 0.6267605423927307, 0.6131386756896973], [0.5785294771194458, 0.5593869686126709, 0.6127946376800537], [0.49631786346435547, 0.4453781545162201, 0.5874999761581421], [0.68037348985672, 0.7200000286102295, 0.6094420552253723]]}, "gap_0": {"gap_0_p_future": [[0.6708621978759766, 0.7368420958518982, 0.43983402848243713], [0.6295751333236694, 0.6912955641746521, 0.4134615361690521], [0.642890989780426, 0.6879659295082092, 0.48506152629852295], [0.6180410385131836, 0.6815189719200134, 0.3957732915878296], [0.7334883213043213, 0.8238341808319092, 0.4171428680419922]], "gap_0_p_now": [[0.7062717080116272, 0.7775700688362122, 0.456620991230011], [0.5213210582733154, 0.5493207573890686, 0.42328041791915894], [0.4363182485103607, 0.4406779706478119, 0.42105263471603394], [0.593343198299408, 0.646934449672699, 0.4056939482688904], [0.7203555703163147, 0.8118466734886169, 0.4000000059604645]], "s_pred_p_now": [[0.7767019867897034, 0.75, 0.7994186282157898], [0.5554249286651611, 0.3352601230144501, 0.7427293062210083], [0.3898456394672394, 0.02083333395421505, 0.7037814855575562], [0.6577341556549072, 0.5346062183380127, 0.7624847888946533], [0.7196731567382812, 0.6499999761581421, 0.7789473533630371]], "s_pred_p_future": [[0.6770336627960205, 0.5897436141967773, 0.7512953281402588], [0.4956653118133545, 0.2373887300491333, 0.7153931260108948], [0.6344165205955505, 0.48469388484954834, 0.7617924809455872], [0.5783119797706604, 0.42583730816841125, 0.7080292105674744], [0.7016974091529846, 0.6527514457702637, 0.7433379888534546]], "superset_p_future": [[0.6705682277679443, 0.7317939400672913, 0.4378257691860199], [0.649175226688385, 0.7144886255264282, 0.4008941948413849], [0.6557190418243408, 0.7054871320724487, 0.4665314257144928], [0.5939989686012268, 0.6485055088996887, 0.3867986798286438], [0.7522233724594116, 0.8430656790733337, 0.40689656138420105]]}, "fast_shift": {}, "slow_shift": {}, "short_long": {}}, "bal_Accs": {"ekstedt_events": {"shift_hold_p_future_after": [0.6069960769661872, 0.5922006351578555, 0.6135157855408182, 0.5510274612366897, 0.6502802167009154], "shift_hold_p_future_before": [0.5913880067252009, 0.57208574631048, 0.5620866803661498, 0.5388567158602653, 0.6059032318326172], "s_pred_p_future": [0.5994541021835913, 0.5676542293830824, 0.5453943184227262, 0.5588032647869409, 0.6461469154123384], "shift_hold_p_now_after": [0.6577900242854473, 0.635741640201756, 0.5750467027834859, 0.6102652718101998, 0.6383756771903606], "shift_hold_p_now_before": [0.5834111713058099, 0.5268214085559499, 0.5055623015131702, 0.5303801606575752, 0.5866243228096395], "s_pred_p_now": [0.6411384354462583, 0.5748357006571974, 0.5, 0.6031640873436506, 0.665438838244647], "backchannel": [0.6884175419421008, 0.5990683276312538, 0.4998783473202722, 0.6310667255590409, 0.5823831947116644], "short_long": [0.5178962671744783, 0.5089686098654709, 0.5438960214591396, 0.5243360566783382, 0.5257438008067653]}, "roddy_events": {"overlaps_before_p_now": [0.5481914893617021, 0.5085106382978724, 0.5214893617021277, 0.5275531914893616, 0.5582978723404255], "overlaps_before_p_future": [0.5969148936170212, 0.5069148936170212, 0.5670212765957447, 0.5391489361702128, 0.6075531914893617], "overlaps_after_p_now": [0.6140425531914894, 0.591063829787234, 0.5730851063829787, 0.554468085106383, 0.6125531914893617], "overlaps_after_p_future": [0.578404255319149, 0.5447872340425532, 0.5630851063829787, 0.5823404255319149, 0.6432978723404255], "overlap_spred_before_p_future": [0.591145251396648, 0.5352793296089385, 0.5151396648044693, 0.6180446927374301, 0.6818156424581006]}, "gap_0": {"gap_0_p_future": [0.5937550101156621, 0.5451692941939916, 0.6540812561234747, 0.5605018386329224, 0.651474087363693], "gap_0_p_now": [0.6263554351007112, 0.5831074805003118, 0.507032611876678, 0.5430405517171177, 0.6395414233181916],