{"f1_score": {"ekstedt_events": {"shift_hold_p_future_after": [[0.7818771004676819, 0.861940324306488, 0.591160237789154], [0.7504822015762329, 0.8506374955177307, 0.511904776096344], [0.7792696952819824, 0.8414755463600159, 0.6310904622077942], [0.7550682425498962, 0.8380952477455139, 0.5572916865348816], [0.7632238268852234, 0.8529139757156372, 0.5495750904083252]], "shift_hold_p_future_before": [[0.75726717710495, 0.849213719367981, 0.5382436513900757], [0.738740086555481, 0.8316086530685425, 0.5175201892852783], [0.7256793975830078, 0.7811158895492554, 0.5936254858970642], [0.7204437255859375, 0.8337874412536621, 0.45045045018196106], [0.7177813649177551, 0.8419182896614075, 0.4220779240131378]], "s_pred_p_future": [[0.7919156551361084, 0.7959697842597961, 0.7885117530822754], [0.72453773021698, 0.7344912886619568, 0.7161803841590881], [0.6524938941001892, 0.5176470875740051, 0.7657142877578735], [0.68186354637146, 0.7231121063232422, 0.647230327129364], [0.6981433033943176, 0.7356321811676025, 0.6666666865348816]], "shift_hold_p_now_after": [[0.7432301044464111, 0.8533094525337219, 0.4810126721858978], [0.7470436096191406, 0.8458715677261353, 0.5116279125213623], [0.7601397633552551, 0.8271728157997131, 0.6004619002342224], [0.7412106990814209, 0.8372092843055725, 0.5125347971916199], [0.698763370513916, 0.8455564975738525, 0.34909090399742126]], "shift_hold_p_now_before": [[0.7344919443130493, 0.8371664881706238, 0.48991355299949646], [0.7274341583251953, 0.8201712369918823, 0.5065274238586426], [0.5042591691017151, 0.5014084577560425, 0.511049747467041], [0.6923697590827942, 0.8146118521690369, 0.4011799395084381], [0.7105400562286377, 0.833034098148346, 0.41874998807907104]], "s_pred_p_now": [[0.7834805846214294, 0.7931034564971924, 0.7754010558128357], [0.7612327337265015, 0.7645569443702698, 0.7584415674209595], [0.4272780120372772, 0.08602150529623032, 0.7138047218322754], [0.718916654586792, 0.7321867346763611, 0.707774817943573], [0.7115901708602905, 0.7363420724868774, 0.6908078193664551]], "backchannel": [[0.7404645085334778, 0.727642297744751, 0.7576853632926941], [0.7489475011825562, 0.7471042275428772, 0.7514231204986572], [0.5362164974212646, 0.45073890686035156, 0.6510171890258789], [0.7018624544143677, 0.7045454382896423, 0.698259174823761], [0.7182726263999939, 0.7361853718757629, 0.6942148804664612]], "short_long": [[0.6738005876541138, 0.4395604431629181, 0.7888198494911194], [0.6217327117919922, 0.29392972588539124, 0.7826942205429077], [0.6019682884216309, 0.23648647964000702, 0.7814313173294067], [0.6039660573005676, 0.31284916400909424, 0.7469135522842407], [0.5958555340766907, 0.19708029925823212, 0.7916666865348816]]}, "roddy_events": {"overlaps_before_p_now": [[0.586396336555481, 0.7858719825744629, 0.21138212084770203], [0.6252551674842834, 0.7688679099082947, 0.3552631437778473], [0.6279630661010742, 0.7717646956443787, 0.3576158881187439], [0.6234568357467651, 0.7777777910232544, 0.3333333432674408], [0.6046031713485718, 0.7911111116409302, 0.2539682686328888]], "overlaps_before_p_future": [[0.6773265600204468, 0.7843137383460999, 0.4761904776096344], [0.7359943985939026, 0.8235294222831726, 0.5714285969734192], [0.6709401607513428, 0.7884615659713745, 0.44999998807907104], [0.6626800298690796, 0.8009259104728699, 0.4027777910232544], [0.6903495788574219, 0.8246013522148132, 0.43795621395111084]], "overlaps_after_p_now": [[0.5988284349441528, 0.7755101919174194, 0.2666666805744171], [0.6497229337692261, 0.7944572567939758, 0.3776223659515381], [0.6103659868240356, 0.7713626027107239, 0.3076923191547394], [0.6418929100036621, 0.7732697129249573, 0.3949044644832611], [0.6309378147125244, 0.7972972989082336, 0.3181818127632141]], "overlaps_after_p_future": [[0.7188257575035095, 0.8050000071525574, 0.5568181872367859], [0.7444956302642822, 0.8457943797111511, 0.5540540814399719], [0.6781708598136902, 0.7506702542304993, 0.5418719053268433], [0.7290998697280884, 0.8129675984382629, 0.5714285969734192], [0.7093815207481384, 0.8207547068595886, 0.5]], "overlap_spred_before_p_future": [[0.7676534652709961, 0.8500000238418579, 0.6202531456947327], [0.7599085569381714, 0.8450000286102295, 0.607594907283783], [0.7188489437103271, 0.7560975551605225, 0.6521739363670349], [0.7827600836753845, 0.8435013294219971, 0.6740331649780273], [0.7926895022392273, 0.8526315689086914, 0.6853932738304138]]}, "gap_0": {"gap_0_p_future": [[0.8122485280036926, 0.8953535556793213, 0.5212569236755371], [0.7965130805969238, 0.8840048909187317, 0.4901610016822815], [0.7828032970428467, 0.8410958647727966, 0.5786924958229065], [0.7968433499336243, 0.8839103579521179, 0.49197861552238464], [0.7997843027114868, 0.8908507227897644, 0.48091602325439453]], "gap_0_p_now": [[0.7813395857810974, 0.886956512928009, 0.41152262687683105], [0.8006662726402283, 0.875998318195343, 0.5368916988372803], [0.7097734808921814, 0.7649088501930237, 0.5167173147201538], [0.7836612462997437, 0.8766788840293884, 0.4579606354236603], [0.7769426703453064, 0.8893234133720398, 0.3834422528743744]], "s_pred_p_now": [[0.7911337614059448, 0.814598560333252, 0.7711711525917053], [0.8776035308837891, 0.8707482814788818, 0.8834356069564819], [0.5293581485748291, 0.28656715154647827, 0.7359116077423096], [0.8403013944625854, 0.8405796885490417, 0.8400646448135376], [0.8194789290428162, 0.8175895810127258, 0.8210862874984741]], "s_pred_p_future": [[0.821470320224762, 0.8307692408561707, 0.8135592937469482], [0.8195692300796509, 0.8157894611358643, 0.8227847814559937], [0.8352415561676025, 0.807619035243988, 0.858741283416748], [0.7666672468185425, 0.7763975262641907, 0.7583892345428467], [0.7948036193847656, 0.7987321615219116, 0.7914614081382751]], "superset_p_future": [[0.8198302984237671, 0.8990398645401001, 0.5187239646911621], [0.7986063957214355, 0.8895953893661499, 0.45272207260131836], [0.7849258780479431, 0.8477842211723328, 0.545976996421814], [0.8013569116592407, 0.8837072253227234, 0.48831167817115784], [0.8080382943153381, 0.9007676839828491, 0.45553821325302124]]}, "fast_shift": {}, "slow_shift": {}, "short_long": {}}, "bal_Accs": {"ekstedt_events": {"shift_hold_p_future_after": [0.7471324490939659, 0.7349943956659817, 0.723304688959462, 0.7305669717915189, 0.7205538950121427], "shift_hold_p_future_before": [0.7094853353259855, 0.676354380721091, 0.6615963011395479, 0.6734401270315711, 0.6890481972725575], "s_pred_p_future": [0.7999523001907992, 0.734126563493746, 0.6594498622005511, 0.7056126775492898, 0.7206646173415306], "shift_hold_p_now_after": [0.6917289370446479, 0.7221558004857089, 0.694447039043527, 0.6937091350644499, 0.6685550158789464], "shift_hold_p_now_before": [0.6581543059966374, 0.6966700915374556, 0.5311600971417897, 0.6591117130580983, 0.6495656641135812], "s_pred_p_now": [0.7942283230867077, 0.7684969260122959, 0.5224719101123596, 0.7377305490778037, 0.7278460886156455], "backchannel": [0.7118983807092538, 0.764602064726712, 0.512137194277458, 0.7178275451612179, 0.6629060392133377], "short_long": [0.6808362512029813, 0.5760028257263959, 0.5634867006572886, 0.566363617748838, 0.5600466859143682]}, "roddy_events": {"overlaps_before_p_now": [0.5732978723404255, 0.6207446808510639, 0.507127659574468, 0.5423404255319149, 0.5825531914893617], "overlaps_before_p_future": [0.6389361702127659, 0.7276595744680852, 0.6226595744680852, 0.6571276595744682, 0.6548936170212766], "overlaps_after_p_now": [0.5936170212765958, 0.607872340425532, 0.5541489361702128, 0.5909574468085106, 0.6191489361702127], "overlaps_after_p_future": [0.7223404255319148, 0.7475531914893617, 0.6384042553191489, 0.7032978723404255, 0.742872340425532], "overlap_spred_before_p_future": [0.7979608938547487, 0.7843016759776535, 0.5929050279329608, 0.7491340782122905, 0.7575139664804469]}, "gap_0": {"gap_0_p_future": [0.7452430939929509, 0.7347966052092478, 0.7469812064994719, 0.7121909633418585, 0.7303100863966612],