{"f1_score": {"ekstedt_events": {"shift_hold_p_future_after": [[0.6311858892440796, 0.6933333277702332, 0.483146071434021], [0.6265203356742859, 0.6796338558197021, 0.5], [0.6465376615524292, 0.6950517892837524, 0.5309734344482422], [0.4519093632698059, 0.44252872467041016, 0.4742547571659088], [0.6580625772476196, 0.7286324501037598, 0.48995983600616455]], "shift_hold_p_future_before": [[0.4998963475227356, 0.5233160853385925, 0.4441087543964386], [0.47779589891433716, 0.4730878174304962, 0.4890109896659851], [0.5218842625617981, 0.5335120558738708, 0.49418604373931885], [0.5099501013755798, 0.5341935753822327, 0.4522002935409546], [0.6361539363861084, 0.7244582176208496, 0.42580646276474]], "s_pred_p_future": [[0.44136062264442444, 0.1306532621383667, 0.7022375464439392], [0.42977505922317505, 0.095238097012043, 0.710659921169281], [0.4096956253051758, 0.054347824305295944, 0.708053708076477], [0.5005801320075989, 0.269565224647522, 0.6945454478263855], [0.6111239194869995, 0.5329153537750244, 0.6767895817756653]], "shift_hold_p_now_after": [[0.6404941082000732, 0.7014428377151489, 0.4953095614910126], [0.6422474384307861, 0.6988763809204102, 0.5073529481887817], [0.5657632946968079, 0.5876288414001465, 0.5136778354644775], [0.5551093816757202, 0.5747724175453186, 0.5082706809043884], [0.6727444529533386, 0.7558733224868774, 0.47472527623176575]], "shift_hold_p_now_before": [[0.4448518753051758, 0.43714284896850586, 0.46321526169776917], [0.39412522315979004, 0.35680750012397766, 0.4830188751220703], [0.19994530081748962, 0.09005628526210785, 0.461709201335907], [0.49471262097358704, 0.5027173757553101, 0.47564470767974854], [0.5899964570999146, 0.636686384677887, 0.47877758741378784]], "s_pred_p_now": [[0.453946977853775, 0.14358974993228912, 0.7145299315452576], [0.40838125348091125, 0.054054055362939835, 0.7058823704719543], [0.38286054134368896, 0.0, 0.7043189406394958], [0.42552000284194946, 0.09375, 0.704081654548645], [0.5457465648651123, 0.3802281320095062, 0.6847195625305176]], "backchannel": [[0.6126676201820374, 0.7453157305717468, 0.4345146417617798], [0.5291186571121216, 0.7305936217308044, 0.25852781534194946], [0.3221698999404907, 0.12740740180015564, 0.5837455987930298], [0.6019092798233032, 0.7172812819480896, 0.446958988904953], [0.579398512840271, 0.6869888305664062, 0.43489933013916016]], "short_long": [[0.30646687746047974, 0.507317066192627, 0.2078431397676468], [0.35908299684524536, 0.5063613057136536, 0.2867647111415863], [0.5745856165885925, 0.15884476900100708, 0.7787274718284607], [0.4995875060558319, 0.5096296072006226, 0.494656503200531], [0.5805436968803406, 0.3084833025932312, 0.7141339182853699]]}, "roddy_events": {"overlaps_before_p_now": [[0.5556682348251343, 0.6158357858657837, 0.44255319237709045], [0.4430884122848511, 0.4206642210483551, 0.4852459132671356], [0.5184657573699951, 0.5302013158798218, 0.49640288949012756], [0.4548044800758362, 0.4871794879436493, 0.39393940567970276], [0.5524920225143433, 0.6094674468040466, 0.4453781545162201]], "overlaps_before_p_future": [[0.4884531795978546, 0.46666666865348816, 0.529411792755127], [0.3783292770385742, 0.30042919516563416, 0.524781346321106], [0.6347021460533142, 0.7002801299095154, 0.5114155411720276], [0.5182490944862366, 0.5617284178733826, 0.4365079402923584], [0.5895866751670837, 0.6451612710952759, 0.48510637879371643]], "overlaps_after_p_now": [[0.5345582962036133, 0.5705329179763794, 0.46692606806755066], [0.5334069728851318, 0.5623003244400024, 0.4790874421596527], [0.6427739262580872, 0.7253333330154419, 0.4875621795654297], [0.4994024634361267, 0.5165562629699707, 0.46715328097343445], [0.5546180605888367, 0.5867508053779602, 0.4942084848880768]], "overlaps_after_p_future": [[0.49275362491607666, 0.47826087474823, 0.5199999809265137], [0.502375602722168, 0.4928571283817291, 0.5202702879905701], [0.5717176795005798, 0.5874587297439575, 0.5421245694160461], [0.44283491373062134, 0.4000000059604645, 0.5233644843101501], [0.5646435618400574, 0.594936728477478, 0.5076923370361328]], "overlap_spred_before_p_future": [[0.5272971391677856, 0.5, 0.5761589407920837], [0.530017614364624, 0.4959999918937683, 0.5909090638160706], [0.4428970217704773, 0.38655462861061096, 0.543749988079071], [0.39161431789398193, 0.29767441749572754, 0.5597667694091797], [0.6089290976524353, 0.6180555820465088, 0.5925925970077515]]}, "gap_0": {"gap_0_p_future": [[0.5918477177619934, 0.647769033908844, 0.39603960514068604], [0.5669000148773193, 0.6112334728240967, 0.4116666615009308], [0.5860795378684998, 0.627212405204773, 0.4420529901981354], [0.5412037968635559, 0.5850945711135864, 0.38752052187919617], [0.6740809082984924, 0.7549976706504822, 0.390751451253891]], "gap_0_p_now": [[0.6356345415115356, 0.6926229596138, 0.43609023094177246], [0.4150278866291046, 0.4171052575111389, 0.40775400400161743], [0.35613834857940674, 0.3457300364971161, 0.39258313179016113], [0.5335969924926758, 0.5674740672111511, 0.4149765968322754], [0.6605158448219299, 0.7338129281997681, 0.40386679768562317]], "s_pred_p_now": [[0.7319201231002808, 0.6720647811889648, 0.7828418016433716], [0.45635509490966797, 0.15335462987422943, 0.7141315937042236], [0.3862766921520233, 0.013937282375991344, 0.7030430436134338], [0.5663325190544128, 0.3621169924736023, 0.7400680780410767], [0.5963769555091858, 0.4422604441642761, 0.727491021156311]], "s_pred_p_future": [[0.5766741037368774, 0.41191068291664124, 0.7168458700180054], [0.42266300320625305, 0.08666666597127914, 0.7085106372833252], [0.5751801133155823, 0.3814713954925537, 0.7399770617485046], [0.49098822474479675, 0.2541436553001404, 0.6924828886985779], [0.6187310218811035, 0.501118540763855, 0.7187893986701965]], "superset_p_future": [[0.5838823318481445, 0.6337321400642395, 0.3943841755390167], [0.601098358631134, 0.6529680490493774, 0.40392157435417175], [0.5915992259979248, 0.6357927918434143, 0.42360249161720276], [0.5027499198913574, 0.537176251411438, 0.3718820810317993], [0.6981549263000488, 0.7801371812820435, 0.38650867342948914]]}, "fast_shift": {}, "slow_shift": {}, "short_long": {}}, "bal_Accs": {"ekstedt_events": {"shift_hold_p_future_after": [0.5565570708014198, 0.5553895012142723, 0.5864048197272558, 0.5292125910704277, 0.6330375490379226], "shift_hold_p_future_before": [0.5420838781991406, 0.5535307304315338, 0.5456332897440688, 0.5211470203624136, 0.6095086867177284], "s_pred_p_future": [0.5176489294042824, 0.520563917744329, 0.5116864532541869, 0.5375503497986008, 0.606688573245707], "shift_hold_p_now_after": [0.6046702783485896, 0.6175088735288623, 0.563165514664674, 0.5867597608817485, 0.6314122921726135], "shift_hold_p_now_before": [0.553208481225481, 0.5101345040164393, 0.502970297029703, 0.5209695497851672, 0.5762236129273305], "s_pred_p_now": [0.532250370998516, 0.5093279626881493, 0.5, 0.5392198431206275, 0.5579022683909265], "backchannel": [0.6657227666439582, 0.5543899773164542, 0.5018341480943576, 0.5879361716463163, 0.5503417504510507], "short_long": [0.4988379712103528, 0.5022421524663677, 0.5267932100661383, 0.5110059995495219, 0.5044023998198087]}, "roddy_events": {"overlaps_before_p_now": [0.4721276595744681, 0.5102127659574468, 0.5108510638297873, 0.4990425531914894, 0.5175531914893616], "overlaps_before_p_future": [0.5280851063829787, 0.5059574468085106, 0.5254255319148936, 0.5298936170212766, 0.5518085106382978], "overlaps_after_p_now": [0.5469148936170213, 0.5841489361702128, 0.6067021276595745, 0.5202127659574468, 0.554468085106383], "overlaps_after_p_future": [0.5285106382978724, 0.5381914893617021, 0.5447872340425532, 0.5371276595744681, 0.5802127659574468], "overlap_spred_before_p_future": [0.5151396648044693, 0.49837988826815643, 0.49558659217877093, 0.5693854748603352, 0.6486033519553073]}, "gap_0": {"gap_0_p_future": [0.5492219210851116, 0.5255741751600056, 0.6029239989311753, 0.5242775890369126, 0.6103548752401675],