{"f1_score": {"ekstedt_events": {"shift_hold_p_future_after": [[0.8259473443031311, 0.888262927532196, 0.6775068044662476], [0.8068910837173462, 0.8872858285903931, 0.6153846383094788], [0.8217478394508362, 0.8853383660316467, 0.6702702641487122], [0.8302543759346008, 0.8854668140411377, 0.6987341642379761], [0.8028682470321655, 0.8765088319778442, 0.6274510025978088]], "shift_hold_p_future_before": [[0.8028682470321655, 0.8765088319778442, 0.6274510025978088], [0.8004419803619385, 0.8726591467857361, 0.6284152865409851], [0.8036598563194275, 0.8667953610420227, 0.6532663106918335], [0.7817979454994202, 0.8653136491775513, 0.5828571319580078], [0.7502536773681641, 0.856630802154541, 0.49685534834861755]], "s_pred_p_future": [[0.841092586517334, 0.8402062058448792, 0.8418367505073547], [0.8129990100860596, 0.8103896379470825, 0.8151898980140686], [0.8256410360336304, 0.8089887499809265, 0.8396226167678833], [0.778511643409729, 0.7871286869049072, 0.771276593208313], [0.8044202327728271, 0.8109452724456787, 0.7989417910575867]], "shift_hold_p_now_after": [[0.7856458425521851, 0.8699633479118347, 0.5847952961921692], [0.8000245094299316, 0.8824593424797058, 0.6036585569381714], [0.8235346674919128, 0.8878504633903503, 0.6703296899795532], [0.8083957433700562, 0.876995325088501, 0.6449864506721497], [0.7255074977874756, 0.8556521534919739, 0.4154929518699646]], "shift_hold_p_now_before": [[0.7428510189056396, 0.8429751992225647, 0.5043478012084961], [0.7590482234954834, 0.8547945022583008, 0.5309734344482422], [0.7582144737243652, 0.8292201161384583, 0.589073657989502], [0.7373865842819214, 0.8481581211090088, 0.4735202491283417], [0.7358269095420837, 0.8458070158958435, 0.4738461673259735]], "s_pred_p_now": [[0.8408666849136353, 0.8426395654678345, 0.8393782377243042], [0.8122109174728394, 0.8179551362991333, 0.8073878884315491], [0.7840510010719299, 0.7337662577629089, 0.8262711763381958], [0.8050359487533569, 0.8061224222183228, 0.8041236996650696], [0.7695727348327637, 0.7855421900749207, 0.7561643719673157]], "backchannel": [[0.7018007040023804, 0.6765957474708557, 0.7356521487236023], [0.7797586917877197, 0.7743842601776123, 0.7869767546653748], [0.7411153316497803, 0.7575757503509521, 0.7190082669258118], [0.7172185182571411, 0.7202268242835999, 0.713178277015686], [0.7268383502960205, 0.7444345355033875, 0.7032057642936707]], "short_long": [[0.6320268511772156, 0.3164556920528412, 0.7869822382926941], [0.5991649627685547, 0.19475655257701874, 0.7977422475814819], [0.5642585754394531, 0.32710281014442444, 0.6807095408439636], [0.6120298504829407, 0.31908831000328064, 0.7558733224868774], [0.5645114183425903, 0.11538461595773697, 0.7850467562675476]]}, "roddy_events": {"overlaps_before_p_now": [[0.5442623496055603, 0.7854077219963074, 0.09090909361839294], [0.5544803142547607, 0.7772925496101379, 0.1355932205915451], [0.5961905121803284, 0.7866666913032532, 0.2380952388048172], [0.5824847221374512, 0.7868131995201111, 0.19834710657596588], [0.5604007840156555, 0.7913978695869446, 0.12612612545490265]], "overlaps_before_p_future": [[0.6864379644393921, 0.8066037893295288, 0.46052631735801697], [0.6787901520729065, 0.801886796951294, 0.44736841320991516], [0.6705246567726135, 0.8055555820465088, 0.4166666567325592], [0.673856794834137, 0.8119266033172607, 0.41428571939468384], [0.6414000988006592, 0.8080357313156128, 0.328125]], "overlaps_after_p_now": [[0.5877777338027954, 0.7822222113609314, 0.2222222238779068], [0.5566216111183167, 0.7799564003944397, 0.1367521435022354], [0.5972561836242676, 0.7829977869987488, 0.24806201457977295], [0.6124777793884277, 0.7818182110786438, 0.29411765933036804], [0.5917407274246216, 0.7973856329917908, 0.20512820780277252]], "overlaps_after_p_future": [[0.7128193974494934, 0.8144578337669373, 0.52173912525177], [0.6830977201461792, 0.8303571343421936, 0.40625], [0.7038703560829163, 0.8058252334594727, 0.5121951103210449], [0.7488034963607788, 0.8393285274505615, 0.5786163806915283], [0.6826894879341125, 0.8235294222831726, 0.41791045665740967]], "overlap_spred_before_p_future": [[0.7480462193489075, 0.8467153310775757, 0.5714285969734192], [0.7030988335609436, 0.8203883767127991, 0.4931506812572479], [0.7803272604942322, 0.8459529876708984, 0.6628571152687073], [0.7686981558799744, 0.8385416865348816, 0.6436781883239746], [0.782733678817749, 0.8497409224510193, 0.6627907156944275]]}, "gap_0": {"gap_0_p_future": [[0.8458011150360107, 0.9132901430130005, 0.6094890236854553], [0.8371785283088684, 0.9090173840522766, 0.5856353640556335], [0.8581728935241699, 0.9102455377578735, 0.6758409738540649], [0.8397984504699707, 0.9076797366142273, 0.6021126508712769], [0.8253848552703857, 0.9049338102340698, 0.5468451380729675]], "gap_0_p_now": [[0.7976115345954895, 0.8952155113220215, 0.4558521509170532], [0.8273105621337891, 0.9002453088760376, 0.5719298124313354], [0.8432985544204712, 0.9045435786247253, 0.6288492679595947], [0.8162766695022583, 0.8978602886199951, 0.5306122303009033], [0.7837095260620117, 0.8969790935516357, 0.3870967626571655]], "s_pred_p_now": [[0.8752632141113281, 0.8802488446235657, 0.8710217475891113], [0.9194508194923401, 0.9140893220901489, 0.9240121841430664], [0.849252462387085, 0.8210116624832153, 0.8732782602310181], [0.8904184103012085, 0.8888888955116272, 0.8917197585105896], [0.8936995267868042, 0.8873720169067383, 0.8990825414657593]], "s_pred_p_future": [[0.8570067882537842, 0.8654434084892273, 0.849829375743866], [0.8615158200263977, 0.8557047247886658, 0.8664596080780029], [0.854989767074585, 0.8524590134620667, 0.8571428656578064], [0.8593212366104126, 0.8629921078681946, 0.8561983704566956], [0.856647789478302, 0.8528925776481628, 0.8598425388336182]], "superset_p_future": [[0.8454227447509766, 0.9149305820465088, 0.5811966061592102], [0.8283776044845581, 0.9101284146308899, 0.517611026763916], [0.8551690578460693, 0.9111111164093018, 0.6425120830535889], [0.8374024629592896, 0.9063692688941956, 0.5752330422401428], [0.8174440860748291, 0.907496452331543, 0.4751203954219818]]}, "fast_shift": {}, "slow_shift": {}, "short_long": {}}, "bal_Accs": {"ekstedt_events": {"shift_hold_p_future_after": [0.8155053241173174, 0.8155940594059405, 0.7989958901550532, 0.8105548290678124, 0.795357743321502], "shift_hold_p_future_before": [0.7994629179899122, 0.7443162712497665, 0.7927330468895947, 0.7728189800112086, 0.7818746497291238], "s_pred_p_future": [0.8470161119355523, 0.8179192283230867, 0.824305702777189, 0.7886103455586178, 0.8139972440110239], "shift_hold_p_now_after": [0.789417149262096, 0.7754436764431161, 0.7942789090229778, 0.7541285260601531, 0.7159583411171306], "shift_hold_p_now_before": [0.7105968615729498, 0.7498131888660564, 0.7254623575565105, 0.7125443676443116, 0.703754903792266], "s_pred_p_now": [0.8483676065295739, 0.8215232139071444, 0.7773213907144372, 0.7918698325206699, 0.7833368666525333], "backchannel": [0.6651538064187696, 0.8009032243574867, 0.6270671597655285, 0.730372743810686, 0.70862685941442], "short_long": [0.6333978336097631, 0.5899778856195097, 0.5181215062350267, 0.5495628314597538, 0.564449085734177]}, "roddy_events": {"overlaps_before_p_now": [0.5409574468085107, 0.5717021276595745, 0.5437234042553192, 0.5203191489361703, 0.5631914893617022], "overlaps_before_p_future": [0.6198936170212765, 0.6640425531914893, 0.6473404255319148, 0.6377659574468084, 0.6541489361702127], "overlaps_after_p_now": [0.5673404255319149, 0.529468085106383, 0.5454255319148936, 0.5602127659574468, 0.564468085106383], "overlaps_after_p_future": [0.7192553191489361, 0.6935106382978724, 0.7393617021276595, 0.6952127659574469, 0.7221276595744681], "overlap_spred_before_p_future": [0.7819273743016759, 0.7844413407821229, 0.8143016759776536, 0.7297206703910615, 0.7431005586592179]}, "gap_0": {"gap_0_p_future": [0.8140957616012011, 0.8083482841546742, 0.8049305900166686, 0.7970441908106527, 0.8128195340433383],