{"f1_score": {"ekstedt_events": {"shift_hold_p_future_after": [[0.7040964365005493, 0.852838933467865, 0.1626373678445816], [0.7074662446975708, 0.8538283109664917, 0.17467248439788818]], "shift_hold_p_future_before": [[0.7057704329490662, 0.8473252654075623, 0.190476194024086], [0.7083466649055481, 0.8572527766227722, 0.16629213094711304]], "s_pred_p_future": [[0.5516071319580078, 0.517179012298584, 0.5795275568962097], [0.5510616898536682, 0.47731754183769226, 0.610866367816925]], "shift_hold_p_now_after": [[0.7045016884803772, 0.8491446375846863, 0.17796610295772552], [0.7106326818466187, 0.8579129576683044, 0.17449665069580078]], "shift_hold_p_now_before": [[0.7044565677642822, 0.8459734320640564, 0.18930041790008545], [0.7053178548812866, 0.8516079187393188, 0.1727861762046814]], "s_pred_p_now": [[0.5466647744178772, 0.5161290168762207, 0.5714285969734192], [0.5509997606277466, 0.5046381950378418, 0.58859783411026]], "backchannel": [[0.5752183198928833, 0.7644749879837036, 0.19191919267177582], [0.5689298510551453, 0.7685589790344238, 0.1646234691143036]], "short_long": [[0.5080031752586365, 0.2921810746192932, 0.6766917109489441], [0.48078203201293945, 0.3222416937351227, 0.604698657989502]]}, "roddy_events": {"overlaps_before_p_now": [[0.7040293216705322, 0.8857142925262451, 0.0], [0.7040293216705322, 0.8857142925262451, 0.0]], "overlaps_before_p_future": [[0.7040293216705322, 0.8857142925262451, 0.0], [0.7040293216705322, 0.8857142925262451, 0.0]], "overlaps_after_p_now": [[0.7040293216705322, 0.8857142925262451, 0.0], [0.7040293216705322, 0.8857142925262451, 0.0]], "overlaps_after_p_future": [[0.7040293216705322, 0.8857142925262451, 0.0], [0.7040293216705322, 0.8857142925262451, 0.0]], "overlap_spred_before_p_future": [[0.916016697883606, 0.9709091186523438, 0.0], [0.916016697883606, 0.9709091186523438, 0.0]]}, "gap_0": {"gap_0_p_future": [[0.8609628081321716, 0.9501427412033081, 0.008733624592423439], [0.8602596521377563, 0.9502798914909363, 0.0]], "gap_0_p_now": [[0.859946608543396, 0.9499341249465942, 0.0], [0.8602596521377563, 0.9502798914909363, 0.0]], "s_pred_p_now": [[0.5599846243858337, 0.5291828513145447, 0.5851428508758545], [0.5655868053436279, 0.4761904776096344, 0.638603687286377]], "s_pred_p_future": [[0.5757642984390259, 0.5569620132446289, 0.59112149477005], [0.5729916095733643, 0.4851190447807312, 0.6447638869285583]], "superset_p_future": [[0.8681870102882385, 0.9529152512550354, 0.008438818156719208], [0.8675425052642822, 0.9530389308929443, 0.0]]}, "fast_shift": {}, "slow_shift": {}, "short_long": {}}, "bal_Accs": {"ekstedt_events": {"shift_hold_p_future_after": [0.5652755648159496, 0.5754611471994118], "shift_hold_p_future_before": [0.5664986517955632, 0.5746236262613882], "s_pred_p_future": [0.5492847973592518, 0.5668095543737393], "shift_hold_p_now_after": [0.5564892552191854, 0.5777949707889038], "shift_hold_p_now_before": [0.5696648894880909, 0.5750423867304], "s_pred_p_now": [0.551107188703466, 0.5467976343297267], "backchannel": [0.5672146333189818, 0.5], "short_long": [0.4809837728194726, 0.5103786342123056]}, "roddy_events": {"overlaps_before_p_now": [0.5171370967741935, 0.6280241935483871], "overlaps_before_p_future": [0.689516129032258, 0.6360887096774194], "overlaps_after_p_now": [0.6975806451612903, 0.6280241935483871], "overlaps_after_p_future": [0.6975806451612903, 0.6360887096774194], "overlap_spred_before_p_future": [0.5, 0.6370552434456929]}, "gap_0": {"gap_0_p_future": [0.578587502428562, 0.5762759703157054], "gap_0_p_now": [0.5781124986423, 0.5761474668759436], "s_pred_p_now": [0.5764542688383748, 0.562743869697512], "s_pred_p_future": [0.5727611717677943, 0.5668486367161863], "superset_p_future": [0.581200875817831, 0.5819578300972548]}, "fast_shift": {}, "slow_shift": {}, "short_long": {}}}