{"f1_score": {"ekstedt_events": {"shift_hold_p_future_after": [[0.7524925470352173, 0.8482060432434082, 0.5244956612586975], [0.7435580492019653, 0.8376865386962891, 0.519336998462677], [0.7406141757965088, 0.8246628046035767, 0.5404040217399597], [0.741795539855957, 0.8369058966636658, 0.5152354836463928], [0.7342530488967896, 0.8434389233589172, 0.47416412830352783]], "shift_hold_p_future_before": [[0.6984314918518066, 0.8182648420333862, 0.4129793643951416], [0.7106776833534241, 0.8083889484405518, 0.47792208194732666], [0.7153911590576172, 0.8147448301315308, 0.478723406791687], [0.708918035030365, 0.8199446201324463, 0.4444444477558136], [0.7143300771713257, 0.8270814418792725, 0.4457477927207947]], "s_pred_p_future": [[0.7258087396621704, 0.723514199256897, 0.7277353405952454], [0.682213544845581, 0.7007299065589905, 0.6666666865348816], [0.7017030715942383, 0.7099999785423279, 0.6947368383407593], [0.675470232963562, 0.7210884094238281, 0.6371681690216064], [0.7008109092712402, 0.7281323671340942, 0.6778711676597595]], "shift_hold_p_now_after": [[0.7301384210586548, 0.835930347442627, 0.4781341254711151], [0.7207058668136597, 0.8381295204162598, 0.4409937858581543], [0.7425960302352905, 0.8136272430419922, 0.5733944773674011], [0.7292148470878601, 0.8438060879707336, 0.45625001192092896], [0.7420064210891724, 0.8494138717651367, 0.48615384101867676]], "shift_hold_p_now_before": [[0.704094409942627, 0.8123249411582947, 0.44628098607063293], [0.6574409008026123, 0.7303609251976013, 0.48373982310295105], [0.6991211771965027, 0.76778244972229, 0.5355648398399353], [0.6820588707923889, 0.800000011920929, 0.40111419558525085], [0.688230037689209, 0.826241135597229, 0.35947713255882263]], "s_pred_p_now": [[0.7286784052848816, 0.7119565010070801, 0.7427184581756592], [0.7408349514007568, 0.7138810157775879, 0.7634660601615906], [0.7068682909011841, 0.6360656023025513, 0.7663158178329468], [0.7335437536239624, 0.7305699586868286, 0.7360405921936035], [0.7128205299377441, 0.7128205299377441, 0.7128205299377441]], "backchannel": [[0.7016882300376892, 0.6900702118873596, 0.7172918319702148], [0.7080355882644653, 0.714018702507019, 0.699999988079071], [0.7327914237976074, 0.737827718257904, 0.7260273694992065], [0.7315171360969543, 0.7341532707214355, 0.7279767394065857], [0.738464891910553, 0.7429643273353577, 0.732421875]], "short_long": [[0.591992974281311, 0.21232876181602478, 0.7784200310707092], [0.6401923298835754, 0.385869562625885, 0.765072762966156], [0.6279497742652893, 0.49802371859550476, 0.6917475461959839], [0.6217327117919922, 0.29392972588539124, 0.7826942205429077], [0.5732828378677368, 0.11382114142179489, 0.7988929748535156]]}, "roddy_events": {"overlaps_before_p_now": [[0.5709523558616638, 0.7733333110809326, 0.190476194024086], [0.5341266393661499, 0.6597937941551208, 0.2978723347187042], [0.5994022488594055, 0.7334963083267212, 0.34730538725852966], [0.6141030788421631, 0.7432762980461121, 0.371257483959198], [0.5817072987556458, 0.7804877758026123, 0.20800000429153442]], "overlaps_before_p_future": [[0.6610866189002991, 0.7756097316741943, 0.4457831382751465], [0.6102191805839539, 0.7752293348312378, 0.30000001192092896], [0.6227363348007202, 0.792792797088623, 0.3030303120613098], [0.645142138004303, 0.7376623153686523, 0.4712041914463043], [0.6279630661010742, 0.7717646956443787, 0.3576158881187439]], "overlaps_after_p_now": [[0.6063337922096252, 0.7482014298439026, 0.3396226465702057], [0.5845070481300354, 0.7464788556098938, 0.2800000011920929], [0.6295583844184875, 0.7666666507720947, 0.3717948794364929], [0.6274474263191223, 0.7677724957466125, 0.3636363744735718], [0.6030815243721008, 0.7847533822059631, 0.26153847575187683]], "overlaps_after_p_future": [[0.6821848154067993, 0.7746835350990295, 0.5082873106002808], [0.6583550572395325, 0.7673267126083374, 0.45348837971687317], [0.6953544616699219, 0.7858942151069641, 0.5251396894454956], [0.6755232214927673, 0.7903614640235901, 0.45962733030319214], [0.679694414138794, 0.8056206107139587, 0.4429530203342438]], "overlap_spred_before_p_future": [[0.7512207627296448, 0.8099173307418823, 0.6461538672447205], [0.7101455926895142, 0.807106614112854, 0.5365853905677795], [0.7412329912185669, 0.8320801854133606, 0.5786163806915283], [0.7470462918281555, 0.8333333134651184, 0.5925925970077515], [0.762264609336853, 0.8257372379302979, 0.6486486196517944]]}, "gap_0": {"gap_0_p_future": [[0.7763519287109375, 0.872045636177063, 0.44128113985061646], [0.772824227809906, 0.8588235378265381, 0.4716981053352356], [0.782833456993103, 0.8651826977729797, 0.4944881796836853], [0.7752887010574341, 0.8711256384849548, 0.43971630930900574], [0.7847920656204224, 0.8834601640701294, 0.4393063485622406]], "gap_0_p_now": [[0.7817379236221313, 0.866332471370697, 0.4855305552482605], [0.7693496942520142, 0.8500428199768066, 0.4868035316467285], [0.7647973895072937, 0.833482563495636, 0.5242967009544373], [0.7747389078140259, 0.8642590045928955, 0.4612849950790405], [0.771186351776123, 0.8745980858802795, 0.40909090638160706]], "s_pred_p_now": [[0.8486239910125732, 0.8433333039283752, 0.8531249761581421], [0.8470221757888794, 0.8397976160049438, 0.8531684875488281], [0.8357173800468445, 0.8259385824203491, 0.8440366983413696], [0.8180387616157532, 0.8100840449333191, 0.8248062133789062], [0.819354772567749, 0.8193548321723938, 0.8193548321723938]], "s_pred_p_future": [[0.8096259236335754, 0.8102893829345703, 0.8090614676475525], [0.8002381324768066, 0.7869415879249573, 0.8115501403808594], [0.7954604625701904, 0.7893863916397095, 0.8006279468536377], [0.7607336044311523, 0.7665615081787109, 0.7557755708694458], [0.7900694608688354, 0.7929936051368713, 0.7875816822052002]], "superset_p_future": [[0.7882999181747437, 0.8769140243530273, 0.4514435827732086], [0.7835854887962341, 0.8790697455406189, 0.42061281204223633], [0.7892594933509827, 0.8733988404273987, 0.46941322088241577], [0.7833731174468994, 0.8752568364143372, 0.434087872505188], [0.7893300652503967, 0.886781632900238, 0.41887906193733215]]}, "fast_shift": {}, "slow_shift": {}, "short_long": {}}, "bal_Accs": {"ekstedt_events": {"shift_hold_p_future_after": [0.7178404632916122, 0.6868251447786289, 0.6925976088174856, 0.6679665608070241, 0.678334578740893], "shift_hold_p_future_before": [0.6826966187184756, 0.641056416962451, 0.6676116196525312, 0.6531150756585093, 0.6688679245283019], "s_pred_p_future": [0.7305225779096884, 0.6945887216451134, 0.6991997032011872, 0.7013461946152215, 0.7179616281534874], "shift_hold_p_now_after": [0.6894264898187932, 0.6792592938539137, 0.698360732299645, 0.6794694563796002, 0.686834485335326], "shift_hold_p_now_before": [0.6340136372127779, 0.6178731552400523, 0.6478890341864375, 0.6447272557444423, 0.656519708574631], "s_pred_p_now": [0.7288265846936612, 0.7383665465338138, 0.7017171931312275, 0.7380485478058088, 0.7182796268814925], "backchannel": [0.7264180959296885, 0.7271311677908622, 0.7113930541934614, 0.7296353414135667, 0.7391766546636023], "short_long": [0.5607172840264554, 0.6098961852693654, 0.6362133218666175, 0.5767399717427361, 0.5883193070827446]}, "roddy_events": {"overlaps_before_p_now": [0.5503191489361702, 0.5157446808510638, 0.5437234042553192, 0.560531914893617, 0.5224468085106383], "overlaps_before_p_future": [0.6290425531914894, 0.5943617021276596, 0.6284042553191489, 0.5963829787234043, 0.606063829787234], "overlaps_after_p_now": [0.566063829787234, 0.5227659574468084, 0.5731914893617022, 0.5722340425531915, 0.575531914893617], "overlaps_after_p_future": [0.6611702127659574, 0.6213829787234042, 0.6501063829787235, 0.6328723404255319, 0.6651063829787234], "overlap_spred_before_p_future": [0.7190223463687151, 0.7044413407821228, 0.7562011173184358, 0.7251675977653631, 0.7301675977653631]}, "gap_0": {"gap_0_p_future": [0.7211538216844168, 0.6853392882136631, 0.7081548777849881, 0.6942856052219719, 0.6880991462126707],