{"f1_score": {"ekstedt_events": {"shift_hold_p_future_after": [[0.7664394378662109, 0.8512628674507141, 0.5643835663795471], [0.7576258182525635, 0.8456501364707947, 0.5479452013969421], [0.7777810096740723, 0.8430404663085938, 0.6223278045654297], [0.7574601173400879, 0.8439849615097046, 0.5513513684272766], [0.7441230416297913, 0.8423963189125061, 0.5100286602973938]], "shift_hold_p_future_before": [[0.7243323922157288, 0.8305708765983582, 0.4712643623352051], [0.7164005041122437, 0.8062015771865845, 0.5024875402450562], [0.732519805431366, 0.822519063949585, 0.5181347131729126], [0.726830780506134, 0.8310249447822571, 0.47863247990608215], [0.7299919128417969, 0.8294501304626465, 0.49307480454444885]], "s_pred_p_future": [[0.7337543964385986, 0.7263157963752747, 0.7400000095367432], [0.703444242477417, 0.7174447178840637, 0.6916890144348145], [0.7260470986366272, 0.7191600799560547, 0.7318295836448669], [0.6771445274353027, 0.7172414064407349, 0.643478274345398], [0.7112174034118652, 0.73758864402771, 0.6890756487846375]], "shift_hold_p_now_after": [[0.7423756122589111, 0.8399630188941956, 0.5099149942398071], [0.7420064210891724, 0.8494138717651367, 0.48615384101867676], [0.7432145476341248, 0.8128772377967834, 0.5772727131843567], [0.7494170665740967, 0.8479853272438049, 0.5146198868751526], [0.7511442303657532, 0.8503649830818176, 0.5147929191589355]], "shift_hold_p_now_before": [[0.6834904551506042, 0.805887758731842, 0.39193084836006165], [0.6546818614006042, 0.7233584523200989, 0.4910891056060791], [0.6704567670822144, 0.7374061942100525, 0.5109780430793762], [0.6884602904319763, 0.800000011920929, 0.42276424169540405], [0.6923078298568726, 0.8263579607009888, 0.37299033999443054]], "s_pred_p_now": [[0.730828046798706, 0.7058823704719543, 0.7517730593681335], [0.750807523727417, 0.7220630645751953, 0.7749419808387756], [0.6933720111846924, 0.6184210777282715, 0.756302535533905], [0.7337965965270996, 0.7248677015304565, 0.7412935495376587], [0.7363370656967163, 0.728232204914093, 0.7431421279907227]], "backchannel": [[0.7173876762390137, 0.7072927355766296, 0.7309458255767822], [0.730181097984314, 0.7304015159606934, 0.7298850417137146], [0.7420574426651001, 0.7448015213012695, 0.7383720874786377], [0.748592734336853, 0.7502374053001404, 0.746383786201477], [0.7532773017883301, 0.7542856931686401, 0.7519230842590332]], "short_long": [[0.5833678841590881, 0.19310344755649567, 0.7749999761581421], [0.6598972082138062, 0.40114614367485046, 0.7869520783424377], [0.6783973574638367, 0.5575757622718811, 0.7377245426177979], [0.6261842250823975, 0.2977346181869507, 0.7874632477760315], [0.5711391568183899, 0.10655737668275833, 0.7992633581161499]]}, "roddy_events": {"overlaps_before_p_now": [[0.5693405270576477, 0.7770419716835022, 0.17886178195476532], [0.5313187837600708, 0.6563307642936707, 0.29629629850387573], [0.5943967700004578, 0.745843231678009, 0.3096774220466614], [0.5815801024436951, 0.7350835204124451, 0.2929936349391937], [0.5746837854385376, 0.7723214030265808, 0.203125]], "overlaps_before_p_future": [[0.6656241416931152, 0.7722772359848022, 0.4651162922382355], [0.620781660079956, 0.782608687877655, 0.316546767950058], [0.6361579895019531, 0.8026905655860901, 0.32307693362236023], [0.6250495314598083, 0.7341772317886353, 0.41988950967788696], [0.661450207233429, 0.7934272289276123, 0.41333332657814026]], "overlaps_after_p_now": [[0.5961538553237915, 0.7403846383094788, 0.32499998807907104], [0.6234952211380005, 0.7816091775894165, 0.326241135597229], [0.6287636160850525, 0.7834101319313049, 0.3380281627178192], [0.6051297187805176, 0.7616822719573975, 0.31081080436706543], [0.6145349740982056, 0.7882882952690125, 0.28787878155708313]], "overlaps_after_p_future": [[0.6859559416770935, 0.7631579041481018, 0.5408163070678711], [0.681715190410614, 0.7862407565116882, 0.48520711064338684], [0.7005727291107178, 0.7868020534515381, 0.5384615659713745], [0.6904417276382446, 0.800000011920929, 0.48447203636169434], [0.6960868835449219, 0.8186046481132507, 0.465753436088562]], "overlap_spred_before_p_future": [[0.7446394562721252, 0.8033241033554077, 0.6395938992500305], [0.7240505218505859, 0.8181818127632141, 0.5555555820465088], [0.7320804595947266, 0.8279301524162292, 0.5605095624923706], [0.7254010438919067, 0.817258894443512, 0.5609756112098694], [0.7564476728439331, 0.8184281587600708, 0.6455026268959045]]}, "gap_0": {"gap_0_p_future": [[0.7899640798568726, 0.8785275816917419, 0.4798598885536194], [0.7791842222213745, 0.8595672249794006, 0.4977238178253174], [0.7985177040100098, 0.8726195693016052, 0.5390505194664001], [0.7976632118225098, 0.8824252486228943, 0.5008695721626282], [0.8000991344451904, 0.8884397745132446, 0.49077489972114563]], "gap_0_p_now": [[0.7788023352622986, 0.8674399256706238, 0.4684385359287262], [0.7684149742126465, 0.8481720685958862, 0.4891461730003357], [0.7698889374732971, 0.8359550833702087, 0.5385587811470032], [0.7751099467277527, 0.8634471297264099, 0.4657980501651764], [0.7788756489753723, 0.8802562952041626, 0.4238921105861664]], "s_pred_p_now": [[0.8695456385612488, 0.8656716346740723, 0.8728414177894592], [0.8420742750167847, 0.8304498195648193, 0.8519637584686279], [0.8534269332885742, 0.8444444537162781, 0.8610687255859375], [0.8276934027671814, 0.8189509510993958, 0.8351309895515442], [0.8438014984130859, 0.837520956993103, 0.8491446375846863]], "s_pred_p_future": [[0.8225806951522827, 0.8225806355476379, 0.8225806355476379], [0.8062810301780701, 0.7872340679168701, 0.8224852085113525], [0.8196374773979187, 0.810169517993927, 0.8276923298835754], [0.8061494827270508, 0.8095238208770752, 0.8032786846160889], [0.8018612265586853, 0.7973640561103821, 0.8056871891021729]], "superset_p_future": [[0.7977744340896606, 0.881205677986145, 0.4806201457977295], [0.7965917587280273, 0.8850641846656799, 0.46027398109436035], [0.8027190566062927, 0.8823529481887817, 0.5], [0.7928282618522644, 0.8813360929489136, 0.4563758373260498], [0.8100778460502625, 0.8963925242424011, 0.4819624722003937]]}, "fast_shift": {}, "slow_shift": {}, "short_long": {}}, "bal_Accs": {"ekstedt_events": {"shift_hold_p_future_after": [0.719731926022791, 0.7013543807210909, 0.7216560807024099, 0.6945217634971044, 0.6983373809079021], "shift_hold_p_future_before": [0.6796375864001494, 0.6565757519148141, 0.6930879880440874, 0.6623155240052307, 0.6790584718849244], "s_pred_p_future": [0.7366970532117871, 0.7143576425694298, 0.743560525757897, 0.6999947000211999, 0.7282965868136528], "shift_hold_p_now_after": [0.6949000560433402, 0.706337567719036, 0.721712124042593, 0.6932421072295909, 0.7026433775453017], "shift_hold_p_now_before": [0.614155613674575, 0.634672146459929, 0.6440734167756399, 0.6198300018681113, 0.6022417336073229], "s_pred_p_now": [0.7289325842696629, 0.7478005087979648, 0.6885732457070172, 0.73624655501378, 0.7390555437778249], "backchannel": [0.7300190152496313, 0.7349543708872036, 0.7203130029870412, 0.7519595439334616, 0.744757705293576], "short_long": [0.602319962323648, 0.6082836783586216, 0.6473012265290661, 0.6049716403546491, 0.6074185556033335]}, "roddy_events": {"overlaps_before_p_now": [0.5284042553191489, 0.527127659574468, 0.5367021276595745, 0.5535106382978723, 0.5607446808510639], "overlaps_before_p_future": [0.5838297872340426, 0.5943617021276596, 0.6157446808510638, 0.5970212765957447, 0.5957446808510638], "overlaps_after_p_now": [0.5274468085106383, 0.5261702127659574, 0.5721276595744681, 0.5472340425531915, 0.5611702127659575], "overlaps_after_p_future": [0.63, 0.6313829787234042, 0.6371276595744682, 0.6298936170212766, 0.6564893617021277], "overlap_spred_before_p_future": [0.722122905027933, 0.729441340782123, 0.7494413407821229, 0.7273743016759777, 0.7267877094972067]}, "gap_0": {"gap_0_p_future": [0.7132712397093814, 0.6883294524818363, 0.7290542174040284, 0.7002570268860302, 0.7119810156379229],