{"f1_score": {"ekstedt_events": {"shift_hold_p_future_after": [[0.7941735982894897, 0.8502512574195862, 0.660592257976532], [0.7949126362800598, 0.8568627238273621, 0.6473429799079895], [0.7663791179656982, 0.812095046043396, 0.6574802994728088], [0.7864874601364136, 0.8333333134651184, 0.6748971343040466], [0.7935843467712402, 0.8534653186798096, 0.650943398475647]], "shift_hold_p_future_before": [[0.778023362159729, 0.8403193354606628, 0.6296296119689941], [0.7445873022079468, 0.8045738339424133, 0.6016949415206909], [0.7668866515159607, 0.8200836777687073, 0.6401673555374146], [0.7594605684280396, 0.8122363090515137, 0.6337448358535767], [0.788806676864624, 0.8431771993637085, 0.6592920422554016]], "s_pred_p_future": [[0.7392001152038574, 0.6875, 0.782608687877655], [0.7578930854797363, 0.7251461744308472, 0.7853881120681763], [0.7261134386062622, 0.6623376607894897, 0.7796609997749329], [0.7994140386581421, 0.7745664715766907, 0.8202764987945557], [0.8052828311920166, 0.7888888716697693, 0.8190476298332214]], "shift_hold_p_now_after": [[0.7888010144233704, 0.8595988750457764, 0.6201550364494324], [0.776701807975769, 0.8595348596572876, 0.5793871879577637], [0.7648674249649048, 0.820353090763092, 0.6326963901519775], [0.8043025135993958, 0.86412513256073, 0.6618005037307739], [0.7904856204986572, 0.8622981905937195, 0.6194225549697876]], "shift_hold_p_now_before": [[0.7262325286865234, 0.8109161853790283, 0.5245097875595093], [0.6585308313369751, 0.7043879628181458, 0.5492957830429077], [0.6904332637786865, 0.7375565767288208, 0.578181803226471], [0.7152642607688904, 0.7931727170944214, 0.5296803712844849], [0.7316315770149231, 0.8336414098739624, 0.4886363744735718]], "s_pred_p_now": [[0.7613813281059265, 0.7092651724815369, 0.8051391839981079], [0.7086639404296875, 0.6357616186141968, 0.7698744535446167], [0.6458906531333923, 0.5116279125213623, 0.7586206793785095], [0.7787867188453674, 0.7368420958518982, 0.8140043616294861], [0.7653135061264038, 0.7315634489059448, 0.7936508059501648]], "backchannel": [[0.7125945687294006, 0.6990881562232971, 0.7307343482971191], [0.7461899518966675, 0.744947075843811, 0.7478591799736023], [0.7537769079208374, 0.7521697282791138, 0.7559354305267334], [0.7489475011825562, 0.7471042275428772, 0.7514231204986572], [0.7500956058502197, 0.7492795586585999, 0.7511916160583496]], "short_long": [[0.5940507650375366, 0.2137930989265442, 0.7807692289352417], [0.6633154153823853, 0.3964497148990631, 0.7943548560142517], [0.7529635429382324, 0.6375545859336853, 0.8096330165863037], [0.5949234366416931, 0.22297297418117523, 0.7775628566741943], [0.5689550042152405, 0.09917355328798294, 0.7996323704719543]]}, "roddy_events": {"overlaps_before_p_now": [[0.5778684616088867, 0.7814569473266602, 0.19512194395065308], [0.5442042350769043, 0.6171428561210632, 0.40707963705062866], [0.5821980237960815, 0.703797459602356, 0.3535911738872528], [0.5748733282089233, 0.6857143044471741, 0.3664921522140503], [0.578274130821228, 0.7713004350662231, 0.2153846174478531]], "overlaps_before_p_future": [[0.6579217910766602, 0.7222222089767456, 0.5370370149612427], [0.6905573606491089, 0.795121967792511, 0.4939759075641632], [0.6816590428352356, 0.8047058582305908, 0.4503311216831207], [0.6170009970664978, 0.6586102843284607, 0.5387755036354065], [0.6985572576522827, 0.782608687877655, 0.5405405163764954]], "overlaps_after_p_now": [[0.5742958784103394, 0.678947389125824, 0.37755101919174194], [0.5844226479530334, 0.7423167824745178, 0.2875817120075226], [0.6128722429275513, 0.7663551568984985, 0.3243243098258972], [0.5818434357643127, 0.7099999785423279, 0.34090909361839294], [0.593835175037384, 0.7699316740036011, 0.262773722410202]], "overlaps_after_p_future": [[0.6779653429985046, 0.718100905418396, 0.6025104522705078], [0.7246914505958557, 0.791556715965271, 0.5989847779273987], [0.7445290088653564, 0.7875354290008545, 0.6636771559715271], [0.7001590132713318, 0.7642276287078857, 0.5797101259231567], [0.7388285994529724, 0.8092783689498901, 0.6063829660415649]], "overlap_spred_before_p_future": [[0.7542024254798889, 0.7784810066223145, 0.71074378490448], [0.7927987575531006, 0.8455284833908081, 0.6984127163887024], [0.8257670402526855, 0.8695651888847351, 0.7473683953285217], [0.8060117959976196, 0.8500000238418579, 0.7272727489471436], [0.8312222361564636, 0.8545454740524292, 0.7894737124443054]]}, "gap_0": {"gap_0_p_future": [[0.8275512456893921, 0.8860103487968445, 0.6228571534156799], [0.801791787147522, 0.8622064590454102, 0.5902503132820129], [0.8083034157752991, 0.8623024821281433, 0.6192259788513184], [0.8271080851554871, 0.882867157459259, 0.6318681240081787], [0.8262668251991272, 0.8890777826309204, 0.6063348650932312]], "gap_0_p_now": [[0.7991506457328796, 0.8684436678886414, 0.5565217137336731], [0.7799410820007324, 0.8452965021133423, 0.5510995984077454], [0.7674961686134338, 0.8235844373703003, 0.5711035132408142], [0.7956219911575317, 0.8622493743896484, 0.5623268485069275], [0.7986683249473572, 0.8808247447013855, 0.5109983086585999]], "s_pred_p_now": [[0.855955958366394, 0.8384755253791809, 0.8708272576332092], [0.843989372253418, 0.8208954930305481, 0.8636363744735718], [0.852336585521698, 0.831792950630188, 0.8698140382766724], [0.8585705757141113, 0.8373831510543823, 0.8765957355499268], [0.864079475402832, 0.8478260636329651, 0.8779069781303406]], "s_pred_p_future": [[0.8313826322555542, 0.8088235259056091, 0.8505747318267822], [0.7910361289978027, 0.7485148310661316, 0.8272109031677246], [0.8305339813232422, 0.8030303120613098, 0.8539325594902039], [0.8268864750862122, 0.7969348430633545, 0.8523676991462708], [0.8363752365112305, 0.8153564929962158, 0.8542568683624268]], "superset_p_future": [[0.8130390048027039, 0.873195230960846, 0.5843621492385864], [0.8243513107299805, 0.8916967511177063, 0.568345308303833], [0.8168160915374756, 0.8736941814422607, 0.6006006002426147], [0.818430483341217, 0.8776978254318237, 0.5931321382522583], [0.8239924311637878, 0.8882800340652466, 0.5796105265617371]]}, "fast_shift": {}, "slow_shift": {}, "short_long": {}}, "bal_Accs": {"ekstedt_events": {"shift_hold_p_future_after": [0.7373995890155054, 0.7118905286755091, 0.7572903045021483, 0.7693162712497665, 0.7906641135811694], "shift_hold_p_future_before": [0.7026900803287877, 0.7221137679805716, 0.716373995890155, 0.7357976835419391, 0.7510601531851298], "s_pred_p_future": [0.7335170659317363, 0.7539749841000636, 0.7629584481662073, 0.7962158151367394, 0.8045367818528726], "shift_hold_p_now_after": [0.7466981132075472, 0.7459648795068186, 0.7547870353073043, 0.758546609377919, 0.7723192602279096], "shift_hold_p_now_before": [0.6462077339809453, 0.6461096581356249, 0.6505604334018308, 0.6810853726882122, 0.7041798991219876], "s_pred_p_now": [0.7551939792240832, 0.703625185499258, 0.652374390502438, 0.7729489082043672, 0.7610504557981768], "backchannel": [0.7200266512947588, 0.7528185990103087, 0.701400690238589, 0.7536776540871557, 0.7495040313826482], "short_long": [0.7033806335360485, 0.6907365317279931, 0.7634682720068799, 0.7326924258246821, 0.6870559207158506]}, "roddy_events": {"overlaps_before_p_now": [0.48531914893617023, 0.4879787234042553, 0.505531914893617, 0.5151063829787235, 0.5322340425531915], "overlaps_before_p_future": [0.6207446808510638, 0.6325531914893617, 0.642340425531915, 0.605, 0.6379787234042553], "overlaps_after_p_now": [0.5290425531914893, 0.5037234042553191, 0.5561702127659575, 0.5130851063829788, 0.5576595744680851], "overlaps_after_p_future": [0.6485106382978724, 0.6878723404255319, 0.7115957446808511, 0.6488297872340426, 0.6723404255319149], "overlap_spred_before_p_future": [0.6917039106145251, 0.7562290502793296, 0.7784357541899442, 0.7891620111731843, 0.843854748603352]}, "gap_0": {"gap_0_p_future": [0.7405911618378695, 0.7386672774236236, 0.746138870863076, 0.7665966840986882, 0.7740466465625835],