{"f1_score": {"ekstedt_events": {"shift_hold_p_future_after": [[0.773582935333252, 0.8506184816360474, 0.5900783538818359], [0.7727856636047363, 0.8492366671562195, 0.590673565864563], [0.7703635096549988, 0.8308004140853882, 0.6263982057571411], [0.7849804759025574, 0.854387640953064, 0.6196473836898804], [0.7845340371131897, 0.8622305393218994, 0.5994550585746765]], "shift_hold_p_future_before": [[0.7453150749206543, 0.8384687304496765, 0.5234159827232361], [0.7319000959396362, 0.8125613331794739, 0.5397590398788452], [0.7520198225975037, 0.828125, 0.5707316994667053], [0.7404699921607971, 0.8323917388916016, 0.5215053558349609], [0.7567389607429504, 0.8388941884040833, 0.5610389709472656]], "s_pred_p_future": [[0.7671109437942505, 0.7560321688652039, 0.7764127850532532], [0.7614835500717163, 0.7621483206748962, 0.7609254717826843], [0.7720798254013062, 0.7548209428787231, 0.7865707278251648], [0.7368486523628235, 0.75, 0.725806474685669], [0.7660726308822632, 0.7719298005104065, 0.76115483045578]], "shift_hold_p_now_after": [[0.779418408870697, 0.8598130941390991, 0.5879120826721191], [0.7626562714576721, 0.8531855940818787, 0.5470085740089417], [0.7539942264556885, 0.812045693397522, 0.6157112717628479], [0.762016773223877, 0.8518518805503845, 0.5480226278305054], [0.7756673097610474, 0.8600556254386902, 0.5746479034423828]], "shift_hold_p_now_before": [[0.7152373790740967, 0.820130467414856, 0.4653739631175995], [0.6745120286941528, 0.7344262003898621, 0.5317919254302979], [0.6870864629745483, 0.7486515641212463, 0.540433943271637], [0.7235633134841919, 0.8225352168083191, 0.4878048896789551], [0.7004972100257874, 0.8293119072914124, 0.3936507999897003]], "s_pred_p_now": [[0.7481563091278076, 0.7183908224105835, 0.7731481194496155], [0.7439180612564087, 0.7027027010917664, 0.7785235047340393], [0.7198644876480103, 0.6440678238868713, 0.7835051417350769], [0.7358361482620239, 0.7098591327667236, 0.7576470375061035], [0.7824150919914246, 0.7683923840522766, 0.7941888570785522]], "backchannel": [[0.7313488721847534, 0.7234886288642883, 0.7419056296348572], [0.7365317344665527, 0.7348119616508484, 0.7388414144515991], [0.7552531957626343, 0.7566539645195007, 0.7533718943595886], [0.7588852047920227, 0.7590821981430054, 0.7586206793785095], [0.7608641386032104, 0.7614504098892212, 0.7600767612457275]], "short_long": [[0.5909643173217773, 0.21160408854484558, 0.7772420644760132], [0.6612118482589722, 0.3916913866996765, 0.7935549020767212], [0.7041212916374207, 0.5762711763381958, 0.7668997645378113], [0.6238473653793335, 0.2922077775001526, 0.78669273853302], [0.5750735998153687, 0.1147540956735611, 0.8011049628257751]]}, "roddy_events": {"overlaps_before_p_now": [[0.5566216111183167, 0.7799564003944397, 0.1367521435022354], [0.5306939482688904, 0.6419098377227783, 0.3216080367565155], [0.5763401985168457, 0.7290167808532715, 0.28930819034576416], [0.6158493161201477, 0.7518072128295898, 0.3602484464645386], [0.5801758170127869, 0.784140944480896, 0.19672131538391113]], "overlaps_before_p_future": [[0.6466933488845825, 0.760493814945221, 0.4327485263347626], [0.620864987373352, 0.7788018584251404, 0.3239436745643616], [0.6500152349472046, 0.8089887499809265, 0.35114502906799316], [0.631088376045227, 0.7272727489471436, 0.45026177167892456], [0.6586465239524841, 0.7905882596969604, 0.41059601306915283]], "overlaps_after_p_now": [[0.5860123634338379, 0.7325301170349121, 0.3105590045452118], [0.6103659868240356, 0.7713626027107239, 0.3076923191547394], [0.6155688762664795, 0.777011513710022, 0.3120567500591278], [0.5894319415092468, 0.7440758347511292, 0.29870128631591797], [0.6189028024673462, 0.7973273992538452, 0.28346458077430725]], "overlaps_after_p_future": [[0.681185245513916, 0.7624021172523499, 0.5284973978996277], [0.6993269920349121, 0.7990196347236633, 0.511904776096344], [0.7096906900405884, 0.7959697842597961, 0.5474860072135925], [0.70196932554245, 0.7970296740531921, 0.5232558250427246], [0.6970008611679077, 0.8141176700592041, 0.4768211841583252]], "overlap_spred_before_p_future": [[0.7782536745071411, 0.8258426785469055, 0.6930692791938782], [0.7514946460723877, 0.8354430198669434, 0.6012269854545593], [0.7457584142684937, 0.8341708779335022, 0.5874999761581421], [0.7462638020515442, 0.8286445140838623, 0.598802387714386], [0.7906132936477661, 0.8406593203544617, 0.7010309100151062]]}, "gap_0": {"gap_0_p_future": [[0.812054455280304, 0.8892548084259033, 0.5417376756668091], [0.7881208658218384, 0.8641975522041321, 0.52173912525177], [0.8101416826248169, 0.8781942129135132, 0.5718562602996826], [0.8042414784431458, 0.884123682975769, 0.5245347023010254], [0.8068912029266357, 0.8914100527763367, 0.510948896408081]], "gap_0_p_now": [[0.7926496267318726, 0.8750519156455994, 0.5041186213493347], [0.7896139025688171, 0.8618166446685791, 0.536796510219574], [0.7785612344741821, 0.8434704542160034, 0.5512820482254028], [0.7997658252716064, 0.8777638673782349, 0.526655912399292], [0.7893682718276978, 0.8863999843597412, 0.44961240887641907]], "s_pred_p_now": [[0.8808146119117737, 0.873720109462738, 0.8868501782417297], [0.8580645322799683, 0.8456140160560608, 0.8686566948890686], [0.8614121675491333, 0.8512110710144043, 0.870090663433075], [0.8613570928573608, 0.8501741886138916, 0.8708708882331848], [0.871161699295044, 0.8639456033706665, 0.8773006200790405]], "s_pred_p_future": [[0.8373605012893677, 0.8296796083450317, 0.843894898891449], [0.8135979771614075, 0.78899085521698, 0.8345323801040649], [0.8272386789321899, 0.8099467158317566, 0.8419497609138489], [0.8227025270462036, 0.8208469152450562, 0.8242811560630798], [0.847009539604187, 0.8387096524238586, 0.8540706634521484]], "superset_p_future": [[0.8075056076049805, 0.8849241733551025, 0.5132075548171997], [0.7998968958854675, 0.8858981728553772, 0.47297295928001404], [0.8149558305740356, 0.8874925374984741, 0.5392156839370728], [0.8074069023132324, 0.8872491121292114, 0.5038961172103882], [0.8116292357444763, 0.896032452583313, 0.49078014492988586]]}, "fast_shift": {}, "slow_shift": {}, "short_long": {}}, "bal_Accs": {"ekstedt_events": {"shift_hold_p_future_after": [0.7503035680926583, 0.7189986923220624, 0.74119185503456, 0.719241546796189, 0.7592798430786475], "shift_hold_p_future_before": [0.7027554642256678, 0.6907294974780497, 0.6970156921352513, 0.6950121427237064, 0.7108537268821222], "s_pred_p_future": [0.7687089251642993, 0.7675959296162815, 0.7751218995124018, 0.7481715073139708, 0.7745654017383931], "shift_hold_p_now_after": [0.7389547917055856, 0.7216233887539697, 0.7324257425742574, 0.7153698860452082, 0.7510368017933868], "shift_hold_p_now_before": [0.6668877265084999, 0.6405240052307117, 0.6380440874276108, 0.6500233513917429, 0.6863347655520269], "s_pred_p_now": [0.7449915200339199, 0.7390290438838245, 0.7149671401314395, 0.7336495654017383, 0.7828598685605258], "backchannel": [0.7397736885841126, 0.7441850019090113, 0.730591718634196, 0.7553227726330132, 0.7547987303203396], "short_long": [0.6223764768515674, 0.6394690501054527, 0.6858273440219506, 0.6430063271699735, 0.6205028973933697]}, "roddy_events": {"overlaps_before_p_now": [0.5060638297872341, 0.5147872340425532, 0.54, 0.5169148936170213, 0.5310638297872341], "overlaps_before_p_future": [0.6011702127659575, 0.601063829787234, 0.6154255319148936, 0.5957446808510638, 0.6171276595744681], "overlaps_after_p_now": [0.5385106382978724, 0.515531914893617, 0.559468085106383, 0.5259574468085106, 0.5558510638297872], "overlaps_after_p_future": [0.6184042553191489, 0.6471276595744682, 0.6721276595744681, 0.6263829787234043, 0.6735106382978724], "overlap_spred_before_p_future": [0.7493296089385475, 0.7476815642458101, 0.7794413407821229, 0.7695810055865921, 0.7673743016759778]}, "gap_0": {"gap_0_p_future": [0.7354493517069385, 0.7284154674199337, 0.737160743596595, 0.7367192172131669, 0.7354353551933428], "gap_0_p_now": [0.7247954600399537, 0.708813986334313, 0.715198941354608, 0.7162550419259203, 0.7354379000139966],