{"f1_score": {"ekstedt_events": {"shift_hold_p_future_after": [[0.7773814797401428, 0.845703125, 0.6146341562271118], [0.7764672040939331, 0.8525214195251465, 0.5953002572059631], [0.7685051560401917, 0.8205666542053223, 0.644490659236908], [0.7782696485519409, 0.8310880661010742, 0.6524520516395569], [0.8035299777984619, 0.8688995242118835, 0.647814929485321]], "shift_hold_p_future_before": [[0.7666682004928589, 0.8416988253593445, 0.5879396796226501], [0.7401120066642761, 0.8085106611251831, 0.5771812200546265], [0.7616257071495056, 0.8224489688873291, 0.6167401075363159], [0.7476651668548584, 0.8126273155212402, 0.5929203629493713], [0.7768174409866333, 0.843964695930481, 0.6168674826622009]], "s_pred_p_future": [[0.7665286064147949, 0.7256097793579102, 0.8008849620819092], [0.7255773544311523, 0.6985915303230286, 0.748235285282135], [0.7506529092788696, 0.7055214643478394, 0.7885462641716003], [0.7823750376701355, 0.767123281955719, 0.7951807379722595], [0.7976300716400146, 0.7811634540557861, 0.8114558458328247]], "shift_hold_p_now_after": [[0.7667145729064941, 0.8493408560752869, 0.5698924660682678], [0.7650648951530457, 0.8600000143051147, 0.538922131061554], [0.7795475721359253, 0.8355464935302734, 0.6461538672447205], [0.7638227343559265, 0.8397683501243591, 0.5829145908355713], [0.7720049023628235, 0.856877326965332, 0.5698323845863342]], "shift_hold_p_now_before": [[0.7351836562156677, 0.8283019065856934, 0.5133689641952515], [0.6794416308403015, 0.7321428656578064, 0.553903341293335], [0.6845555305480957, 0.7383592128753662, 0.5563910007476807], [0.7126706838607788, 0.7984267473220825, 0.5083932876586914], [0.7136525511741638, 0.8348294496536255, 0.42500001192092896]], "s_pred_p_now": [[0.7668065428733826, 0.7272727489471436, 0.800000011920929], [0.733984112739563, 0.6812499761581421, 0.7782608866691589], [0.7000181674957275, 0.5977859497070312, 0.7858546376228333], [0.7701568603515625, 0.7232704162597656, 0.8095238208770752], [0.7870227694511414, 0.7648725509643555, 0.8056206107139587]], "backchannel": [[0.715840220451355, 0.7036290168762207, 0.7322404384613037], [0.7454186677932739, 0.7452107071876526, 0.7456979155540466], [0.7569716572761536, 0.7571702003479004, 0.7567049860954285], [0.756833553314209, 0.7562379837036133, 0.7576335668563843], [0.7646902799606323, 0.7652671933174133, 0.7639155387878418]], "short_long": [[0.5935577154159546, 0.2090592384338379, 0.7823585867881775], [0.6707901954650879, 0.4117647111415863, 0.7979797720909119], [0.7508823275566101, 0.631346583366394, 0.8095781207084656], [0.5984458923339844, 0.22972972691059113, 0.7794970870018005], [0.5711391568183899, 0.10655737668275833, 0.7992633581161499]]}, "roddy_events": {"overlaps_before_p_now": [[0.5770240426063538, 0.7750557065010071, 0.20472441613674164], [0.5600659251213074, 0.6502732038497925, 0.39047619700431824], [0.6147408485412598, 0.7376237511634827, 0.38372093439102173], [0.5963743925094604, 0.7076923251152039, 0.3870967626571655], [0.5853997468948364, 0.7795100212097168, 0.22047244012355804]], "overlaps_before_p_future": [[0.6579217910766602, 0.7222222089767456, 0.5370370149612427], [0.6639693975448608, 0.7785888314247131, 0.4484848380088806], [0.6854217052459717, 0.811188817024231, 0.44897958636283875], [0.5931745767593384, 0.6449704170227051, 0.4957983195781708], [0.675568163394928, 0.7749999761581421, 0.4886363744735718]], "overlaps_after_p_now": [[0.5850168466567993, 0.7070707082748413, 0.35555556416511536], [0.6219983696937561, 0.761904776096344, 0.3589743673801422], [0.6274474263191223, 0.7677724957466125, 0.3636363744735718], [0.5846198201179504, 0.7132169604301453, 0.34285715222358704], [0.6145349740982056, 0.7882882952690125, 0.28787878155708313]], "overlaps_after_p_future": [[0.6675288677215576, 0.7134503126144409, 0.5811966061592102], [0.7145930528640747, 0.7830687761306763, 0.5858585834503174], [0.7392298579216003, 0.791208803653717, 0.6415094137191772], [0.6647633910179138, 0.7277777791023254, 0.5462962985038757], [0.7476640939712524, 0.824999988079071, 0.6022727489471436]], "overlap_spred_before_p_future": [[0.7926003932952881, 0.8206686973571777, 0.7423580884933472], [0.7604297399520874, 0.820652186870575, 0.6526315808296204], [0.8095033168792725, 0.8609625697135925, 0.717391312122345], [0.796728253364563, 0.8478260636329651, 0.7052631378173828], [0.8030925989151001, 0.8303030133247375, 0.7543859481811523]]}, "gap_0": {"gap_0_p_future": [[0.8268305063247681, 0.8887941837310791, 0.6098654866218567], [0.8063655495643616, 0.8698301911354065, 0.584144651889801], [0.8167816400527954, 0.8721137046813965, 0.6230366230010986], [0.8228949904441833, 0.8830384016036987, 0.6123033165931702], [0.8266252875328064, 0.8932607769966125, 0.5933014154434204]], "gap_0_p_now": [[0.8111440539360046, 0.8821548819541931, 0.5625], [0.786008358001709, 0.856521725654602, 0.5391061305999756], [0.7694955468177795, 0.8277778029441833, 0.5654205679893494], [0.7967243790626526, 0.8666092753410339, 0.5520231127738953], [0.7991353869438171, 0.886907160282135, 0.49180328845977783]], "s_pred_p_now": [[0.8807026147842407, 0.8710801601409912, 0.8888888955116272], [0.8772701025009155, 0.8647686839103699, 0.8879055976867676], [0.8625516295433044, 0.8468468189239502, 0.8759124279022217], [0.8750540614128113, 0.8576709628105164, 0.8898426294326782], [0.8678580522537231, 0.858131468296051, 0.8761329054832458]], "s_pred_p_future": [[0.8466137647628784, 0.8312610983848572, 0.8596750497817993], [0.8058786392211914, 0.7733333110809326, 0.833566427230835], [0.8391640186309814, 0.8156424760818481, 0.8591749668121338], [0.8415631055831909, 0.8237410187721252, 0.8567251563072205], [0.8529671430587769, 0.8372092843055725, 0.8663730025291443]], "superset_p_future": [[0.8156619071960449, 0.8782150745391846, 0.5778732299804688], [0.8197439908981323, 0.8910122513771057, 0.5488256812095642], [0.824478805065155, 0.8823713064193726, 0.6044071316719055], [0.8120471835136414, 0.8762376308441162, 0.5680345296859741], [0.8240920901298523, 0.8922892212867737, 0.5648484826087952]]}, "fast_shift": {}, "slow_shift": {}, "short_long": {}}, "bal_Accs": {"ekstedt_events": {"shift_hold_p_future_after": [0.7507379039790771, 0.7072622828320567, 0.7463431720530543, 0.7396459929011769, 0.7805623015131702], "shift_hold_p_future_before": [0.7135251260975155, 0.7045581916682234, 0.7137259480665048, 0.7172520082196899, 0.7490239118251447], "s_pred_p_future": [0.7611564553741785, 0.723314606741573, 0.7689209243163028, 0.7824093703625186, 0.7970108119567523], "shift_hold_p_now_after": [0.7448066504763684, 0.7258172987110032, 0.7381328227162338, 0.743639080889221, 0.7632075471698113], "shift_hold_p_now_before": [0.666420698673641, 0.6602932934802914, 0.6658789463852046, 0.6903185129833738, 0.6972818980011208], "s_pred_p_now": [0.7616069535721857, 0.7283495866016536, 0.6992262030951877, 0.7640714437142251, 0.784873860504558], "backchannel": [0.7292086212446753, 0.7517218533130704, 0.7264424264656341, 0.7547743997843941, 0.7573029039430441], "short_long": [0.7102299486045416, 0.7051467125335299, 0.7476503470729161, 0.7260888260949689, 0.6847728156930196]}, "roddy_events": {"overlaps_before_p_now": [0.5131914893617021, 0.49627659574468086, 0.5621276595744681, 0.4907446808510638, 0.5374468085106383], "overlaps_before_p_future": [0.6267021276595744, 0.6098936170212765, 0.6429787234042553, 0.5743617021276596, 0.6386170212765958], "overlaps_after_p_now": [0.5279787234042553, 0.5286170212765957, 0.5708510638297872, 0.5151063829787235, 0.5825531914893617], "overlaps_after_p_future": [0.6281914893617021, 0.6878723404255319, 0.6912765957446808, 0.6208510638297873, 0.7006382978723404], "overlap_spred_before_p_future": [0.6811173184357542, 0.7568156424581005, 0.7779888268156425, 0.7709217877094972, 0.8126815642458101]}, "gap_0": {"gap_0_p_future": [0.7535862885063176, 0.7237368146479877, 0.7508238856866563, 0.7465511318089857, 0.7716939598681782],