{"f1_score": {"ekstedt_events": {"shift_hold_p_future_after": [[0.7251552939414978, 0.8285449743270874, 0.47887325286865234], [0.7222453951835632, 0.831501841545105, 0.46198830008506775], [0.7140322923660278, 0.8038834929466248, 0.5], [0.6837038993835449, 0.779627799987793, 0.4552057981491089], [0.7254075407981873, 0.839350163936615, 0.453987717628479]], "shift_hold_p_future_before": [[0.6996175646781921, 0.8161764740943909, 0.4219653308391571], [0.6961695551872253, 0.7949951887130737, 0.4607594907283783], [0.6968584656715393, 0.8003802299499512, 0.45026177167892456], [0.6596806049346924, 0.7674418687820435, 0.4029850661754608], [0.6782833933830261, 0.8018433451652527, 0.38395416736602783]], "s_pred_p_future": [[0.6605587005615234, 0.6700000166893005, 0.6526315808296204], [0.6556535959243774, 0.6795180439949036, 0.6356164216995239], [0.6790761947631836, 0.6835442781448364, 0.6753246784210205], [0.6176924705505371, 0.6620370149612427, 0.5804597735404968], [0.6151309013366699, 0.668181836605072, 0.570588231086731]], "shift_hold_p_now_after": [[0.7264218926429749, 0.8344007134437561, 0.4692082107067108], [0.7257630228996277, 0.8406840562820435, 0.45201238989830017], [0.7087061405181885, 0.792864203453064, 0.5082352757453918], [0.6874858140945435, 0.7969782948493958, 0.4266666769981384], [0.704838752746582, 0.8233151435852051, 0.4226190447807312]], "shift_hold_p_now_before": [[0.6755169034004211, 0.7859181761741638, 0.41253262758255005], [0.6488876342773438, 0.7329192757606506, 0.44871795177459717], [0.6441766619682312, 0.7191489338874817, 0.4655870497226715], [0.6459046006202698, 0.7507389187812805, 0.3961813747882843], [0.669579267501831, 0.7977941036224365, 0.3641618490219116]], "s_pred_p_now": [[0.6596149206161499, 0.6415094137191772, 0.6748166084289551], [0.6594809293746948, 0.6356164216995239, 0.6795180439949036], [0.6352183818817139, 0.5460526347160339, 0.7100840210914612], [0.6441846489906311, 0.6212534308433533, 0.6634382605552673], [0.6654558181762695, 0.676616907119751, 0.6560846567153931]], "backchannel": [[0.6778128147125244, 0.6699507236480713, 0.6883720755577087], [0.6878112554550171, 0.7066189646720886, 0.6625514626502991], [0.7115154266357422, 0.7252946496009827, 0.6930091381072998], [0.7106573581695557, 0.7285714149475098, 0.6865979433059692], [0.6810221672058105, 0.7069116234779358, 0.6462513208389282]], "short_long": [[0.6009148955345154, 0.23569023609161377, 0.780251681804657], [0.6407180428504944, 0.44235295057296753, 0.7381215691566467], [0.6203403472900391, 0.5438596606254578, 0.6578947305679321], [0.6527143716812134, 0.3723723590373993, 0.7903711199760437], [0.5735761523246765, 0.11999999731779099, 0.7962962985038757]]}, "roddy_events": {"overlaps_before_p_now": [[0.5704456567764282, 0.752293586730957, 0.22857142984867096], [0.5823312401771545, 0.682539701461792, 0.39393940567970276], [0.5884160399436951, 0.7209876775741577, 0.3391812741756439], [0.5906451940536499, 0.713567852973938, 0.3595505654811859], [0.6286258697509766, 0.7795823812484741, 0.3448275923728943]], "overlaps_before_p_future": [[0.6424118280410767, 0.7531172037124634, 0.4342857003211975], [0.6415383815765381, 0.7860465049743652, 0.36986300349235535], [0.6365033388137817, 0.7990970611572266, 0.3308270573616028], [0.567846417427063, 0.6805194616317749, 0.3560209572315216], [0.6513242721557617, 0.7769784331321716, 0.4150943458080292]], "overlaps_after_p_now": [[0.6121901273727417, 0.7286432385444641, 0.3932584226131439], [0.6306729316711426, 0.7746478915214539, 0.36000001430511475], [0.6411032676696777, 0.7822014093399048, 0.3758389353752136], [0.6029853820800781, 0.7308642268180847, 0.3625730872154236], [0.6649163365364075, 0.800000011920929, 0.4109589159488678]], "overlaps_after_p_future": [[0.6388612985610962, 0.7384615540504456, 0.4516128897666931], [0.6583550572395325, 0.7673267126083374, 0.45348837971687317], [0.668358564376831, 0.7699999809265137, 0.47727271914482117], [0.638064444065094, 0.7512437701225281, 0.4252873659133911], [0.6900386214256287, 0.8047618865966797, 0.4743589758872986]], "overlap_spred_before_p_future": [[0.695942759513855, 0.7704917788505554, 0.5625], [0.6918282508850098, 0.7989949584007263, 0.5], [0.7146421074867249, 0.8091602921485901, 0.5454545617103577], [0.6539034247398376, 0.7628865838050842, 0.4588235318660736], [0.7110600471496582, 0.788203775882721, 0.5729729533195496]]}, "gap_0": {"gap_0_p_future": [[0.7692651152610779, 0.8641975522041321, 0.436860054731369], [0.7676202058792114, 0.856783926486969, 0.4554140269756317], [0.7655644416809082, 0.8504672646522522, 0.4682779312133789], [0.7483873963356018, 0.8444444537162781, 0.41204437613487244], [0.7543996572494507, 0.861201286315918, 0.3804347813129425]], "gap_0_p_now": [[0.767434298992157, 0.8518046736717224, 0.47201210260391235], [0.7614417672157288, 0.844901442527771, 0.4692082107067108], [0.7223469614982605, 0.7954128384590149, 0.4665071666240692], [0.736725389957428, 0.8234782814979553, 0.4329608976840973], [0.7505703568458557, 0.8530259132385254, 0.39182281494140625]], "s_pred_p_now": [[0.8115265369415283, 0.8072487711906433, 0.8151658773422241], [0.8035333156585693, 0.79666668176651, 0.809374988079071], [0.7584273815155029, 0.7508305907249451, 0.7648902535438538], [0.7197939157485962, 0.7050847411155701, 0.7323076725006104], [0.7645161151885986, 0.7645161151885986, 0.7645161151885986]], "s_pred_p_future": [[0.762575626373291, 0.7662957310676575, 0.7594107985496521], [0.7809973955154419, 0.7702702879905701, 0.790123462677002], [0.7262348532676697, 0.7166666388511658, 0.734375], [0.715786337852478, 0.7197452187538147, 0.7124183177947998], [0.7358123064041138, 0.7472867965698242, 0.7260504364967346]], "superset_p_future": [[0.7717257142066956, 0.8620895743370056, 0.4282178282737732], [0.7772541046142578, 0.8751818537712097, 0.40499305725097656], [0.7780711054801941, 0.8635817170143127, 0.45301204919815063], [0.7493064403533936, 0.8448327779769897, 0.3861740231513977], [0.7669398188591003, 0.868067741394043, 0.3825136721134186]]}, "fast_shift": {}, "slow_shift": {}, "short_long": {}}, "bal_Accs": {"ekstedt_events": {"shift_hold_p_future_after": [0.6932654586213338, 0.6830422193162713, 0.6671772837661125, 0.6178498038483093, 0.6431019988791332], "shift_hold_p_future_before": [0.6419017373435456, 0.6318559686157295, 0.6227676069493742, 0.5904492807771343, 0.6031197459368578], "s_pred_p_future": [0.6688573245707017, 0.6696523213907144, 0.6780792876828492, 0.6398929404282383, 0.6416949332202672], "shift_hold_p_now_after": [0.6713151503829629, 0.6577433215019615, 0.6677003549411544, 0.6117083878199141, 0.6297636839155614], "shift_hold_p_now_before": [0.6135438072109098, 0.5988604520829441, 0.5893611059219129, 0.5731505697739585, 0.5819166822342612], "s_pred_p_now": [0.6597413610345558, 0.6583898664405343, 0.6317309730761077, 0.6433379266482935, 0.6744753020987916], "backchannel": [0.6945769106957036, 0.6962407450384422, 0.6957466480007786, 0.7228602229425725, 0.7041369397426204], "short_long": [0.5564786944325, 0.5745541290415054, 0.5961002928107787, 0.5556852386510227, 0.5413160104019493]}, "roddy_events": {"overlaps_before_p_now": [0.49872340425531914, 0.4804255319148936, 0.5463829787234042, 0.4986170212765958, 0.5751063829787234], "overlaps_before_p_future": [0.5551063829787234, 0.5667021276595745, 0.596063829787234, 0.5354255319148936, 0.5967021276595745], "overlaps_after_p_now": [0.5504255319148936, 0.5537234042553192, 0.5841489361702128, 0.5473404255319149, 0.6125531914893617], "overlaps_after_p_future": [0.5969148936170212, 0.6237234042553192, 0.6207446808510639, 0.5592553191489362, 0.6284042553191489], "overlap_spred_before_p_future": [0.6638826815642458, 0.6298882681564246, 0.6910614525139664, 0.6298882681564246, 0.6756145251396648]}, "gap_0": {"gap_0_p_future": [0.6864093852985711, 0.669773892684913, 0.6687228817549083, 0.6424895980455778, 0.640985609039203],