{"f1_score": {"ekstedt_events": {"shift_hold_p_future_after": [[0.7074911594390869, 0.8206071853637695, 0.4380403459072113], [0.7221839427947998, 0.8266913890838623, 0.4732394218444824], [0.7121102809906006, 0.8053950071334839, 0.4898989796638489], [0.7037745118141174, 0.8071833848953247, 0.457446813583374], [0.6982864737510681, 0.8272157311439514, 0.39116719365119934]], "shift_hold_p_future_before": [[0.696613609790802, 0.814338207244873, 0.4161849617958069], [0.6859110593795776, 0.7923809289932251, 0.4322916567325592], [0.6840775012969971, 0.7935606241226196, 0.42328041791915894], [0.6724353432655334, 0.7948004007339478, 0.380952388048172], [0.6821770668029785, 0.808043897151947, 0.38235294818878174]], "s_pred_p_future": [[0.6624770164489746, 0.6765432357788086, 0.6506666541099548], [0.6449491381645203, 0.6822429895401001, 0.6136363744735718], [0.6461538672447205, 0.6461538672447205, 0.6461538672447205], [0.5894896984100342, 0.6438356041908264, 0.5438596606254578], [0.5948105454444885, 0.6561797857284546, 0.5432835817337036]], "shift_hold_p_now_after": [[0.723648190498352, 0.8308823704719543, 0.46820810437202454], [0.7110270857810974, 0.8357142806053162, 0.41401273012161255], [0.6863108277320862, 0.7692307829856873, 0.48878923058509827], [0.7043561935424805, 0.8155699968338013, 0.4394366145133972], [0.7066031098365784, 0.8271493315696716, 0.41945287585258484]], "shift_hold_p_now_before": [[0.6606289744377136, 0.7803958654403687, 0.37533512711524963], [0.6461265683174133, 0.7272727489471436, 0.4528301954269409], [0.645540714263916, 0.7149028182029724, 0.4803149700164795], [0.6655688285827637, 0.7810426354408264, 0.39050132036209106], [0.6675918698310852, 0.8032638430595398, 0.34441086649894714]], "s_pred_p_now": [[0.703128457069397, 0.6881720423698425, 0.7156862616539001], [0.6823036670684814, 0.6555555462837219, 0.7047619223594666], [0.6328323483467102, 0.5292096138000488, 0.719836413860321], [0.6442585587501526, 0.6293333172798157, 0.6567901372909546], [0.6820513010025024, 0.6820513010025024, 0.6820513010025024]], "backchannel": [[0.68741774559021, 0.6759999990463257, 0.7027522921562195], [0.6991043090820312, 0.7127272486686707, 0.6808080673217773], [0.7199760675430298, 0.7312614321708679, 0.7048192620277405], [0.7103530764579773, 0.720588207244873, 0.6966068148612976], [0.7058027982711792, 0.7198549509048462, 0.6869301199913025]], "short_long": [[0.6071786880493164, 0.25249168276786804, 0.7813411355018616], [0.6441771984100342, 0.42211055755615234, 0.7532188892364502], [0.5944492816925049, 0.5, 0.6408268809318542], [0.6398971676826477, 0.336448609828949, 0.7888998985290527], [0.5753871202468872, 0.12096773833036423, 0.7985212802886963]]}, "roddy_events": {"overlaps_before_p_now": [[0.6044043302536011, 0.7772727012634277, 0.27941176295280457], [0.5649594664573669, 0.6770833134651184, 0.3541666567325592], [0.6102700233459473, 0.7358024716377258, 0.3742690086364746], [0.613067090511322, 0.738916277885437, 0.3764705955982208], [0.5865432620048523, 0.7757847309112549, 0.23076923191547394]], "overlaps_before_p_future": [[0.6435388922691345, 0.7461928725242615, 0.450549453496933], [0.6283348202705383, 0.7945823669433594, 0.31578946113586426], [0.6501352787017822, 0.801822304725647, 0.36496350169181824], [0.6308412551879883, 0.74055415391922, 0.42458099126815796], [0.639146089553833, 0.7870370149612427, 0.3611111044883728]], "overlaps_after_p_now": [[0.6039916276931763, 0.7352941036224365, 0.3571428656578064], [0.6233924627304077, 0.7853881120681763, 0.3188405930995941], [0.6364442110061646, 0.7842227220535278, 0.35862070322036743], [0.6192755699157715, 0.758949875831604, 0.35668790340423584], [0.61301589012146, 0.7955555319786072, 0.2698412835597992]], "overlaps_after_p_future": [[0.6975582838058472, 0.7692307829856873, 0.5628140568733215], [0.6929545402526855, 0.8076009750366211, 0.47741934657096863], [0.6742580533027649, 0.7761194109916687, 0.48275861144065857], [0.665190577507019, 0.782608687877655, 0.4444444477558136], [0.6654657125473022, 0.8036951422691345, 0.4055944085121155]], "overlap_spred_before_p_future": [[0.7639474868774414, 0.8146067261695862, 0.6732673048973083], [0.7087200284004211, 0.808080792427063, 0.5308641791343689], [0.7083927392959595, 0.8030690550804138, 0.538922131061554], [0.6778464913368225, 0.7772020697593689, 0.5], [0.7128263711929321, 0.7859078645706177, 0.5820105671882629]]}, "gap_0": {"gap_0_p_future": [[0.7725236415863037, 0.8650433421134949, 0.44856661558151245], [0.7669628858566284, 0.8577388525009155, 0.4491114616394043], [0.7535286545753479, 0.8443316221237183, 0.43558281660079956], [0.7629687786102295, 0.8611339330673218, 0.4192439913749695], [0.7670060396194458, 0.8709677457809448, 0.4029850661754608]], "gap_0_p_now": [[0.7620062828063965, 0.8521008491516113, 0.446540892124176], [0.7488058805465698, 0.8376068472862244, 0.4378698170185089], [0.7281618118286133, 0.8005489706993103, 0.4746987819671631], [0.7537734508514404, 0.8449513912200928, 0.4345146417617798], [0.7627198696136475, 0.8630976676940918, 0.41124778985977173]], "s_pred_p_now": [[0.8162552714347839, 0.8143322467803955, 0.8178913593292236], [0.8163472414016724, 0.8125, 0.8196202516555786], [0.7970795631408691, 0.7857142686843872, 0.8067484498023987], [0.784195065498352, 0.7774086594581604, 0.7899686694145203], [0.8097249269485474, 0.8090614676475525, 0.8102893829345703]], "s_pred_p_future": [[0.7752374410629272, 0.7811023592948914, 0.7702479362487793], [0.784127414226532, 0.7796052694320679, 0.7879746556282043], [0.7680902481079102, 0.7607973217964172, 0.7742946743965149], [0.7424266934394836, 0.7527216076850891, 0.733668327331543], [0.751888632774353, 0.7635239362716675, 0.7419899106025696]], "superset_p_future": [[0.7747592329978943, 0.8633781671524048, 0.4378843903541565], [0.7810582518577576, 0.880092442035675, 0.4045911133289337], [0.7724002599716187, 0.8632707595825195, 0.42696627974510193], [0.7718312740325928, 0.8675691485404968, 0.40789473056793213], [0.7751002311706543, 0.8769497275352478, 0.38793104887008667]]}, "fast_shift": {}, "slow_shift": {}, "short_long": {}}, "bal_Accs": {"ekstedt_events": {"shift_hold_p_future_after": [0.692364094900056, 0.6531384270502522, 0.6571315150382964, 0.6460396039603961, 0.6281944703904353], "shift_hold_p_future_before": [0.6339249019241546, 0.6202970297029703, 0.6202643377545303, 0.5959555389501214, 0.6008499906594433], "s_pred_p_future": [0.6725673097307611, 0.6648293406826373, 0.6410059359762561, 0.6154070383718465, 0.6247350010599958], "shift_hold_p_now_after": [0.6638613861386138, 0.6611479544180834, 0.6736082570521202, 0.6421679432094153, 0.6378292546235755], "shift_hold_p_now_before": [0.6198626938165515, 0.5965019615169065, 0.6145479170558565, 0.5975247524752475, 0.6102512609751541], "s_pred_p_now": [0.7038901844392622, 0.6805172779308882, 0.6313864744541022, 0.6451399194403222, 0.6872747509009964], "backchannel": [0.7152073335978499, 0.7066411133653249, 0.7088645500348114, 0.7203803798558135, 0.7313291210313153], "short_long": [0.574456866719905, 0.5834408337940495, 0.590085386080226, 0.569138153449229, 0.5582140590126339]}, "roddy_events": {"overlaps_before_p_now": [0.5390425531914893, 0.5457446808510639, 0.5507446808510639, 0.5219148936170213, 0.5430851063829787], "overlaps_before_p_future": [0.6447872340425531, 0.6132978723404255, 0.6184042553191489, 0.5820212765957447, 0.6096808510638299], "overlaps_after_p_now": [0.5471276595744681, 0.5380851063829788, 0.5794680851063829, 0.5722340425531915, 0.5708510638297872], "overlaps_after_p_future": [0.6572340425531915, 0.6826595744680851, 0.6354255319148936, 0.6045744680851064, 0.6501063829787235], "overlap_spred_before_p_future": [0.734022346368715, 0.7266480446927375, 0.7037150837988827, 0.67768156424581, 0.6800279329608938]}, "gap_0": {"gap_0_p_future": [0.6697777099158937, 0.6490934076420964, 0.6627476428598694, 0.6424806911732897, 0.6435380641549286],