{"f1_score": {"ekstedt_events": {"shift_hold_p_future_after": [[0.7828667759895325, 0.8518877029418945, 0.618453860282898], [0.7638227343559265, 0.8397683501243591, 0.5829145908355713], [0.760617733001709, 0.8208802342414856, 0.617067813873291], [0.7981969714164734, 0.8534136414527893, 0.6666666865348816], [0.7969100475311279, 0.863723635673523, 0.6377550959587097]], "shift_hold_p_future_before": [[0.7661479711532593, 0.8460075855255127, 0.5759162306785583], [0.738842248916626, 0.8127490282058716, 0.5627906918525696], [0.7569869160652161, 0.8280632495880127, 0.5876777172088623], [0.7621654868125916, 0.8368932008743286, 0.5841584205627441], [0.7798570990562439, 0.847953200340271, 0.6176470518112183]], "s_pred_p_future": [[0.8104070425033569, 0.7944444417953491, 0.8238095045089722], [0.7593930959701538, 0.7513227462768555, 0.7661691308021545], [0.7456695437431335, 0.7163323760032654, 0.7703016400337219], [0.776637077331543, 0.7797468304634094, 0.7740259766578674], [0.8106164932250977, 0.801075279712677, 0.8186274766921997]], "shift_hold_p_now_after": [[0.766226589679718, 0.8496240377426147, 0.5675675868988037], [0.7565680742263794, 0.8542805314064026, 0.523809552192688], [0.7623721361160278, 0.824365496635437, 0.6146993041038513], [0.7904856204986572, 0.8622981905937195, 0.6194225549697876], [0.7638634443283081, 0.8542435169219971, 0.5485714077949524]], "shift_hold_p_now_before": [[0.7287322282791138, 0.8230841755867004, 0.5039787888526917], [0.6757886409759521, 0.7358078360557556, 0.5328185558319092], [0.6932381391525269, 0.7558886408805847, 0.5440000295639038], [0.7227978706359863, 0.8115941882133484, 0.5112782120704651], [0.7252638936042786, 0.8464950919151306, 0.4364820718765259]], "s_pred_p_now": [[0.7838226556777954, 0.7558139562606812, 0.8073394298553467], [0.7496044039726257, 0.7121661901473999, 0.7810384035110474], [0.6957027912139893, 0.6062718033790588, 0.7707910537719727], [0.7894083261489868, 0.7657142877578735, 0.8093023300170898], [0.8001587390899658, 0.7833333611488342, 0.8142856955528259]], "backchannel": [[0.7361090183258057, 0.72817462682724, 0.7467652559280396], [0.7501683235168457, 0.7497603297233582, 0.7507163286209106], [0.760927677154541, 0.761904776096344, 0.7596153616905212], [0.7655502557754517, 0.7655502557754517, 0.7655502557754517], [0.773268461227417, 0.7736389636993408, 0.772770881652832]], "short_long": [[0.5930218696594238, 0.21305841207504272, 0.7795957922935486], [0.6674730777740479, 0.3951367735862732, 0.8011987805366516], [0.7460920810699463, 0.6306695342063904, 0.8027681708335876], [0.613079845905304, 0.26490065455436707, 0.7840467095375061], [0.5564696788787842, 0.06722689419984818, 0.7967032790184021]]}, "roddy_events": {"overlaps_before_p_now": [[0.5630401372909546, 0.7753304243087769, 0.16393442451953888], [0.5585046410560608, 0.663129985332489, 0.36180904507637024], [0.5886752605438232, 0.7355769276618958, 0.3125], [0.6158493161201477, 0.7518072128295898, 0.3602484464645386], [0.5889521837234497, 0.7785235047340393, 0.23255814611911774]], "overlaps_before_p_future": [[0.6361407041549683, 0.727748692035675, 0.4639175236225128], [0.6626291275024414, 0.7885985970497131, 0.42580646276474], [0.6366978287696838, 0.7954545617103577, 0.3382352888584137], [0.6266603469848633, 0.7096773982048035, 0.47058823704719543], [0.6743983030319214, 0.7813267707824707, 0.47337278723716736]], "overlaps_after_p_now": [[0.616504967212677, 0.7304785847663879, 0.40223464369773865], [0.5973522663116455, 0.7610208988189697, 0.2896551787853241], [0.6259530782699585, 0.7767441868782043, 0.34246575832366943], [0.6009308099746704, 0.742168664932251, 0.3354037404060364], [0.6180059909820557, 0.8008849620819092, 0.27419355511665344]], "overlaps_after_p_future": [[0.6742984652519226, 0.7382920384407043, 0.5539906024932861], [0.712742805480957, 0.7928388714790344, 0.5621621608734131], [0.7083841562271118, 0.784415602684021, 0.5654450058937073], [0.6853943467140198, 0.7712082266807556, 0.5240641832351685], [0.7230516672134399, 0.8175182342529297, 0.5454545617103577]], "overlap_spred_before_p_future": [[0.8102422952651978, 0.8515406250953674, 0.7363184094429016], [0.7775615453720093, 0.8483290672302246, 0.6508875489234924], [0.7841349244117737, 0.8542199730873108, 0.658682644367218], [0.7851017713546753, 0.8534704446792603, 0.6627218723297119], [0.7891994714736938, 0.8338028192520142, 0.7093595862388611]]}, "gap_0": {"gap_0_p_future": [[0.828244149684906, 0.8953730463981628, 0.5931928753852844], [0.7936041355133057, 0.8627111315727234, 0.5516265630722046], [0.8049710392951965, 0.8715517520904541, 0.5718390941619873], [0.8220941424369812, 0.8909319043159485, 0.5810593962669373], [0.8271708488464355, 0.8983957171440125, 0.5777778029441833]], "gap_0_p_now": [[0.8032596707344055, 0.8791300654411316, 0.5375999808311462], [0.7815322875976562, 0.854293167591095, 0.5267605781555176], [0.7760162949562073, 0.8383883833885193, 0.5576208233833313], [0.799301266670227, 0.8729889988899231, 0.5412843823432922], [0.8042014837265015, 0.8944000005722046, 0.4883720874786377]], "s_pred_p_now": [[0.8856121897697449, 0.8777968883514404, 0.8922610282897949], [0.8596587181091309, 0.8471001982688904, 0.8703427910804749], [0.8646351099014282, 0.85467129945755, 0.8731117844581604], [0.8741593360900879, 0.8626760840415955, 0.8839285969734192], [0.8806126117706299, 0.8697183132171631, 0.8898809552192688]], "s_pred_p_future": [[0.8566617369651794, 0.8483815789222717, 0.8637059926986694], [0.8035416603088379, 0.7755101919174194, 0.8273894190788269], [0.8315574526786804, 0.8102189898490906, 0.849711000919342], [0.8549903631210327, 0.8448275923728943, 0.8636363744735718], [0.861121416091919, 0.8469750881195068, 0.8731563687324524]], "superset_p_future": [[0.8169921636581421, 0.8851863145828247, 0.5577596426010132], [0.8086972832679749, 0.8859180212020874, 0.5151515007019043], [0.8109615445137024, 0.8811401128768921, 0.5441860556602478], [0.818311333656311, 0.8896201252937317, 0.5472392439842224], [0.8221273422241211, 0.8957780003547668, 0.5421530604362488]]}, "fast_shift": {}, "slow_shift": {}, "short_long": {}}, "bal_Accs": {"ekstedt_events": {"shift_hold_p_future_after": [0.7445077526620587, 0.6974500280216701, 0.7273304688959461, 0.7512376237623762, 0.777447225854661], "shift_hold_p_future_before": [0.7189426489818793, 0.7015318512983373, 0.6955585652904913, 0.70738371006912, 0.7539744068746497], "s_pred_p_future": [0.8097042611829552, 0.7620839516641933, 0.7499470002119991, 0.783999364002544, 0.8124072503709985], "shift_hold_p_now_after": [0.7259387259480665, 0.7220904165888287, 0.7261955912572389, 0.7431160097141789, 0.7494348963198207], "shift_hold_p_now_before": [0.662927330468896, 0.6536848496170371, 0.6523398094526434, 0.6871473939846815, 0.6972818980011208], "s_pred_p_now": [0.7802628789484842, 0.7450975196099215, 0.6924952300190799, 0.7867818528725885, 0.7993693025227899], "backchannel": [0.7367211421127888, 0.7533913023948734, 0.7294949729369578, 0.7648154248111576, 0.7623112511884531], "short_long": [0.6866463951512173, 0.7061449310973238, 0.7466930810655855, 0.6843632901283863, 0.6722362143456806]}, "roddy_events": {"overlaps_before_p_now": [0.4947872340425532, 0.512872340425532, 0.5434042553191489, 0.5495744680851065, 0.5454255319148936], "overlaps_before_p_future": [0.5656382978723404, 0.5991489361702128, 0.6258510638297872, 0.5938297872340426, 0.6175531914893617], "overlaps_after_p_now": [0.5195744680851064, 0.5178723404255319, 0.5691489361702128, 0.5503191489361702, 0.5878723404255319], "overlaps_after_p_future": [0.6091489361702127, 0.6548936170212766, 0.675531914893617, 0.6168085106382979, 0.6586170212765958], "overlap_spred_before_p_future": [0.6890502793296089, 0.7770949720670391, 0.7415083798882682, 0.7850279329608938, 0.7734078212290503]}, "gap_0": {"gap_0_p_future": [0.7508086167627337, 0.7301255868992633, 0.7414334974742656, 0.7346006540189081, 0.7742489598045578],