{"f1_score": {"ekstedt_events": {"shift_hold_p_future_after": [[0.7541147470474243, 0.8581687808036804, 0.5062500238418579], [0.7724243402481079, 0.81963711977005, 0.6599597334861755], [0.7694759964942932, 0.8476190567016602, 0.5833333134651184], [0.7770324945449829, 0.8331627249717712, 0.6433260440826416], [0.7620137929916382, 0.8581818342208862, 0.5329341292381287]], "shift_hold_p_future_before": [[0.7507997751235962, 0.85352623462677, 0.5060975551605225], [0.757057785987854, 0.8255234360694885, 0.5939674973487854], [0.7667533755302429, 0.8544949293136597, 0.5577464699745178], [0.7609428763389587, 0.8357628583908081, 0.5827160477638245], [0.7494924664497375, 0.8463661670684814, 0.5187320113182068]], "s_pred_p_future": [[0.7181873321533203, 0.7562642097473145, 0.6862170100212097], [0.8150902390480042, 0.7942857146263123, 0.8325581550598145], [0.7719353437423706, 0.7520891427993774, 0.7885985970497131], [0.8104061484336853, 0.8082901835441589, 0.8121827244758606], [0.810166597366333, 0.8112244606018066, 0.8092783689498901]], "shift_hold_p_now_after": [[0.6955392956733704, 0.8425605297088623, 0.34532374143600464], [0.7584993839263916, 0.8334956169128418, 0.5798525810241699], [0.7712691426277161, 0.8376237750053406, 0.6132075190544128], [0.7323404550552368, 0.8426762819290161, 0.4695121943950653], [0.7846170663833618, 0.848126232624054, 0.6333333253860474]], "shift_hold_p_now_before": [[0.6913659572601318, 0.837249755859375, 0.34385964274406433], [0.7126706838607788, 0.7984267473220825, 0.5083932876586914], [0.7346996068954468, 0.8167641162872314, 0.5392156839370728], [0.7137819528579712, 0.8061716556549072, 0.49370276927948], [0.696905255317688, 0.8345070481300354, 0.3691275119781494]], "s_pred_p_now": [[0.778105616569519, 0.7455621361732483, 0.8054298758506775], [0.7884262800216675, 0.7573964595794678, 0.814479649066925], [0.8272088170051575, 0.8023598790168762, 0.8480725884437561], [0.810721755027771, 0.7677419185638428, 0.8468084931373596], [0.8182181715965271, 0.8136482834815979, 0.8220551609992981]], "backchannel": [[0.5694299936294556, 0.5046728849411011, 0.6564019322395325], [0.711235761642456, 0.693498432636261, 0.7350580096244812], [0.7317966818809509, 0.722000002861023, 0.7449541091918945], [0.6411142349243164, 0.6087888479232788, 0.6845289468765259], [0.6330899000167847, 0.5913621187210083, 0.6891322731971741]], "short_long": [[0.6454996466636658, 0.3478260934352875, 0.7916666865348816], [0.7325197458267212, 0.5612244606018066, 0.8166311383247375], [0.6747854351997375, 0.4566929042339325, 0.7818756699562073], [0.6274718642234802, 0.28082191944122314, 0.7976878881454468], [0.6012592911720276, 0.21908126771450043, 0.7889207005500793]]}, "roddy_events": {"overlaps_before_p_now": [[0.5297958254814148, 0.7820512652397156, 0.0555555559694767], [0.5450103282928467, 0.7314814925193787, 0.1944444477558136], [0.5947825312614441, 0.7581395506858826, 0.2876712381839752], [0.5329626798629761, 0.7322654724121094, 0.158273383975029], [0.533208966255188, 0.7784945964813232, 0.07207207381725311]], "overlaps_before_p_future": [[0.569773256778717, 0.7895878553390503, 0.156521737575531], [0.6393481492996216, 0.7908046245574951, 0.3546099364757538], [0.6287636160850525, 0.7834101319313049, 0.3380281627178192], [0.620807409286499, 0.7749419808387756, 0.33103448152542114], [0.6063337922096252, 0.7482014298439026, 0.3396226465702057]], "overlaps_after_p_now": [[0.558845043182373, 0.7763158082962036, 0.15000000596046448], [0.5721108317375183, 0.7590909004211426, 0.22058823704719543], [0.5920781493186951, 0.7592592835426331, 0.2777777910232544], [0.5489239692687988, 0.7522522807121277, 0.1666666716337204], [0.578274130821228, 0.7713004350662231, 0.2153846174478531]], "overlaps_after_p_future": [[0.6214286088943481, 0.800000011920929, 0.2857142984867096], [0.6548354029655457, 0.7962962985038757, 0.3888888955116272], [0.6616649627685547, 0.7846890091896057, 0.4303797483444214], [0.6454247832298279, 0.7801418304443359, 0.3921568691730499], [0.6233924627304077, 0.7853881120681763, 0.3188405930995941]], "overlap_spred_before_p_future": [[0.7243201732635498, 0.8275862336158752, 0.5394737124443054], [0.7358688712120056, 0.790960431098938, 0.6372548937797546], [0.7361152768135071, 0.800000011920929, 0.621761679649353], [0.7676894068717957, 0.8260869383811951, 0.6631578803062439], [0.7710418105125427, 0.8059701323509216, 0.7085201740264893]]}, "gap_0": {"gap_0_p_future": [[0.8088957667350769, 0.8944399952888489, 0.5093632936477661], [0.8176627159118652, 0.8956805467605591, 0.5444839596748352], [0.819377601146698, 0.896411120891571, 0.5496453642845154], [0.8195677995681763, 0.8931958675384521, 0.5617597103118896], [0.8126556277275085, 0.8946515321731567, 0.525547444820404]], "gap_0_p_now": [[0.7748402953147888, 0.8860062956809998, 0.3855932056903839], [0.7885740399360657, 0.8639658689498901, 0.5245901346206665], [0.8022011518478394, 0.8745762705802917, 0.5487805008888245], [0.7938249111175537, 0.8792111873626709, 0.49484536051750183], [0.7794603109359741, 0.883499026298523, 0.4151696562767029]], "s_pred_p_now": [[0.8677419424057007, 0.8677419424057007, 0.8677419424057007], [0.9320081472396851, 0.9236363768577576, 0.939130425453186], [0.8949764966964722, 0.8837209343910217, 0.9045521020889282], [0.9127329587936401, 0.9032257795333862, 0.9208211302757263], [0.9143320918083191, 0.9048473834991455, 0.9224011898040771]], "s_pred_p_future": [[0.7785822749137878, 0.7939394116401672, 0.7655172348022461], [0.8623644113540649, 0.8451730608940125, 0.8769898414611816], [0.8196486234664917, 0.81144779920578, 0.826625406742096], [0.8711775541305542, 0.8657718300819397, 0.8757764101028442], [0.8566853404045105, 0.8504201769828796, 0.8620154857635498]], "superset_p_future": [[0.8035309314727783, 0.8965714573860168, 0.4498480260372162], [0.8167200088500977, 0.8985507488250732, 0.505649745464325], [0.8163186311721802, 0.8982313871383667, 0.5049365162849426], [0.8082277178764343, 0.8951776027679443, 0.47769784927368164], [0.8034391403198242, 0.896196722984314, 0.4508320689201355]]}, "fast_shift": {}, "slow_shift": {}, "short_long": {}}, "bal_Accs": {"ekstedt_events": {"shift_hold_p_future_after": [0.6968569026713992, 0.7669904726321689, 0.7358957593872595, 0.761049878572763, 0.7527507939473193], "shift_hold_p_future_before": [0.6941434709508687, 0.7682374369512424, 0.7205772464038857, 0.7357743321501962, 0.7388333644685223], "s_pred_p_future": [0.7422355310578758, 0.8126192495230019, 0.7707229171083316, 0.8155607377570491, 0.8169122323510706], "shift_hold_p_now_after": [0.6811600971417897, 0.7459321875583784, 0.7351064823463478, 0.7161404819727255, 0.7542639641322623], "shift_hold_p_now_before": [0.6420792079207921, 0.6778815617410798, 0.6867924528301887, 0.6899962637773212, 0.7174855221371195], "s_pred_p_now": [0.77374390502438, 0.7840788636845453, 0.8230602077591689, 0.8294731821072716, 0.822185711257155], "backchannel": [0.6246060324756507, 0.6967273557573535, 0.6970137074496359, 0.645547137606025, 0.6519142517050092], "short_long": [0.5947590965866044, 0.7000481192538444, 0.6425200155619715, 0.6406720314515633, 0.6504340970985114]}, "roddy_events": {"overlaps_before_p_now": [0.49468085106382975, 0.534468085106383, 0.5180851063829788, 0.4898936170212766, 0.5110638297872341], "overlaps_before_p_future": [0.6044680851063831, 0.6218085106382978, 0.632127659574468, 0.6408510638297873, 0.6346808510638298], "overlaps_after_p_now": [0.5157446808510638, 0.4746808510638298, 0.5355319148936171, 0.4991489361702128, 0.5208510638297872], "overlaps_after_p_future": [0.5894680851063829, 0.654468085106383, 0.6547872340425531, 0.6420212765957447, 0.6045744680851064], "overlap_spred_before_p_future": [0.7073743016759777, 0.7781284916201117, 0.7078212290502793, 0.7395810055865921, 0.7720949720670391]}, "gap_0": {"gap_0_p_future": [0.7311626013156722, 0.7904632846000179, 0.7552620529068215, 0.7557188482141721, 0.7725477471975162],