{"f1_score": {"ekstedt_events": {"shift_hold_p_future_after": [[0.4224342703819275, 0.4336718022823334, 0.39365246891975403], [0.421036034822464, 0.426919549703598, 0.4059670567512512], [0.4748639762401581, 0.5038309693336487, 0.4006730914115906], [0.5002850890159607, 0.543976366519928, 0.388382226228714], [0.5161677598953247, 0.5702834129333496, 0.37756583094596863]], "shift_hold_p_future_before": [[0.35693785548210144, 0.3364502787590027, 0.4094110131263733], [0.34614238142967224, 0.31903189420700073, 0.41557827591896057], [0.4367838501930237, 0.45020729303359985, 0.40240347385406494], [0.47112780809402466, 0.49926260113716125, 0.3990684747695923], [0.4756227731704712, 0.5089435577392578, 0.39028093218803406]], "s_pred_p_future": [[0.43964266777038574, 0.11718235909938812, 0.7009366750717163], [0.43208858370780945, 0.102257639169693, 0.6993551254272461], [0.44498327374458313, 0.13047711551189423, 0.6998319029808044], [0.4886572062969208, 0.2690773606300354, 0.6665858030319214], [0.4811980128288269, 0.25489670038223267, 0.6645730137825012]], "shift_hold_p_now_after": [[0.4172772467136383, 0.42588314414024353, 0.3952355980873108], [0.3580376207828522, 0.33738192915916443, 0.41094136238098145], [0.4303267300128937, 0.4409642517566681, 0.4030817747116089], [0.49742910265922546, 0.5409884452819824, 0.3858641982078552], [0.47518837451934814, 0.5082619190216064, 0.39047980308532715]], "shift_hold_p_now_before": [[0.2575913071632385, 0.191613107919693, 0.4265759587287903], [0.2384844273328781, 0.1655072122812271, 0.42539501190185547], [0.29308265447616577, 0.24308744072914124, 0.42113128304481506], [0.3740161657333374, 0.35854241251945496, 0.41364777088165283], [0.35519006848335266, 0.3313652575016022, 0.4162106513977051]], "s_pred_p_now": [[0.40070533752441406, 0.017595307901501656, 0.7111446261405945], [0.40107282996177673, 0.018321730196475983, 0.7112212777137756], [0.4117109179496765, 0.043664995580911636, 0.7099435329437256], [0.42363718152046204, 0.07694949954748154, 0.7045629620552063], [0.4255349040031433, 0.07975248992443085, 0.7057271599769592]], "backchannel": [[0.5069373250007629, 0.5392699837684631, 0.45113086700439453], [0.5488640069961548, 0.6978394985198975, 0.2917308807373047], [0.5008959770202637, 0.5278478264808655, 0.4543769061565399], [0.5293934941291809, 0.757483959197998, 0.13570727407932281], [0.5491920709609985, 0.7230141758918762, 0.2491735965013504]], "short_long": [[0.48675447702407837, 0.4871029555797577, 0.48655569553375244], [0.3032304644584656, 0.5280804634094238, 0.17497068643569946], [0.5298007130622864, 0.4677419364452362, 0.5652005672454834], [0.27328479290008545, 0.5274237394332886, 0.1283179074525833], [0.3319206237792969, 0.5247788429260254, 0.22190971672534943]]}, "roddy_events": {"overlaps_before_p_now": [[0.3977116644382477, 0.3922503590583801, 0.4122225344181061], [0.3128983974456787, 0.2744583189487457, 0.4150344133377075], [0.4365536570549011, 0.4522612988948822, 0.3948180079460144], [0.4757958948612213, 0.5092348456382751, 0.3869479298591614], [0.4514869749546051, 0.46677833795547485, 0.41085749864578247]], "overlaps_before_p_future": [[0.4268910586833954, 0.43300747871398926, 0.41063958406448364], [0.3582511246204376, 0.33636078238487244, 0.41641420125961304], [0.466574490070343, 0.4944966435432434, 0.3923846483230591], [0.4706556797027588, 0.4991965591907501, 0.39482200145721436], [0.477397620677948, 0.5066738128662109, 0.39961013197898865]], "overlaps_after_p_now": [[0.5408852100372314, 0.6036381125450134, 0.3741496503353119], [0.5064394474029541, 0.553931474685669, 0.38025209307670593], [0.5289409756660461, 0.5928588509559631, 0.3591097593307495], [0.5330072641372681, 0.5948026776313782, 0.3688156008720398], [0.5247398614883423, 0.5822352170944214, 0.37197357416152954]], "overlaps_after_p_future": [[0.4050931930541992, 0.4003569185733795, 0.417677640914917], [0.4007241129875183, 0.3997648358345032, 0.40327292680740356], [0.4337823688983917, 0.4466347396373749, 0.39963337779045105], [0.492499440908432, 0.530145525932312, 0.39247313141822815], [0.5075080990791321, 0.5505102276802063, 0.3932506740093231]], "overlap_spred_before_p_future": [[0.28039610385894775, 0.23860087990760803, 0.4015709459781647], [0.2634514272212982, 0.21478648483753204, 0.4045432507991791], [0.29107770323753357, 0.25385090708732605, 0.3990074396133423], [0.42512011528015137, 0.4349214732646942, 0.3967036008834839], [0.3731449246406555, 0.3645097613334656, 0.39818036556243896]]}, "gap_0": {"gap_0_p_future": [[0.40092897415161133, 0.4207215905189514, 0.32569873332977295], [0.3656424283981323, 0.37452420592308044, 0.3318835198879242], [0.4381220042705536, 0.46715566515922546, 0.32776716351509094], [0.49131983518600464, 0.5358697175979614, 0.3219890892505646], [0.5160061717033386, 0.5694098472595215, 0.3130228519439697]], "gap_0_p_now": [[0.24695536494255066, 0.2224656492471695, 0.34003889560699463], [0.2119539976119995, 0.1787635087966919, 0.3381084203720093], [0.3167175352573395, 0.3112996518611908, 0.3373104929924011], [0.3782000243663788, 0.3900923430919647, 0.3329983353614807], [0.37701207399368286, 0.38886457681655884, 0.3319617211818695]], "s_pred_p_now": [[0.4195370376110077, 0.059716857969760895, 0.7092254757881165], [0.41788405179977417, 0.05668641999363899, 0.7086814641952515], [0.44604477286338806, 0.12339704483747482, 0.7058059573173523], [0.46387267112731934, 0.17946428060531616, 0.6928476095199585], [0.4604587256908417, 0.17624861001968384, 0.6892740726470947]], "s_pred_p_future": [[0.454593688249588, 0.15867242217063904, 0.6928375959396362], [0.4509423077106476, 0.15156356990337372, 0.6919698119163513], [0.45729896426200867, 0.16122402250766754, 0.6956666111946106], [0.5002453327178955, 0.30351200699806213, 0.658633828163147], [0.4955165982246399, 0.29941219091415405, 0.6533987522125244]], "superset_p_future": [[0.40815067291259766, 0.4321484863758087, 0.3051043152809143], [0.39974990487098694, 0.4215938448905945, 0.305952250957489], [0.43805626034736633, 0.4691048860549927, 0.3047337234020233], [0.5066535472869873, 0.5549895167350769, 0.2990995943546295], [0.5197731852531433, 0.5725002288818359, 0.2933639585971832]]}, "fast_shift": {}, "slow_shift": {}, "short_long": {}}, "bal_Accs": {"ekstedt_events": {"shift_hold_p_future_after": [0.49624795670087773, 0.4974355699442825, 0.5002825004399423, 0.5086749223833946, 0.5073677364613192], "shift_hold_p_future_before": [0.49810720089218435, 0.4956766176700972, 0.5007378175768677, 0.5015585459791836, 0.5056195430651256], "s_pred_p_future": [0.5068380326488211, 0.5014324206753421, 0.5093986122702212, 0.5103954594408229, 0.5034878427742385], "shift_hold_p_now_after": [0.500528161487421, 0.49574269777551855, 0.5015134332580993, 0.5030706299390529, 0.5022974642993442], "shift_hold_p_now_before": [0.5004800128453192, 0.49782597873477585, 0.5015877866921414, 0.4977010976328054, 0.5019975472598807], "s_pred_p_now": [0.5039752114792978, 0.5060221039244039, 0.5047068537563922, 0.5039532700672451, 0.5047205460953714], "backchannel": [0.5056710562010972, 0.4989659981845756, 0.5028822681774251, 0.5100239000436907, 0.5012662599810073], "short_long": [0.5249095918981281, 0.50468935635568, 0.5327665877342367, 0.5020934762685924, 0.5029008872694831]}, "roddy_events": {"overlaps_before_p_now": [0.5023195917518517, 0.50145444672008, 0.5056050675621631, 0.504297405818738, 0.5114600370875266], "overlaps_before_p_future": [0.5001000904921815, 0.49982338243604263, 0.5012819365413309, 0.5064710773066102, 0.5137136944978765], "overlaps_after_p_now": [0.5228284146314572, 0.5087781307246682, 0.5054202352277891, 0.5136497057598943, 0.5181903120185982], "overlaps_after_p_future": [0.5058984213373041, 0.5012194610505308, 0.5024637825904803, 0.510701684071171, 0.5194778691923194], "overlap_spred_before_p_future": [0.4983461217664878, 0.5004338755787484, 0.5037624342995485, 0.5119410880173074, 0.509133972457816]},