{"f1_score": {"ekstedt_events": {"shift_hold_p_future_after": [[0.6998555660247803, 0.8155867457389832, 0.40344271063804626], [0.7024456858634949, 0.8070195317268372, 0.43460899591445923], [0.6963671445846558, 0.8027960658073425, 0.4237794876098633], [0.7054724097251892, 0.8102140426635742, 0.4372061789035797], [0.7076270580291748, 0.8216831684112549, 0.41550442576408386]], "shift_hold_p_future_before": [[0.6893959045410156, 0.8062266111373901, 0.3901668190956116], [0.6900491714477539, 0.7911553382873535, 0.43109428882598877], [0.6881641745567322, 0.8059301972389221, 0.3865398168563843], [0.6996455788612366, 0.8084962368011475, 0.4208553433418274], [0.7040436267852783, 0.811532199382782, 0.42874211072921753]], "s_pred_p_future": [[0.7274798154830933, 0.7065139412879944, 0.7444686889648438], [0.7066503763198853, 0.6425619721412659, 0.7585821747779846], [0.7256280779838562, 0.6769534945487976, 0.7650697827339172], [0.7456874847412109, 0.7118002772331238, 0.7731467485427856], [0.730444073677063, 0.6752188801765442, 0.7751938104629517]], "shift_hold_p_now_after": [[0.6786147356033325, 0.8192629218101501, 0.3183838427066803], [0.6872462034225464, 0.7934452295303345, 0.4152473509311676], [0.6897868514060974, 0.7967813611030579, 0.4157506227493286], [0.6853120923042297, 0.8118182420730591, 0.36130231618881226], [0.6920821070671082, 0.795866847038269, 0.42626655101776123]], "shift_hold_p_now_before": [[0.6654465794563293, 0.7816576361656189, 0.36780470609664917], [0.6549316048622131, 0.7522197961807251, 0.4057554006576538], [0.6631790399551392, 0.7628816962242126, 0.4078187346458435], [0.6602405905723572, 0.7640898823738098, 0.39425981044769287], [0.6471115350723267, 0.7324381470680237, 0.4285714328289032]], "s_pred_p_now": [[0.6831874251365662, 0.572594165802002, 0.7728026509284973], [0.6578968167304993, 0.5178663730621338, 0.7713654041290283], [0.7244666814804077, 0.6500437259674072, 0.7847726941108704], [0.7180758714675903, 0.6351989507675171, 0.7852322459220886], [0.6631022095680237, 0.5234619379043579, 0.7762545943260193]], "backchannel": [[0.5225366353988647, 0.48035362362861633, 0.5953447818756104], [0.5220096707344055, 0.4761972427368164, 0.6010822653770447], [0.5431758761405945, 0.505387544631958, 0.6083989143371582], [0.5601167678833008, 0.5262722969055176, 0.6185327172279358], [0.5146130323410034, 0.46717512607574463, 0.5964912176132202]], "short_long": [[0.7159627079963684, 0.5562983751296997, 0.8070390224456787], [0.730569064617157, 0.57759690284729, 0.8178279995918274], [0.6907256841659546, 0.4901658296585083, 0.8051297068595886], [0.7231833934783936, 0.5489233136177063, 0.8225854635238647], [0.6904222965240479, 0.48928365111351013, 0.8051565289497375]]}, "roddy_events": {"overlaps_before_p_now": [[0.6626505255699158, 0.8314646482467651, 0.21410788595676422], [0.6546498537063599, 0.8071467876434326, 0.24946236610412598], [0.658872127532959, 0.8244795203208923, 0.21884983777999878], [0.6547566652297974, 0.8282971978187561, 0.1936560869216919], [0.6531540751457214, 0.803627610206604, 0.25334271788597107]], "overlaps_before_p_future": [[0.672838032245636, 0.8296109437942505, 0.2562893033027649], [0.6764683127403259, 0.8155844211578369, 0.30683404207229614], [0.6807653307914734, 0.8319479823112488, 0.27906978130340576], [0.6754833459854126, 0.8292682766914368, 0.2668735384941101], [0.6814578771591187, 0.8228802680969238, 0.3056957423686981]], "overlaps_after_p_now": [[0.6520910263061523, 0.8258547186851501, 0.19039735198020935], [0.6486081480979919, 0.8154568672180176, 0.20528770983219147], [0.6617820858955383, 0.8186114430427551, 0.24508321285247803], [0.6494089961051941, 0.8193895816802979, 0.19776713848114014], [0.6486716270446777, 0.8041236996650696, 0.23563218116760254]], "overlaps_after_p_future": [[0.7014599442481995, 0.8254681825637817, 0.3719676434993744], [0.6931607723236084, 0.816912055015564, 0.3643512427806854], [0.7028077244758606, 0.8243700861930847, 0.379814088344574], [0.6975866556167603, 0.8344007134437561, 0.334069162607193], [0.6988008618354797, 0.8281366229057312, 0.3551532030105591]], "overlap_spred_before_p_future": [[0.7223916053771973, 0.8329817056655884, 0.4017632305622101], [0.7086804509162903, 0.7997007369995117, 0.4447900354862213], [0.7103932499885559, 0.8091491460800171, 0.42407509684562683], [0.7234181761741638, 0.8313891887664795, 0.4103831946849823], [0.7024381160736084, 0.7865082621574402, 0.45869776606559753]]}, "gap_0": {"gap_0_p_future": [[0.7591836452484131, 0.867107093334198, 0.34897518157958984], [0.7565925717353821, 0.8537040948867798, 0.3874792456626892], [0.7587778568267822, 0.857689380645752, 0.38282299041748047], [0.7688647508621216, 0.8669772148132324, 0.39594680070877075], [0.7688931822776794, 0.8726752400398254, 0.3744255304336548]], "gap_0_p_now": [[0.7432403564453125, 0.8439313173294067, 0.3605220317840576], [0.7315841317176819, 0.8208937644958496, 0.39212533831596375], [0.7437583804130554, 0.8414511680603027, 0.37243568897247314], [0.7403234243392944, 0.8356500864028931, 0.3779940903186798], [0.7337808609008789, 0.8227851986885071, 0.39548251032829285]], "s_pred_p_now": [[0.8116216063499451, 0.778895914554596, 0.8379688262939453], [0.8010369539260864, 0.7557449340820312, 0.8375012874603271], [0.8252069354057312, 0.7993839979171753, 0.8459967970848083], [0.8297158479690552, 0.798019528388977, 0.8552343249320984], [0.825659990310669, 0.785801351070404, 0.857749879360199]], "s_pred_p_future": [[0.7681453227996826, 0.7577293515205383, 0.7765311002731323], [0.7609109878540039, 0.7329260110855103, 0.7834416031837463], [0.7751577496528625, 0.7444629073143005, 0.7998698949813843], [0.7891966104507446, 0.7671049237251282, 0.8069824576377869], [0.7820270657539368, 0.7498250007629395, 0.8079527020454407]], "superset_p_future": [[0.7755610942840576, 0.8798335194587708, 0.3278164565563202], [0.7730651497840881, 0.8738968968391418, 0.3400949537754059], [0.7752879858016968, 0.8711201548576355, 0.36378583312034607], [0.7813750505447388, 0.8815557956695557, 0.35119980573654175], [0.7819790244102478, 0.8827555179595947, 0.34924593567848206]]}, "fast_shift": {}, "slow_shift": {}, "short_long": {}}, "bal_Accs": {"ekstedt_events": {"shift_hold_p_future_after": [0.6410878070736463, 0.6413898190761511, 0.6537313883838489, 0.6527432227235457, 0.659329644494004], "shift_hold_p_future_before": [0.618510479147164, 0.636481888795953, 0.6430305124620475, 0.6386096965968, 0.6461116882320033], "s_pred_p_future": [0.728288888599579, 0.7164174062400254, 0.7272131982475603, 0.7395175044208298, 0.7310815084737621], "shift_hold_p_now_after": [0.6188450873542776, 0.6179252387938297, 0.6289950412579891, 0.617735449345427, 0.622221031525714], "shift_hold_p_now_before": [0.5755355258151288, 0.5796109035795746, 0.6031482571966952, 0.5807288859327422, 0.5823549500851976], "s_pred_p_now": [0.6986407098826813, 0.6803400009786655, 0.7187504910162543, 0.7103089956871377, 0.7275823302385654], "backchannel": [0.5953784143250369, 0.6006977722684026, 0.606863212948879, 0.6117605736088487, 0.5904311244564785], "short_long": [0.7290993619287114, 0.7402582584271817, 0.7092732312656603, 0.7454945182789432, 0.7203462507620262]}, "roddy_events": {"overlaps_before_p_now": [0.545127625105549, 0.5434490016243627, 0.5434157101863586, 0.5267258908378072, 0.5416145136834296], "overlaps_before_p_future": [0.5853804325033389, 0.5911995164526719, 0.5935057051580543, 0.5819075302206271, 0.5874531487863541], "overlaps_after_p_now": [0.52900548962842, 0.5246482024569081, 0.5376541296299419, 0.5250115979587593, 0.529153787852257], "overlaps_after_p_future": [0.6126733586780618, 0.6112206413833328, 0.6165954791956616, 0.6231848059606374, 0.6233155937527968], "overlap_spred_before_p_future": [0.651645260156948, 0.6327801914996047, 0.629680655687039, 0.6581008929119787, 0.6361446093435799]}, "gap_0": {"gap_0_p_future": [0.6540461579847925, 0.6678402036132212, 0.6724276078412444, 0.676024191871624, 0.6792149771575968],