{"f1_score": {"ekstedt_events": {"shift_hold_p_future_after": [[0.8025453090667725, 0.8732394576072693, 0.6341463327407837], [0.7869647741317749, 0.836287796497345, 0.6694737076759338], [0.814990758895874, 0.8724440336227417, 0.6781326532363892], [0.7905058860778809, 0.8517786264419556, 0.6445497870445251], [0.7644225358963013, 0.8602541089057922, 0.5361445546150208]], "shift_hold_p_future_before": [[0.8051413297653198, 0.8697317838668823, 0.6512820720672607], [0.8018805384635925, 0.8542510271072388, 0.6771300435066223], [0.7896039485931396, 0.8646616339683533, 0.6108108162879944], [0.8014802932739258, 0.8643410801887512, 0.6517412662506104], [0.7589626312255859, 0.8563636541366577, 0.5269461274147034]], "s_pred_p_future": [[0.800084114074707, 0.7989690899848938, 0.8010203838348389], [0.7973889112472534, 0.7774648070335388, 0.8141176700592041], [0.7888003587722778, 0.7602339386940002, 0.8127853870391846], [0.8028095364570618, 0.7989556193351746, 0.8060453534126282], [0.7886358499526978, 0.7980295419692993, 0.7807486653327942]], "shift_hold_p_now_after": [[0.7716126441955566, 0.8587257862091064, 0.5641025900840759], [0.7641485333442688, 0.8373904824256897, 0.5896806120872498], [0.7853460311889648, 0.8541063070297241, 0.621553897857666], [0.7796836495399475, 0.8678213357925415, 0.5697329640388489], [0.7740299105644226, 0.8558052182197571, 0.5792349576950073]], "shift_hold_p_now_before": [[0.7326647639274597, 0.8410536050796509, 0.4744744598865509], [0.7150561809539795, 0.8007850646972656, 0.5108433961868286], [0.7171885967254639, 0.8258064389228821, 0.4584527313709259], [0.7603738307952881, 0.8422053456306458, 0.5654450058937073], [0.6856757998466492, 0.8360797762870789, 0.32740214467048645]], "s_pred_p_now": [[0.8184111714363098, 0.7865853905677795, 0.8451327681541443], [0.7576854228973389, 0.7235293984413147, 0.7863636612892151], [0.8308409452438354, 0.8156424760818481, 0.8436018824577332], [0.8335515856742859, 0.8024691343307495, 0.859649121761322], [0.729641318321228, 0.7632184028625488, 0.7014492750167847]], "backchannel": [[0.5747287273406982, 0.5160550475120544, 0.6535303592681885], [0.7048344612121582, 0.6878849864006042, 0.7275985479354858], [0.7647037506103516, 0.7736021876335144, 0.7527527809143066], [0.7403199672698975, 0.7443609237670898, 0.7348927855491638], [0.7639459371566772, 0.7658767700195312, 0.7613526582717896]], "short_long": [[0.6027034521102905, 0.26791277527809143, 0.7670961618423462], [0.6477068662643433, 0.46330276131629944, 0.7382550239562988], [0.6737512946128845, 0.5278970003128052, 0.7453703880310059], [0.6467962861061096, 0.33003300428390503, 0.8023369312286377], [0.6053440570831299, 0.23076923191547394, 0.7892720103263855]]}, "roddy_events": {"overlaps_before_p_now": [[0.558845043182373, 0.7763158082962036, 0.15000000596046448], [0.5685442686080933, 0.7453703880310059, 0.2361111044883728], [0.5548186302185059, 0.7539503574371338, 0.18045112490653992], [0.5759368538856506, 0.754023015499115, 0.24113474786281586], [0.5205761194229126, 0.7777777910232544, 0.03703703731298447]], "overlaps_before_p_future": [[0.6420087218284607, 0.8009049892425537, 0.34328359365463257], [0.6888161897659302, 0.8009592294692993, 0.4779874086380005], [0.6713546514511108, 0.7834550142288208, 0.46060606837272644], [0.6649163365364075, 0.800000011920929, 0.4109589159488678], [0.6433047652244568, 0.7811764478683472, 0.38410595059394836]], "overlaps_after_p_now": [[0.5777493715286255, 0.7608200311660767, 0.23357664048671722], [0.5640374422073364, 0.7545454502105713, 0.20588235557079315], [0.5920781493186951, 0.7592592835426331, 0.2777777910232544], [0.5721108317375183, 0.7590909004211426, 0.22058823704719543], [0.5437567830085754, 0.7637969255447388, 0.13008129596710205]], "overlaps_after_p_future": [[0.6871274709701538, 0.801909327507019, 0.47133758664131165], [0.7068489193916321, 0.8087167143821716, 0.5153374075889587], [0.7218759059906006, 0.8079800605773926, 0.5600000023841858], [0.6871274709701538, 0.801909327507019, 0.47133758664131165], [0.6044043302536011, 0.7772727012634277, 0.27941176295280457]], "overlap_spred_before_p_future": [[0.7639338970184326, 0.8306878209114075, 0.644444465637207], [0.770343542098999, 0.8093841671943665, 0.7004608511924744], [0.7644236087799072, 0.8135592937469482, 0.6764705777168274], [0.8030816912651062, 0.8459383845329285, 0.7263681888580322], [0.764869749546051, 0.8125, 0.6796116232872009]]}, "gap_0": {"gap_0_p_future": [[0.8483820557594299, 0.906655490398407, 0.6443381309509277], [0.847203254699707, 0.907122015953064, 0.637398362159729], [0.8402903079986572, 0.9036544561386108, 0.6184210777282715], [0.8453121781349182, 0.9078131318092346, 0.6264656782150269], [0.8295890092849731, 0.9062374234199524, 0.561205267906189]], "gap_0_p_now": [[0.7983740568161011, 0.8859114646911621, 0.49186256527900696], [0.7865744829177856, 0.8603351712226868, 0.5283018946647644], [0.7927314043045044, 0.8782894611358643, 0.4931506812572479], [0.812611997127533, 0.8909835815429688, 0.5381944179534912], [0.781129002571106, 0.8907167911529541, 0.39740821719169617]], "s_pred_p_now": [[0.8953224420547485, 0.8896434903144836, 0.900153636932373], [0.8735369443893433, 0.8566176295280457, 0.8879310488700867], [0.9128795266151428, 0.9049295783042908, 0.9196428656578064], [0.9194390773773193, 0.9137930870056152, 0.9242424368858337], [0.9001312255859375, 0.8976897597312927, 0.9022082090377808]], "s_pred_p_future": [[0.8534095287322998, 0.8500823974609375, 0.8562401533126831], [0.8317174911499023, 0.8115941882133484, 0.8488371968269348], [0.8227660059928894, 0.8103448152542114, 0.8333333134651184], [0.8549655675888062, 0.8529411554336548, 0.8566879034042358], [0.8448001742362976, 0.8485804200172424, 0.8415841460227966]], "superset_p_future": [[0.8407483100891113, 0.9048751592636108, 0.5969773530960083], [0.842487096786499, 0.9066113233566284, 0.5987260937690735], [0.8357749581336975, 0.9032830595970154, 0.5791505575180054], [0.8338897824287415, 0.9081425666809082, 0.5516265630722046], [0.8124312162399292, 0.9018824696540833, 0.47239264845848083]]}, "fast_shift": {}, "slow_shift": {}, "short_long": {}}, "bal_Accs": {"ekstedt_events": {"shift_hold_p_future_after": [0.7725294227535962, 0.772029702970297, 0.7776807397720904, 0.774476928824958, 0.7575892023164581], "shift_hold_p_future_before": [0.7777367831122735, 0.7450308238371007, 0.7876938165514664, 0.7783485895759388, 0.7497571455258734], "s_pred_p_future": [0.8056762772948909, 0.7956593173627305, 0.7849798600805598, 0.8071337714649142, 0.7993958024167903], "shift_hold_p_now_after": [0.7492901176910144, 0.7365869605828508, 0.7534840276480478, 0.7703951055482907, 0.7270175602465907], "shift_hold_p_now_before": [0.6960909770222306, 0.6571782178217822, 0.729688959461984, 0.735251260975154, 0.6784466654212591], "s_pred_p_now": [0.8128312486750053, 0.7535244859020565, 0.8299236803052787, 0.8293671825312698, 0.7516694933220267], "backchannel": [0.6253920959446612, 0.694771554983268, 0.7681786535107091, 0.7123007703421996, 0.7403463919686772], "short_long": [0.5750865122755289, 0.6190849151258268, 0.6392233347666728, 0.6082427258021581, 0.6084474885844748]}, "roddy_events": {"overlaps_before_p_now": [0.5367021276595745, 0.509468085106383, 0.5553191489361702, 0.5195744680851064, 0.5109574468085106], "overlaps_before_p_future": [0.6752127659574468, 0.6668085106382978, 0.6661702127659574, 0.6891489361702128, 0.6505319148936171], "overlaps_after_p_now": [0.5241489361702127, 0.4867021276595745, 0.5381914893617021, 0.5191489361702127, 0.49648936170212765], "overlaps_after_p_future": [0.6605319148936171, 0.7193617021276595, 0.7030851063829787, 0.7082978723404255, 0.5931914893617022], "overlap_spred_before_p_future": [0.7906145251396648, 0.7518156424581006, 0.7472346368715084, 0.7867877094972067, 0.7494413407821229]}, "gap_0": {"gap_0_p_future": [0.808350828975328, 0.7832130905574429, 0.8028082095914291, 0.8075110381595857, 0.7987530378796555],