{"f1_score": {"ekstedt_events": {"shift_hold_p_future_after": [[0.7359499335289001, 0.8528369069099426, 0.4575163424015045], [0.7565869092941284, 0.8105263113975525, 0.6280992031097412], [0.7659777402877808, 0.8479697704315186, 0.5706666707992554], [0.7435060143470764, 0.8200590014457703, 0.5611510872840881], [0.749817967414856, 0.8553459048271179, 0.4984423816204071]], "shift_hold_p_future_before": [[0.7453620433807373, 0.8496376872062683, 0.49696969985961914], [0.7681599259376526, 0.8359683752059937, 0.6066350936889648], [0.7430063486099243, 0.8475499153137207, 0.4939759075641632], [0.7468239068984985, 0.8358490467071533, 0.5347593426704407], [0.7481093406677246, 0.8485401272773743, 0.5088757276535034]], "s_pred_p_future": [[0.7420905828475952, 0.7670588493347168, 0.7211267352104187], [0.7896431684494019, 0.7683615684509277, 0.8075117468833923], [0.7695477604866028, 0.7527472376823425, 0.7836538553237915], [0.7531335353851318, 0.7599999904632568, 0.7473683953285217], [0.7873824238777161, 0.784415602684021, 0.7898734211921692]], "shift_hold_p_now_after": [[0.6966124773025513, 0.8435609340667725, 0.3465704023838043], [0.7567389607429504, 0.8388941884040833, 0.5610389709472656], [0.7718896269798279, 0.8438409566879272, 0.6004962921142578], [0.7209523916244507, 0.8436945080757141, 0.4285714328289032], [0.7556747794151306, 0.8315482139587402, 0.5749385952949524]], "shift_hold_p_now_before": [[0.6979432106018066, 0.8342151641845703, 0.3733333349227905], [0.715481162071228, 0.7980198264122009, 0.5188679099082947], [0.7270762920379639, 0.8101761341094971, 0.5291262269020081], [0.7238914370536804, 0.8167939186096191, 0.5025906562805176], [0.7132735252380371, 0.8377896547317505, 0.4166666567325592]], "s_pred_p_now": [[0.7307745218276978, 0.6750788688659668, 0.7775378227233887], [0.7722399830818176, 0.723809540271759, 0.8129032254219055], [0.7809281349182129, 0.737500011920929, 0.8173912763595581], [0.745978057384491, 0.6757678985595703, 0.8049281239509583], [0.7926150560379028, 0.787401556968689, 0.7969924807548523]], "backchannel": [[0.5495177507400513, 0.4761904776096344, 0.6480000019073486], [0.6076971292495728, 0.5547945499420166, 0.6787479519844055], [0.6255846619606018, 0.5800672173500061, 0.6867167949676514], [0.6089445948600769, 0.5601799488067627, 0.674437940120697], [0.5742965936660767, 0.5099415183067322, 0.6607287526130676]], "short_long": [[0.6547082662582397, 0.35962146520614624, 0.799605131149292], [0.710256814956665, 0.5013774037361145, 0.8128231763839722], [0.7006909847259521, 0.489130437374115, 0.8045738339424133], [0.6431089639663696, 0.3164983093738556, 0.8034849762916565], [0.5986746549606323, 0.21276596188545227, 0.7881679534912109]]}, "roddy_events": {"overlaps_before_p_now": [[0.5402811765670776, 0.7801724076271057, 0.0892857164144516], [0.586815357208252, 0.7410926222801208, 0.2967741787433624], [0.5742669701576233, 0.7388235330581665, 0.26490065455436707], [0.5329626798629761, 0.7322654724121094, 0.158273383975029], [0.5382870435714722, 0.7775378227233887, 0.08849557489156723]], "overlaps_before_p_future": [[0.5609025955200195, 0.7852494716644287, 0.13913042843341827], [0.6227363348007202, 0.792792797088623, 0.3030303120613098], [0.6261087656021118, 0.7806004881858826, 0.3356643319129944], [0.609920859336853, 0.7790432572364807, 0.29197078943252563], [0.5993183255195618, 0.7476190328598022, 0.3205128312110901]], "overlaps_after_p_now": [[0.5557361841201782, 0.7606263756752014, 0.1705426424741745], [0.5536208152770996, 0.7471526265144348, 0.18978102505207062], [0.5946232080459595, 0.7621247172355652, 0.279720276594162], [0.5548186302185059, 0.7539503574371338, 0.18045112490653992], [0.5624908804893494, 0.747706413269043, 0.2142857164144516]], "overlaps_after_p_future": [[0.6145349740982056, 0.7882882952690125, 0.28787878155708313], [0.6287636160850525, 0.7834101319313049, 0.3380281627178192], [0.6363273859024048, 0.7673860788345337, 0.3899371027946472], [0.6550476551055908, 0.783847987651825, 0.41290321946144104], [0.6013278365135193, 0.7782805562019348, 0.26865673065185547]], "overlap_spred_before_p_future": [[0.6680608987808228, 0.798053503036499, 0.4353741407394409], [0.7149936556816101, 0.7727272510528564, 0.6116504669189453], [0.7306032180786133, 0.800000011920929, 0.6063829660415649], [0.7256312370300293, 0.791208803653717, 0.6082473993301392], [0.6979767680168152, 0.7345678806304932, 0.632478654384613]]}, "gap_0": {"gap_0_p_future": [[0.8128973245620728, 0.8951841592788696, 0.5247706174850464], [0.8110010027885437, 0.8968285918235779, 0.5104761719703674], [0.808552086353302, 0.8945249319076538, 0.5075187683105469], [0.809467613697052, 0.8900694847106934, 0.5272407531738281], [0.7999482750892639, 0.8890681862831116, 0.4878957271575928]], "gap_0_p_now": [[0.7761216163635254, 0.8830757141113281, 0.4016227126121521], [0.7836835384368896, 0.8571428656578064, 0.5264663696289062], [0.7949833869934082, 0.8683425784111023, 0.5381165742874146], [0.7900537848472595, 0.8797391057014465, 0.47602131962776184], [0.7892292737960815, 0.8858630061149597, 0.45086705684661865]], "s_pred_p_now": [[0.8663343191146851, 0.861896812915802, 0.8701095581054688], [0.887683629989624, 0.8700565099716187, 0.9026798009872437], [0.8897501826286316, 0.875, 0.9022988677024841], [0.8902604579925537, 0.879858672618866, 0.8991097807884216], [0.9027721881866455, 0.8901098966598511, 0.9135446548461914]], "s_pred_p_future": [[0.8008425235748291, 0.8081123232841492, 0.7946577668190002], [0.8353630304336548, 0.8083491325378418, 0.8583450317382812], [0.8228318691253662, 0.8178808093070984, 0.8270440101623535], [0.8179168701171875, 0.8150572776794434, 0.8203497529029846], [0.8502382040023804, 0.8426395654678345, 0.8567026257514954]], "superset_p_future": [[0.8014829754829407, 0.8946162462234497, 0.44744744896888733], [0.8077373504638672, 0.8973035216331482, 0.4672619104385376], [0.8061585426330566, 0.8960367441177368, 0.46449702978134155], [0.7998291254043579, 0.8929698467254639, 0.4457652270793915], [0.7921504974365234, 0.8917378783226013, 0.4135802388191223]]}, "fast_shift": {}, "slow_shift": {}, "short_long": {}}, "bal_Accs": {"ekstedt_events": {"shift_hold_p_future_after": [0.6786568279469456, 0.7396786848496171, 0.7353726882122174, 0.7050579114515225, 0.7331823276667289], "shift_hold_p_future_before": [0.7121660750980758, 0.7258406501027461, 0.7267513543807211, 0.7071828881001307, 0.7360965813562488], "s_pred_p_future": [0.759751960992156, 0.787682849268603, 0.7692654229383082, 0.76187195251219, 0.7920818316726732], "shift_hold_p_now_after": [0.6872454698300019, 0.7236829815056978, 0.7377872221184383, 0.6827433215019615, 0.7251167569587147], "shift_hold_p_now_before": [0.6807164206986737, 0.6561554268634411, 0.6922660190547356, 0.6593358864188306, 0.6720297029702971], "s_pred_p_now": [0.7250900996396015, 0.7659794360822556, 0.7748569005723978, 0.7980178079287683, 0.7963483146067416], "backchannel": [0.612657867746693, 0.6291146679443318, 0.6380346167379115, 0.6338609940334039, 0.626872515477964], "short_long": [0.6083348690542008, 0.7065288613141676, 0.6546880439011405, 0.6560394782644307, 0.6533878002334296]}, "roddy_events": {"overlaps_before_p_now": [0.49606382978723407, 0.5368085106382978, 0.5487234042553192, 0.4948936170212766, 0.49872340425531914], "overlaps_before_p_future": [0.622127659574468, 0.6044680851063831, 0.6354255319148936, 0.6125531914893617, 0.5777659574468085], "overlaps_after_p_now": [0.5071276595744681, 0.47936170212765955, 0.5405319148936171, 0.5041489361702127, 0.4975531914893617], "overlaps_after_p_future": [0.5571276595744681, 0.607872340425532, 0.6191489361702127, 0.586063829787234, 0.5819148936170213], "overlap_spred_before_p_future": [0.7167877094972067, 0.7118156424581006, 0.6984078212290503, 0.6972346368715083, 0.7024022346368715]}, "gap_0": {"gap_0_p_future": [0.7322326984005803, 0.7672277996208218, 0.7303151760379687, 0.7135028183888741, 0.758907508493339],