{"f1_score": {"ekstedt_events": {"shift_hold_p_future_after": [[0.6322219371795654, 0.7267153263092041, 0.3902038633823395], [0.5862179398536682, 0.6554058790206909, 0.4090125262737274], [0.6390287280082703, 0.7405450940132141, 0.3790229856967926], [0.6183560490608215, 0.7070922255516052, 0.391083300113678], [0.6450604200363159, 0.7537050247192383, 0.36679771542549133]], "shift_hold_p_future_before": [[0.6115416288375854, 0.6922730803489685, 0.40477079153060913], [0.5562116503715515, 0.6075498461723328, 0.4247233271598816], [0.6361212730407715, 0.733936071395874, 0.3855961859226227], [0.6049662232398987, 0.6848394870758057, 0.4003932774066925], [0.6256006360054016, 0.7184274196624756, 0.3878510892391205]], "s_pred_p_future": [[0.599552571773529, 0.4525153338909149, 0.7186987996101379], [0.5624076128005981, 0.3749336302280426, 0.7143203616142273], [0.5948440432548523, 0.43623483180999756, 0.7233672738075256], [0.6012786030769348, 0.47154849767684937, 0.7064006328582764], [0.6073000431060791, 0.4985673427581787, 0.6954076886177063]], "shift_hold_p_now_after": [[0.63813316822052, 0.747922420501709, 0.35693880915641785], [0.5863057971000671, 0.6554036140441895, 0.40933120250701904], [0.6383740901947021, 0.7405097484588623, 0.3767823576927185], [0.6293997764587402, 0.7365219593048096, 0.35503649711608887], [0.6255751848220825, 0.7229593396186829, 0.3761531114578247]], "shift_hold_p_now_before": [[0.5740642547607422, 0.6354754567146301, 0.41677674651145935], [0.5334982872009277, 0.5758846402168274, 0.4249376654624939], [0.5919220447540283, 0.6594129800796509, 0.41906288266181946], [0.5754027366638184, 0.6390047073364258, 0.4125041663646698], [0.5683989524841309, 0.6279456615447998, 0.4158868193626404]], "s_pred_p_now": [[0.49785441160202026, 0.2210959792137146, 0.7221155166625977], [0.5088333487510681, 0.2403271496295929, 0.7264075875282288], [0.5648245811462402, 0.3621123135089874, 0.7290850877761841], [0.5591080784797668, 0.35346755385398865, 0.7257413864135742], [0.5392908453941345, 0.30696576833724976, 0.7275469899177551]], "backchannel": [[0.43393200635910034, 0.3585149049758911, 0.5641025900840759], [0.4721784293651581, 0.41723716259002686, 0.5670075416564941], [0.4744054675102234, 0.41316837072372437, 0.5801011919975281], [0.6023269295692444, 0.6001980304718018, 0.6060014367103577], [0.4814915060997009, 0.4330597221851349, 0.565085232257843]], "short_long": [[0.6566027402877808, 0.4266824424266815, 0.7877547740936279], [0.6683748960494995, 0.5235357880592346, 0.7509945631027222], [0.6500517129898071, 0.40706169605255127, 0.7886590361595154], [0.6791377067565918, 0.528610348701477, 0.7650020122528076], [0.6580325961112976, 0.472777396440506, 0.7637065649032593]]}, "roddy_events": {"overlaps_before_p_now": [[0.6411951780319214, 0.7643237113952637, 0.3140401244163513], [0.5940982103347778, 0.6803260445594788, 0.3649890720844269], [0.6513230204582214, 0.7794970870018005, 0.31076177954673767], [0.6581606864929199, 0.7801169753074646, 0.33412042260169983], [0.6406217813491821, 0.7457488179206848, 0.36129695177078247]], "overlaps_before_p_future": [[0.6426428556442261, 0.7555287480354309, 0.342702716588974], [0.5744133591651917, 0.6524404287338257, 0.3670938313007355], [0.656800389289856, 0.7786885499954224, 0.3329411745071411], [0.6376741528511047, 0.7401900291442871, 0.3652876019477844], [0.6452083587646484, 0.752439022064209, 0.3602941036224365]], "overlaps_after_p_now": [[0.6467100381851196, 0.7958232164382935, 0.25051334500312805], [0.6333948373794556, 0.7576535940170288, 0.30323678255081177], [0.6552013158798218, 0.7942619919776917, 0.2857142984867096], [0.6425046324729919, 0.7816311120986938, 0.2728426456451416], [0.6395941376686096, 0.768271267414093, 0.29769641160964966]], "overlaps_after_p_future": [[0.6331729292869568, 0.7288420796394348, 0.37897783517837524], [0.588856041431427, 0.6702436804771423, 0.37260740995407104], [0.6489107608795166, 0.7487623691558838, 0.3836032450199127], [0.6441996693611145, 0.7481040954589844, 0.3681233823299408], [0.6472392678260803, 0.7579540610313416, 0.3530678153038025]], "overlap_spred_before_p_future": [[0.6035593152046204, 0.669813334941864, 0.41147226095199585], [0.5132696628570557, 0.5548940300941467, 0.392590194940567], [0.5975637435913086, 0.6602912545204163, 0.4157009422779083], [0.594985842704773, 0.6636713743209839, 0.395849347114563], [0.5819923281669617, 0.6410086154937744, 0.41088929772377014]]}, "gap_0": {"gap_0_p_future": [[0.68776535987854, 0.777988612651825, 0.3448338210582733], [0.6170017719268799, 0.685391366481781, 0.3570583760738373], [0.6944606304168701, 0.7851212024688721, 0.3498665690422058], [0.6708647012710571, 0.7549368739128113, 0.351313054561615], [0.6962207555770874, 0.7937313318252563, 0.32559046149253845]], "gap_0_p_now": [[0.6345146894454956, 0.7045561075210571, 0.3682926893234253], [0.583551287651062, 0.640579104423523, 0.3667929172515869], [0.6720552444458008, 0.7529367208480835, 0.36463096737861633], [0.6457322835922241, 0.7199894785881042, 0.36348670721054077], [0.6442211270332336, 0.7198871374130249, 0.3566206991672516]], "s_pred_p_now": [[0.6592203378677368, 0.5306048393249512, 0.7627677321434021], [0.6328880786895752, 0.48602309823036194, 0.7511279582977295], [0.6918277740478516, 0.6058946847915649, 0.7610118389129639], [0.6670325398445129, 0.5592127442359924, 0.7538374066352844], [0.6600602865219116, 0.5519797801971436, 0.7470750212669373]], "s_pred_p_future": [[0.6704724431037903, 0.5790996551513672, 0.7440359592437744], [0.6066989898681641, 0.46939489245414734, 0.7172414064407349], [0.6516941785812378, 0.5432965755462646, 0.7389642596244812], [0.6460397839546204, 0.5534670948982239, 0.7205693125724792], [0.6341985464096069, 0.5548367500305176, 0.6980920433998108]], "superset_p_future": [[0.7058331370353699, 0.7943707704544067, 0.3256537616252899], [0.6486974954605103, 0.7237532734870911, 0.32640913128852844], [0.7093270421028137, 0.7975379824638367, 0.3305501639842987], [0.6950416564941406, 0.7813774347305298, 0.32431668043136597], [0.7116897106170654, 0.8060693144798279, 0.3064247667789459]]}, "fast_shift": {}, "slow_shift": {}, "short_long": {}}, "bal_Accs": {"ekstedt_events": {"shift_hold_p_future_after": [0.569218147010161, 0.5502420427977515, 0.5704466652946434, 0.5609070557929137, 0.5643373269720313], "shift_hold_p_future_before": [0.5706178663845355, 0.5512879442191589, 0.5651151086320005, 0.5596382183468483, 0.563698700568992], "s_pred_p_future": [0.6097203036736321, 0.5908620247692168, 0.6130670143473267, 0.6077933314268809, 0.6073639306979097], "shift_hold_p_now_after": [0.559543998271762, 0.5562717192630219, 0.5657118357742138, 0.5550301340904175, 0.5547549837750438], "shift_hold_p_now_before": [0.5321538833442201, 0.5393429265596859, 0.5455112789259359, 0.5360671677818262, 0.5371148268417175], "s_pred_p_now": [0.5645550573439646, 0.5712347863523743, 0.5896252810857621, 0.5788517671871402, 0.6028377148069851], "backchannel": [0.5404675869978068, 0.5504245843395417, 0.55650487317201, 0.6007085625025778, 0.5436231129806095], "short_long": [0.71299487943931, 0.686550048664454, 0.6834788825181959, 0.6904537029779774, 0.6626754553447949]}, "roddy_events": {"overlaps_before_p_now": [0.5398725499987678, 0.521194107674887, 0.5504706847270556, 0.5342184099922738, 0.5366378760581381], "overlaps_before_p_future": [0.5422301891083385, 0.5160332862497281, 0.5466566532938851, 0.5476210241051629, 0.5476368051114895], "overlaps_after_p_now": [0.5309281782622475, 0.5334326023484731, 0.5394851587201733, 0.5342811016612428, 0.531831586829907], "overlaps_after_p_future": [0.566521913764799, 0.5452690056279825, 0.5638464927470063, 0.5748730926059716, 0.5713751136556723], "overlap_spred_before_p_future": [0.5572200660521087, 0.5355734388899125, 0.5567400292816487, 0.5605444643221537, 0.5594478883731251]}, "gap_0": {"gap_0_p_future": [0.5978983323567766, 0.571688373739224, 0.5887223514749471, 0.5819845599256097, 0.5879906690624543],