{"f1_score": {"ekstedt_events": {"shift_hold_p_future_after": [[0.7851874828338623, 0.8717015385627747, 0.579104483127594], [0.7923924326896667, 0.8404588103294373, 0.6778947114944458], [0.7865867614746094, 0.8552123308181763, 0.623115599155426], [0.7959147095680237, 0.850806474685669, 0.6651583909988403], [0.7838581800460815, 0.8691674470901489, 0.5806451439857483]], "shift_hold_p_future_before": [[0.7752529978752136, 0.8568755984306335, 0.5808219313621521], [0.8029229640960693, 0.8557013273239136, 0.6772009134292603], [0.7812949419021606, 0.8587570786476135, 0.5967742204666138], [0.79300856590271, 0.8540433645248413, 0.6476190686225891], [0.7821176052093506, 0.8635097742080688, 0.5882353186607361]], "s_pred_p_future": [[0.7832870483398438, 0.7941176295280457, 0.774193525314331], [0.8256410360336304, 0.8089887499809265, 0.8396226167678833], [0.8088827729225159, 0.7797619104385376, 0.8333333134651184], [0.7976290583610535, 0.7948051691055298, 0.800000011920929], [0.8283689022064209, 0.8259740471839905, 0.8303797245025635]], "shift_hold_p_now_after": [[0.7426295280456543, 0.8576480746269226, 0.4686468541622162], [0.7915584444999695, 0.8596153855323792, 0.6294416189193726], [0.783572793006897, 0.8443113565444946, 0.6388888955116272], [0.7747131586074829, 0.8621323704719543, 0.5664739608764648], [0.7950185537338257, 0.8650190234184265, 0.6282722353935242]], "shift_hold_p_now_before": [[0.7103207111358643, 0.8373333215713501, 0.40776699781417847], [0.7242143750190735, 0.8146013617515564, 0.508905827999115], [0.7451708912849426, 0.8230693936347961, 0.5596107244491577], [0.7608400583267212, 0.8336594700813293, 0.5873786211013794], [0.7088706493377686, 0.8431200981140137, 0.3890784978866577]], "s_pred_p_now": [[0.8238093852996826, 0.7939394116401672, 0.8488888740539551], [0.82262122631073, 0.801152765750885, 0.8406466245651245], [0.8451900482177734, 0.8224852085113525, 0.8642534017562866], [0.8162940740585327, 0.7756410241127014, 0.8504273295402527], [0.7999053597450256, 0.8010203838348389, 0.7989690899848938]], "backchannel": [[0.5734919309616089, 0.5093457698822021, 0.6596434116363525], [0.7262757420539856, 0.7138524055480957, 0.7429609298706055], [0.7595987319946289, 0.7584215402603149, 0.7611798048019409], [0.6939816474914551, 0.6857707500457764, 0.7050092816352844], [0.7433110475540161, 0.737463116645813, 0.751164972782135]], "short_long": [[0.6218054294586182, 0.297468364238739, 0.7810651063919067], [0.7071184515953064, 0.5384615659713745, 0.7899343371391296], [0.6882376670837402, 0.5012285113334656, 0.7800650000572205], [0.6301475763320923, 0.29054054617881775, 0.7969052195549011], [0.6027930974960327, 0.224561408162117, 0.7885167598724365]]}, "roddy_events": {"overlaps_before_p_now": [[0.539015531539917, 0.7863247990608215, 0.07407407462596893], [0.5455779433250427, 0.7425968050956726, 0.17518247663974762], [0.597169041633606, 0.764976978302002, 0.28169015049934387], [0.5655744671821594, 0.7465437650680542, 0.22535210847854614], [0.5095829963684082, 0.7708779573440552, 0.01834862306714058]], "overlaps_before_p_future": [[0.5958004593849182, 0.7964988946914673, 0.21848739683628082], [0.636748731136322, 0.7917619943618774, 0.34532374143600464], [0.6670701503753662, 0.7990654110908508, 0.4189189076423645], [0.6393481492996216, 0.7908046245574951, 0.3546099364757538], [0.6185897588729858, 0.754807710647583, 0.36250001192092896]], "overlaps_after_p_now": [[0.5670735239982605, 0.7743362784385681, 0.17741934955120087], [0.5617358684539795, 0.7623318433761597, 0.1846153885126114], [0.5973522663116455, 0.7610208988189697, 0.2896551787853241], [0.5728803873062134, 0.7551487684249878, 0.23021583259105682], [0.535145103931427, 0.7527839541435242, 0.12598425149917603]], "overlaps_after_p_future": [[0.631421685218811, 0.7862069010734558, 0.3404255211353302], [0.6970008611679077, 0.8141176700592041, 0.4768211841583252], [0.7066604495048523, 0.8039215803146362, 0.523809552192688], [0.6842206120491028, 0.7990430593490601, 0.4683544337749481], [0.6260066032409668, 0.7881549000740051, 0.32116788625717163]], "overlap_spred_before_p_future": [[0.7581734657287598, 0.8358974456787109, 0.6190476417541504], [0.7644236087799072, 0.8135592937469482, 0.6764705777168274], [0.7539527416229248, 0.8045325875282288, 0.6634146571159363], [0.7761728167533875, 0.8296703100204468, 0.6804123520851135], [0.7885615825653076, 0.8214285969734192, 0.7297297120094299]]}, "gap_0": {"gap_0_p_future": [[0.8330148458480835, 0.9016056060791016, 0.5928449630737305], [0.8408170938491821, 0.906095564365387, 0.6122449040412903], [0.8330614566802979, 0.9002895951271057, 0.5976627469062805], [0.8469153642654419, 0.9085643291473389, 0.631051778793335], [0.8359160423278809, 0.9063518047332764, 0.5892857313156128]], "gap_0_p_now": [[0.7930088043212891, 0.890656054019928, 0.4510978162288666], [0.7920080423355103, 0.8704794049263, 0.517241358757019], [0.8217048645019531, 0.8860543966293335, 0.5963855385780334], [0.8142282962799072, 0.8891646265983582, 0.5518394708633423], [0.7941160202026367, 0.893717885017395, 0.44536083936691284]], "s_pred_p_now": [[0.8824055194854736, 0.8797364234924316, 0.8846761584281921], [0.9013605713844299, 0.8900901079177856, 0.9109489321708679], [0.9125819206237793, 0.9018181562423706, 0.9217391014099121], [0.9305950999259949, 0.9238938093185425, 0.936296284198761], [0.9144266843795776, 0.9058614373207092, 0.9217134714126587]], "s_pred_p_future": [[0.8174237012863159, 0.8209191560745239, 0.8144499063491821], [0.8544353246688843, 0.8375450968742371, 0.8688046932220459], [0.8404765129089355, 0.8290155529975891, 0.8502269387245178], [0.8550564050674438, 0.8504983186721802, 0.8589341640472412], [0.8534401655197144, 0.8490878939628601, 0.8571428656578064]], "superset_p_future": [[0.8247967958450317, 0.9020063877105713, 0.5312934517860413], [0.8356121182441711, 0.9064327478408813, 0.56639564037323], [0.830266535282135, 0.9022600650787354, 0.5565912127494812], [0.8295947909355164, 0.9066743850708008, 0.5365853905677795], [0.8186066150665283, 0.902614176273346, 0.49926143884658813]]}, "fast_shift": {}, "slow_shift": {}, "short_long": {}}, "bal_Accs": {"ekstedt_events": {"shift_hold_p_future_after": [0.7345040164393798, 0.7787268821221744, 0.768536334765552, 0.7673127218382216, 0.7810853726882123], "shift_hold_p_future_before": [0.7502802167009154, 0.7850691201195591, 0.7722305249392865, 0.7647207173547543, 0.775990099009901], "s_pred_p_future": [0.7946788212847149, 0.824305702777189, 0.8042982828068688, 0.8024167903328386, 0.8334216663133347], "shift_hold_p_now_after": [0.7375303568092658, 0.7726648608257052, 0.7678357930132635, 0.7737110031757892, 0.775], "shift_hold_p_now_before": [0.707738651223613, 0.7249392863814683, 0.7345180272744256, 0.7545535213898749, 0.7245936857836727], "s_pred_p_now": [0.8184492262030951, 0.8196947212211152, 0.8409211363154547, 0.8459826160695357, 0.8065772736909053], "backchannel": [0.6282312823315391, 0.696441004065071, 0.7635053190294736, 0.664721471510814, 0.7161880413544248], "short_long": [0.5763304461781027, 0.6584863935131151, 0.6201394434547576, 0.5773184266027807, 0.6450744312713721]}, "roddy_events": {"overlaps_before_p_now": [0.5043617021276596, 0.5224468085106383, 0.5213829787234042, 0.5022340425531915, 0.5046808510638299], "overlaps_before_p_future": [0.6314893617021277, 0.6524468085106383, 0.6804255319148936, 0.6788297872340425, 0.6659574468085107], "overlaps_after_p_now": [0.5204255319148936, 0.4846808510638298, 0.5352127659574468, 0.5188297872340425, 0.4958510638297872], "overlaps_after_p_future": [0.6111702127659575, 0.6907446808510638, 0.7143617021276596, 0.6862765957446808, 0.6452127659574468], "overlap_spred_before_p_future": [0.7339944134078212, 0.7581284916201118, 0.7366480446927375, 0.7517877094972067, 0.7904748603351955]}, "gap_0": {"gap_0_p_future": [0.7791362878701124, 0.8077260755048288, 0.8015307096232394, 0.7921632247967325, 0.7994019671463654],