{"f1_score": {"ekstedt_events": {"shift_hold_p_future_after": [[0.42608100175857544, 0.43444517254829407, 0.4046584367752075], [0.4348718225955963, 0.4468936324119568, 0.4040812849998474], [0.44538331031799316, 0.46322882175445557, 0.3996770977973938], [0.4721975326538086, 0.5123507976531982, 0.369356244802475], [0.509641706943512, 0.5597507357597351, 0.38130155205726624]], "shift_hold_p_future_before": [[0.3640865683555603, 0.34434470534324646, 0.4146497845649719], [0.37550973892211914, 0.3588465750217438, 0.41818767786026], [0.4131237268447876, 0.4155036211013794, 0.40702831745147705], [0.4383038878440857, 0.4616357088088989, 0.3785460293292999], [0.47154492139816284, 0.5013518929481506, 0.3952028453350067]], "s_pred_p_future": [[0.44077691435813904, 0.1225154772400856, 0.6986684799194336], [0.44643858075141907, 0.13671372830867767, 0.6974128484725952], [0.4300748407840729, 0.10560625791549683, 0.6929962038993835], [0.48395994305610657, 0.2593783438205719, 0.6659414768218994], [0.48215556144714355, 0.2554450035095215, 0.6658622026443481]], "shift_hold_p_now_after": [[0.3946693539619446, 0.3900051414966583, 0.4066154360771179], [0.3716754615306854, 0.3555121123790741, 0.4130733907222748], [0.38563042879104614, 0.3775908350944519, 0.40622156858444214], [0.46513891220092773, 0.5003047585487366, 0.3750714659690857], [0.466208815574646, 0.49460530281066895, 0.39347928762435913]], "shift_hold_p_now_before": [[0.23769009113311768, 0.16237705945968628, 0.4305832087993622], [0.249801367521286, 0.17962217330932617, 0.4295456111431122], [0.2546043395996094, 0.18872924149036407, 0.4233248829841614], [0.35100463032722473, 0.32854172587394714, 0.4085370600223541], [0.35079044103622437, 0.3240172266960144, 0.41936245560646057]], "s_pred_p_now": [[0.3942056894302368, 0.004431314766407013, 0.7100451588630676], [0.3942195475101471, 0.0037009622901678085, 0.7106620669364929], [0.4004853069782257, 0.023063063621520996, 0.7063156962394714], [0.40882226824760437, 0.042507968842983246, 0.7056517601013184], [0.41626977920532227, 0.058782365173101425, 0.705946683883667]], "backchannel": [[0.532168447971344, 0.6220138072967529, 0.3770945072174072], [0.5312590599060059, 0.7313286662101746, 0.18593710660934448], [0.5342636704444885, 0.6214044690132141, 0.38385793566703796], [0.5078858733177185, 0.766119122505188, 0.06217297539114952], [0.5250595808029175, 0.7447835803031921, 0.14581386744976044]], "short_long": [[0.40591931343078613, 0.5012734532356262, 0.35152703523635864], [0.244867205619812, 0.5252672433853149, 0.08492038398981094], [0.44744163751602173, 0.4764537215232849, 0.4308924973011017], [0.22448457777500153, 0.5289612412452698, 0.050803858786821365], [0.25741565227508545, 0.5232177972793579, 0.10579577088356018]]}, "roddy_events": {"overlaps_before_p_now": [[0.3336978256702423, 0.3117775619029999, 0.3919403851032257], [0.29565340280532837, 0.2590302526950836, 0.39296188950538635], [0.36376363039016724, 0.3529055714607239, 0.39261364936828613], [0.43581074476242065, 0.4616219103336334, 0.3672298491001129], [0.3809259533882141, 0.3848159909248352, 0.3705899715423584]], "overlaps_before_p_future": [[0.37782102823257446, 0.3782201409339905, 0.3767605721950531], [0.3528568744659424, 0.3416111469268799, 0.38273707032203674], [0.4104554355144501, 0.4264952540397644, 0.3678373396396637], [0.44041770696640015, 0.46951383352279663, 0.36310866475105286], [0.42379119992256165, 0.44945651292800903, 0.35559797286987305]], "overlaps_after_p_now": [[0.4758389890193939, 0.5290290117263794, 0.33451202511787415], [0.46955132484436035, 0.5160632133483887, 0.3459683060646057], [0.48517441749572754, 0.5355795621871948, 0.3512469232082367], [0.49144381284713745, 0.5473892688751221, 0.34279555082321167], [0.46548134088516235, 0.5159171223640442, 0.3314724266529083]], "overlaps_after_p_future": [[0.3681459128856659, 0.3627158999443054, 0.38257357478141785], [0.3910837471485138, 0.3982783257961273, 0.3719676434993744], [0.38140979409217834, 0.3836972415447235, 0.37533196806907654], [0.45892012119293213, 0.4985688328742981, 0.35357263684272766], [0.44736555218696594, 0.48478490114212036, 0.3479415774345398]], "overlap_spred_before_p_future": [[0.28572726249694824, 0.25159913301467896, 0.38467317819595337], [0.2658848464488983, 0.22593624889850616, 0.3817058205604553], [0.2738286256790161, 0.2341282069683075, 0.388930082321167], [0.3993484377861023, 0.41020190715789795, 0.36788153648376465], [0.35714346170425415, 0.35326841473579407, 0.3683781623840332]]}, "gap_0": {"gap_0_p_future": [[0.3892097771167755, 0.4056636393070221, 0.32666993141174316], [0.389421671628952, 0.40524452924728394, 0.32928016781806946], [0.4104481041431427, 0.4328213632106781, 0.3254091441631317], [0.46128207445144653, 0.502859354019165, 0.30324989557266235], [0.5052381157875061, 0.5562196969985962, 0.31146106123924255]], "gap_0_p_now": [[0.20594021677970886, 0.1707744598388672, 0.3396025002002716], [0.218915656208992, 0.18763044476509094, 0.33782830834388733], [0.25498953461647034, 0.2347344160079956, 0.33197757601737976], [0.350260853767395, 0.3572320342063904, 0.32376396656036377], [0.3547884225845337, 0.36158445477485657, 0.3289572298526764]], "s_pred_p_now": [[0.4095664620399475, 0.03864229843020439, 0.7081946134567261], [0.41197025775909424, 0.04371584579348564, 0.7084490060806274], [0.42469948530197144, 0.08286066353321075, 0.6999112367630005], [0.445269376039505, 0.14089031517505646, 0.6903225779533386], [0.45120859146118164, 0.15582655370235443, 0.6890183091163635]], "s_pred_p_future": [[0.45636609196662903, 0.1678946167230606, 0.6886122226715088], [0.457281231880188, 0.1770491749048233, 0.6828939318656921], [0.4454101324081421, 0.14226898550987244, 0.6894667148590088], [0.4974459707736969, 0.30369555950164795, 0.6534329056739807], [0.48797762393951416, 0.2879764437675476, 0.6489970088005066]], "superset_p_future": [[0.3868773579597473, 0.4071730077266693, 0.299728125333786], [0.4137107729911804, 0.4408107399940491, 0.29734376072883606], [0.4042385518550873, 0.4286612272262573, 0.2993679642677307], [0.48101288080215454, 0.5273040533065796, 0.28223907947540283], [0.5031635761260986, 0.5535855293273926, 0.28665226697921753]]}, "fast_shift": {}, "slow_shift": {}, "short_long": {}}, "bal_Accs": {"ekstedt_events": {"shift_hold_p_future_after": [0.5026403813429268, 0.5023598160807091, 0.49749389158488144, 0.48836169913291255, 0.5080069132360049], "shift_hold_p_future_before": [0.5047309059032081, 0.5018533853963606, 0.49709075323082363, 0.4919564071568483, 0.5062310947339447], "s_pred_p_future": [0.5061451105106434, 0.5066910083532247, 0.49886909136291746, 0.4993172909999134, 0.5041807649124161], "shift_hold_p_now_after": [0.5022462442283768, 0.5030944912130149, 0.4962275396881871, 0.4899187537824735, 0.5069777715189278], "shift_hold_p_now_before": [0.5001069496386509, 0.5017463647420135, 0.49710930608148596, 0.49674531513002196, 0.500350924063342], "s_pred_p_now": [0.4991018050094208, 0.4998204283412562, 0.49679206454882846, 0.49970527801508674, 0.5028467158363796], "backchannel": [0.5045559813761858, 0.49725807799343763, 0.5074169128405509, 0.4992373303231613, 0.4934474190426118], "short_long": [0.502470863037073, 0.4997384599059872, 0.4989963232940422, 0.4992784168302993, 0.49956788600372537]}, "roddy_events": {"overlaps_before_p_now": [0.48986037916786107, 0.4848872003932713, 0.4894978483786854, 0.48409382651356064, 0.4717154645647231], "overlaps_before_p_future": [0.48388456604610564, 0.4811475342501882, 0.4840862602776506, 0.46993696676952423, 0.4681783573658604], "overlaps_after_p_now": [0.4780989897129457, 0.4723073603910577, 0.4760762105869367, 0.47665383865412664, 0.4583171740152112], "overlaps_after_p_future": [0.4782213465565196, 0.4721772211334048, 0.48184514120109456, 0.4716263991591534, 0.4630743907991113], "overlap_spred_before_p_future": [0.49088068817817826, 0.49417200095888486, 0.4870921024738833, 0.5018319851491719, 0.48341049978900574]},