{"f1_score": {"ekstedt_events": {"shift_hold_p_future_after": [[0.4157027304172516, 0.4263559579849243, 0.38841745257377625], [0.4041668474674225, 0.41389527916908264, 0.3792502284049988], [0.44680798053741455, 0.4711069166660309, 0.3845731019973755], [0.47706419229507446, 0.5194243788719177, 0.36857059597969055], [0.49033406376838684, 0.5396014451980591, 0.3641496002674103]], "shift_hold_p_future_before": [[0.3557438850402832, 0.33697012066841125, 0.40382760763168335], [0.3491736352443695, 0.32911619544029236, 0.4005451798439026], [0.4211357831954956, 0.43194490671157837, 0.3934512436389923], [0.44792166352272034, 0.47496289014816284, 0.37866321206092834], [0.4538212716579437, 0.4823136031627655, 0.3808461129665375]], "s_pred_p_future": [[0.4433367848396301, 0.13721150159835815, 0.6913943290710449], [0.4412793815135956, 0.1326563060283661, 0.6913608312606812], [0.43601366877555847, 0.1225271224975586, 0.6900360584259033], [0.48211562633514404, 0.26684072613716125, 0.6565557718276978], [0.47838181257247925, 0.259064644575119, 0.6560975313186646]], "shift_hold_p_now_after": [[0.3950217366218567, 0.3946766257286072, 0.39590558409690857], [0.3495240807533264, 0.3295658528804779, 0.400641530752182], [0.4048364758491516, 0.4063395857810974, 0.4009867310523987], [0.47029733657836914, 0.508087694644928, 0.37350788712501526], [0.45449721813201904, 0.48228055238723755, 0.38333797454833984]], "shift_hold_p_now_before": [[0.24804414808750153, 0.176963672041893, 0.43009674549102783], [0.24657520651817322, 0.17714226245880127, 0.4244081377983093], [0.2843698561191559, 0.22946596145629883, 0.4249907433986664], [0.3553362488746643, 0.33631643652915955, 0.40405014157295227], [0.33637726306915283, 0.3075931966304779, 0.410099595785141]], "s_pred_p_now": [[0.39862731099128723, 0.013939838856458664, 0.7103448510169983], [0.3938465416431427, 0.0029618660919368267, 0.7105857133865356], [0.404168963432312, 0.03214285895228386, 0.7056267857551575], [0.4122772514820099, 0.05246589705348015, 0.7038373351097107], [0.41941356658935547, 0.06779661029577255, 0.7043335437774658]], "backchannel": [[0.5449734330177307, 0.6514741778373718, 0.36115220189094543], [0.5304622054100037, 0.7437419891357422, 0.16233935952186584], [0.5412353277206421, 0.6414676308631897, 0.36823350191116333], [0.5034651756286621, 0.766623318195343, 0.049251869320869446], [0.5210634469985962, 0.7534898519515991, 0.11989330500364304]], "short_long": [[0.37583020329475403, 0.48554372787475586, 0.31324702501296997], [0.23373273015022278, 0.524951696395874, 0.06761453300714493], [0.42203569412231445, 0.46543917059898376, 0.3972773551940918], [0.21795053780078888, 0.5285509824752808, 0.04077669978141785], [0.24464690685272217, 0.5226073265075684, 0.08609168976545334]]}, "roddy_events": {"overlaps_before_p_now": [[0.36298882961273193, 0.35162171721458435, 0.39319148659706116], [0.326604962348938, 0.2968650162220001, 0.405624657869339], [0.40189528465270996, 0.40487945079803467, 0.39396628737449646], [0.4600675404071808, 0.48776552081108093, 0.3864734172821045], [0.4061005413532257, 0.4170212745666504, 0.377083957195282]], "overlaps_before_p_future": [[0.40457984805107117, 0.4125894010066986, 0.38329827785491943], [0.38211023807525635, 0.3768978714942932, 0.3959595859050751], [0.4526471495628357, 0.4789189100265503, 0.3828425109386444], [0.4660378694534302, 0.49464094638824463, 0.3900388181209564], [0.45949283242225647, 0.490817129611969, 0.37626343965530396]], "overlaps_after_p_now": [[0.5016143321990967, 0.5557758808135986, 0.35770609974861145], [0.5031734108924866, 0.5537768602371216, 0.36871904134750366], [0.508377194404602, 0.5607755184173584, 0.3691538870334625], [0.5215586423873901, 0.5784193873405457, 0.37047863006591797], [0.5077664852142334, 0.5614469647407532, 0.3651362955570221]], "overlaps_after_p_future": [[0.39038917422294617, 0.3925451338291168, 0.3846607804298401], [0.4164603054523468, 0.4246927797794342, 0.3945864737033844], [0.42884278297424316, 0.44438233971595764, 0.3875539004802704], [0.4925115704536438, 0.5309826135635376, 0.3902932107448578], [0.48724502325057983, 0.5306017994880676, 0.37204521894454956]], "overlap_spred_before_p_future": [[0.2879992425441742, 0.25664252042770386, 0.3789101839065552], [0.28807684779167175, 0.25305622816085815, 0.3896103799343109], [0.2810172438621521, 0.24703377485275269, 0.3795437514781952], [0.4228198230266571, 0.4331650137901306, 0.392826646566391], [0.35401177406311035, 0.35002782940864563, 0.36556220054626465]]}, "gap_0": {"gap_0_p_future": [[0.3893051743507385, 0.4081615209579468, 0.3176337480545044], [0.36801689863204956, 0.3819257318973541, 0.31515035033226013], [0.41256994009017944, 0.4387305676937103, 0.31313541531562805], [0.4672614336013794, 0.5102040767669678, 0.3040398359298706], [0.49338722229003906, 0.5436533689498901, 0.3023295998573303]], "gap_0_p_now": [[0.2232024222612381, 0.19280166923999786, 0.33875328302383423], [0.22097642719745636, 0.1908865123987198, 0.3353458046913147], [0.2862231731414795, 0.27402883768081665, 0.3325728178024292], [0.35644522309303284, 0.3659021556377411, 0.32050007581710815], [0.3495332598686218, 0.3564356565475464, 0.3232976794242859]], "s_pred_p_now": [[0.4157234728336334, 0.053539253771305084, 0.7073151469230652], [0.41781312227249146, 0.059304703027009964, 0.7064454555511475], [0.43524572253227234, 0.10605327039957047, 0.7002760171890259], [0.45685362815856934, 0.16904549300670624, 0.6885656714439392], [0.4565281271934509, 0.17251268029212952, 0.6851867437362671]], "s_pred_p_future": [[0.4630180895328522, 0.19037340581417084, 0.6825222373008728], [0.46864596009254456, 0.20366425812244415, 0.6819806098937988], [0.4601677358150482, 0.18054337799549103, 0.6852911710739136], [0.49590733647346497, 0.311998575925827, 0.6439708471298218], [0.4970545172691345, 0.3142907917499542, 0.6441961526870728]], "superset_p_future": [[0.3964381814002991, 0.4201129376888275, 0.29477885365486145], [0.40247228741645813, 0.42897266149520874, 0.288679838180542], [0.4170610308647156, 0.44608357548713684, 0.29243868589401245], [0.48954156041145325, 0.5370945930480957, 0.28534942865371704], [0.5007075071334839, 0.5514854788780212, 0.2826673984527588]]}, "fast_shift": {}, "slow_shift": {}, "short_long": {}}, "bal_Accs": {"ekstedt_events": {"shift_hold_p_future_after": [0.4937813685207587, 0.49450042019987506, 0.4979811125233766, 0.48610235250856554, 0.49347756337192183], "shift_hold_p_future_before": [0.49712682920455176, 0.49353863687075294, 0.49959403877201364, 0.4880828915091787, 0.4953061465363443], "s_pred_p_future": [0.5027414980675845, 0.5039097239399997, 0.49833037638668604, 0.49763330165389985, 0.4990414240391682], "shift_hold_p_now_after": [0.49961804207736815, 0.49444813489346295, 0.5022288986445518, 0.48743112720232107, 0.49139293311443455], "shift_hold_p_now_before": [0.5001556131445509, 0.4969771458706432, 0.4986526014398859, 0.49579136128141854, 0.4992449788706999], "s_pred_p_now": [0.5007316422770943, 0.49911140086993494, 0.498110737801585, 0.49933002936445553, 0.5053075770710336], "backchannel": [0.5122190464338552, 0.5007235144520724, 0.5084990888264752, 0.49602674002032526, 0.5001307340872565], "short_long": [0.494608802596775, 0.49959269273007045, 0.4935512837394834, 0.49913368224358623, 0.49799753909407307]}, "roddy_events": {"overlaps_before_p_now": [0.4761060431742392, 0.49901163341197896, 0.4898387613509752, 0.49787237446209465, 0.4857073803659205], "overlaps_before_p_future": [0.48795347154036023, 0.49226990103795787, 0.4889911267508811, 0.5058835050436529, 0.4774679656380477], "overlaps_after_p_now": [0.4953521693695423, 0.4978241667304392, 0.49691405663954497, 0.5116785932162426, 0.4954338847173708], "overlaps_after_p_future": [0.48504479427836916, 0.48782852055876, 0.48876694998977477, 0.5116009852536224, 0.48463232633218717], "overlap_spred_before_p_future": [0.48589270395619244, 0.4897744045107211, 0.4787224642547939, 0.5004291207778854, 0.4806578663227361]},