{"f1_score": {"ekstedt_events": {"shift_hold_p_future_after": [[0.7201813459396362, 0.8276497721672058, 0.46418339014053345], [0.7374920845031738, 0.8390064239501953, 0.49567723274230957], [0.724677324295044, 0.8078431487083435, 0.5265700221061707], [0.7194778919219971, 0.8100289106369019, 0.503778338432312], [0.7082227468490601, 0.8265213370323181, 0.4264264404773712]], "shift_hold_p_future_before": [[0.6841004490852356, 0.8087831735610962, 0.3870967626571655], [0.6939171552658081, 0.8003784418106079, 0.4403183162212372], [0.7084066867828369, 0.8079847693443298, 0.4712041914463043], [0.6846721768379211, 0.8037037253379822, 0.40112993121147156], [0.7018128633499146, 0.8151571154594421, 0.4318181872367859]], "s_pred_p_future": [[0.6830890774726868, 0.6962962746620178, 0.671999990940094], [0.6771813035011292, 0.7075471878051758, 0.6516854166984558], [0.6924371719360352, 0.6907216310501099, 0.6938775777816772], [0.6339068412780762, 0.6833713054656982, 0.5923753380775452], [0.6363036632537842, 0.6774942278862, 0.6017192006111145]], "shift_hold_p_now_after": [[0.7275803685188293, 0.835466206073761, 0.47058823704719543], [0.720710277557373, 0.8423864841461182, 0.4308681786060333], [0.7268643379211426, 0.8031967878341675, 0.545034646987915], [0.7077766060829163, 0.8188539743423462, 0.4431818127632141], [0.7291819453239441, 0.8378870487213135, 0.4702380895614624]], "shift_hold_p_now_before": [[0.6865284442901611, 0.8044485449790955, 0.405633807182312], [0.6481491923332214, 0.7268907427787781, 0.4605809152126312], [0.6640768647193909, 0.7359490990638733, 0.4928717017173767], [0.6631160974502563, 0.7807183265686035, 0.38297873735427856], [0.6845530867576599, 0.8176100850105286, 0.3676012456417084]], "s_pred_p_now": [[0.685183048248291, 0.6666666865348816, 0.7007299065589905], [0.6972914338111877, 0.6666666865348816, 0.7230046987533569], [0.6427112221717834, 0.5397923588752747, 0.7291242480278015], [0.664422869682312, 0.6597402691841125, 0.6683544516563416], [0.6587254405021667, 0.661577582359314, 0.6563307642936707]], "backchannel": [[0.7063133120536804, 0.6977205276489258, 0.717853844165802], [0.7153237462043762, 0.728921115398407, 0.6970617771148682], [0.7322835326194763, 0.741965115070343, 0.7192807197570801], [0.7467144131660461, 0.7581818103790283, 0.7313131093978882], [0.7239190936088562, 0.7377938628196716, 0.7052845358848572]], "short_long": [[0.6082493662834167, 0.25333333015441895, 0.7825242877006531], [0.6466733813285828, 0.41943734884262085, 0.7582534551620483], [0.6250696182250977, 0.5385996699333191, 0.6675291061401367], [0.6440792083740234, 0.3525835871696472, 0.7872127890586853], [0.5765377879142761, 0.12749004364013672, 0.7970342636108398]]}, "roddy_events": {"overlaps_before_p_now": [[0.6018780469894409, 0.7744874954223633, 0.277372270822525], [0.567846417427063, 0.6805194616317749, 0.3560209572315216], [0.5790641903877258, 0.7067669034004211, 0.33898305892944336], [0.6191796064376831, 0.7394540905952454, 0.39306357502937317], [0.6156121492385864, 0.7731481194496155, 0.3194444477558136]], "overlaps_before_p_future": [[0.6378138661384583, 0.7567567825317383, 0.41420117020606995], [0.626128613948822, 0.7844036817550659, 0.3285714387893677], [0.6420924067497253, 0.7972665429115295, 0.35036495327949524], [0.6510860323905945, 0.7623762488365173, 0.44186046719551086], [0.6720492839813232, 0.7923627495765686, 0.4458598792552948]], "overlaps_after_p_now": [[0.600202739238739, 0.7277227640151978, 0.3604651093482971], [0.607642412185669, 0.7724137902259827, 0.2978723347187042], [0.6438424587249756, 0.7850467562675476, 0.37837839126586914], [0.6144382953643799, 0.7571428418159485, 0.3461538553237915], [0.6127980947494507, 0.7780320644378662, 0.30215826630592346]], "overlaps_after_p_future": [[0.6894177794456482, 0.7731958627700806, 0.5319148898124695], [0.6726307272911072, 0.7874395847320557, 0.45679011940956116], [0.6595137715339661, 0.760705292224884, 0.46927374601364136], [0.6749186515808105, 0.7952380776405334, 0.44871795177459717], [0.6958754658699036, 0.8104265332221985, 0.48051947355270386]], "overlap_spred_before_p_future": [[0.7472918629646301, 0.807692289352417, 0.6391752362251282], [0.6979703903198242, 0.800000011920929, 0.5153374075889587], [0.725784182548523, 0.8220551609992981, 0.553459107875824], [0.7146421074867249, 0.8091602921485901, 0.5454545617103577], [0.7281454801559448, 0.7956403493881226, 0.6073298454284668]]}, "gap_0": {"gap_0_p_future": [[0.7689350843429565, 0.8655737638473511, 0.4305555522441864], [0.7622401118278503, 0.8554768562316895, 0.4357723593711853], [0.7749907970428467, 0.859309196472168, 0.47975078225135803], [0.7577044367790222, 0.8608731031417847, 0.3964601755142212], [0.7679811716079712, 0.8695299625396729, 0.4124087691307068]], "gap_0_p_now": [[0.7678599953651428, 0.8573818206787109, 0.4544000029563904], [0.7567383050918579, 0.8427350521087646, 0.45562130212783813], [0.7380656003952026, 0.811568021774292, 0.4806973934173584], [0.7550809383392334, 0.849372386932373, 0.42492014169692993], [0.7704424262046814, 0.8730350732803345, 0.4112149477005005]], "s_pred_p_now": [[0.8276551961898804, 0.8231405019760132, 0.8314960598945618], [0.7986821532249451, 0.7870528101921082, 0.8085758090019226], [0.8244636058807373, 0.8149405717849731, 0.8325653076171875], [0.7874429821968079, 0.7777777910232544, 0.7956656217575073], [0.7775722146034241, 0.7752442955970764, 0.779552698135376]], "s_pred_p_future": [[0.78676438331604, 0.7904762029647827, 0.7836065292358398], [0.7873192429542542, 0.7724137902259827, 0.800000011920929], [0.7761338949203491, 0.7694858908653259, 0.7817896604537964], [0.7556202411651611, 0.7636932730674744, 0.7487520575523376], [0.7575961351394653, 0.7626582384109497, 0.7532894611358643]], "superset_p_future": [[0.7791002988815308, 0.8689205050468445, 0.43765902519226074], [0.7727327346801758, 0.8742029070854187, 0.38700565695762634], [0.7839156985282898, 0.8700834512710571, 0.4563590884208679], [0.7679710388183594, 0.8686515092849731, 0.3852458894252777], [0.7824463248252869, 0.8780913352966309, 0.4188627004623413]]}, "fast_shift": {}, "slow_shift": {}, "short_long": {}}, "bal_Accs": {"ekstedt_events": {"shift_hold_p_future_after": [0.7026994208854848, 0.6855454885111153, 0.7065150382962825, 0.6575985428731552, 0.6767326732673267], "shift_hold_p_future_before": [0.6328460676256304, 0.6183168316831683, 0.6430926583224361, 0.6145899495609939, 0.645516532785354], "s_pred_p_future": [0.6932372270510918, 0.6949332202671189, 0.7006571973712106, 0.6595558617765529, 0.657753868984524], "shift_hold_p_now_after": [0.6560293293480292, 0.6962357556510368, 0.6829861759760882, 0.6398094526433775, 0.6566971791518774], "shift_hold_p_now_before": [0.6045768727816179, 0.6034886979263965, 0.6185083130954605, 0.6060573510181206, 0.6005837847935737], "s_pred_p_now": [0.6851282594869621, 0.6946682213271147, 0.6412709349162603, 0.668062327750689, 0.6646968412126352], "backchannel": [0.7127031599751454, 0.7247673626447666, 0.7033078299407832, 0.7385066291352553, 0.7206910620840414], "short_long": [0.5530335606200216, 0.5843571472449167, 0.6130802465343899, 0.5859952495034503, 0.5513237913876774]}, "roddy_events": {"overlaps_before_p_now": [0.5629787234042554, 0.5137234042553191, 0.5334042553191489, 0.5311702127659574, 0.5513829787234042], "overlaps_before_p_future": [0.6340425531914894, 0.5846808510638298, 0.6160638297872341, 0.5973404255319149, 0.6373404255319148], "overlaps_after_p_now": [0.5654255319148936, 0.5214893617021277, 0.5868085106382979, 0.5419148936170213, 0.5675531914893617], "overlaps_after_p_future": [0.6458510638297872, 0.6390425531914894, 0.6487234042553192, 0.5802127659574468, 0.624468085106383], "overlap_spred_before_p_future": [0.7312290502793296, 0.7022346368715084, 0.698854748603352, 0.6756145251396648, 0.6978212290502793]}, "gap_0": {"gap_0_p_future": [0.6670051278136173, 0.6614612360193914, 0.6708490794111285, 0.6565522769782799, 0.6663511089055999],