{"f1_score": {"ekstedt_events": {"shift_hold_p_future_after": [[0.79300856590271, 0.8540433645248413, 0.6476190686225891], [0.768715500831604, 0.8442307710647583, 0.5888324975967407], [0.7724814414978027, 0.8238993883132935, 0.6499999761581421], [0.7840754985809326, 0.8345473408699036, 0.663847804069519], [0.7958083152770996, 0.8604651093482971, 0.641791045665741]], "shift_hold_p_future_before": [[0.761323869228363, 0.8354430198669434, 0.5847665667533875], [0.7361313104629517, 0.8052738308906555, 0.5714285969734192], [0.7585774660110474, 0.8177136778831482, 0.6177105903625488], [0.7598814368247986, 0.8219735622406006, 0.6119734048843384], [0.7691013813018799, 0.8349900841712952, 0.6121495366096497]], "s_pred_p_future": [[0.7719886302947998, 0.7333333492279053, 0.804444432258606], [0.7539504170417786, 0.7318435907363892, 0.7725118398666382], [0.7588915228843689, 0.7173252105712891, 0.7937915921211243], [0.7847863435745239, 0.7666666507720947, 0.800000011920929], [0.7976888418197632, 0.7823691368103027, 0.8105515837669373]], "shift_hold_p_now_after": [[0.7826220989227295, 0.8579545617103577, 0.60317462682724], [0.7499557733535767, 0.8493150472640991, 0.5132743120193481], [0.7660893797874451, 0.8249744176864624, 0.6258205771446228], [0.7711330652236938, 0.8484270572662354, 0.5870130062103271], [0.7860592007637024, 0.8648648858070374, 0.5983379483222961]], "shift_hold_p_now_before": [[0.7454451322555542, 0.8330170512199402, 0.5368421077728271], [0.657994270324707, 0.7149220705032349, 0.5223880410194397], [0.6949795484542847, 0.7488986849784851, 0.5665399432182312], [0.7158839702606201, 0.800000011920929, 0.5155131220817566], [0.7200342416763306, 0.8354430198669434, 0.4451219439506531]], "s_pred_p_now": [[0.7708215713500977, 0.7267080545425415, 0.807860255241394], [0.7629827857017517, 0.7077922224998474, 0.8093220591545105], [0.6867237687110901, 0.5808823704719543, 0.7755905389785767], [0.7451258897781372, 0.6975308656692505, 0.7850877046585083], [0.7863119840621948, 0.7580174803733826, 0.810068666934967]], "backchannel": [[0.7106591463088989, 0.6970617771148682, 0.728921115398407], [0.7413617372512817, 0.7398843765258789, 0.7433460354804993], [0.7539972066879272, 0.7535954117774963, 0.7545367479324341], [0.7527804374694824, 0.7509652376174927, 0.7552182078361511], [0.7546191811561584, 0.752417802810669, 0.7575757503509521]], "short_long": [[0.5915123224258423, 0.20761245489120483, 0.780019223690033], [0.6560376882553101, 0.37837839126586914, 0.7923771142959595], [0.7623215913772583, 0.6536796689033508, 0.8156682252883911], [0.613079845905304, 0.26490065455436707, 0.7840467095375061], [0.568079948425293, 0.09876543283462524, 0.7985280752182007]]}, "roddy_events": {"overlaps_before_p_now": [[0.6030815243721008, 0.7847533822059631, 0.26153847575187683], [0.5218349695205688, 0.6212534308433533, 0.3349282443523407], [0.5911651849746704, 0.7241379022598267, 0.34117648005485535], [0.5737208127975464, 0.6938775777816772, 0.3478260934352875], [0.586396336555481, 0.7858719825744629, 0.21138212084770203]], "overlaps_before_p_future": [[0.6643287539482117, 0.7399463653564453, 0.5221675038337708], [0.6634615063667297, 0.7836538553237915, 0.4375], [0.6719761490821838, 0.800936758518219, 0.42953020334243774], [0.6066190004348755, 0.658823549747467, 0.508474588394165], [0.6802765727043152, 0.7636363506317139, 0.5235602259635925]], "overlaps_after_p_now": [[0.6034555435180664, 0.7128205299377441, 0.3978494703769684], [0.6023116111755371, 0.7547169923782349, 0.31578946113586426], [0.6301742792129517, 0.7706855535507202, 0.3660130798816681], [0.5936343669891357, 0.710659921169281, 0.37362638115882874], [0.6145349740982056, 0.7882882952690125, 0.28787878155708313]], "overlaps_after_p_future": [[0.7049094438552856, 0.7448680400848389, 0.6297872066497803], [0.7424375414848328, 0.8042327761650085, 0.6262626051902771], [0.7287111878395081, 0.783561646938324, 0.6255924105644226], [0.6911932229995728, 0.7527472376823425, 0.5754716992378235], [0.732178270816803, 0.8101266026496887, 0.5856353640556335]], "overlap_spred_before_p_future": [[0.7961655259132385, 0.8231707215309143, 0.747826099395752], [0.8055182099342346, 0.8586666584014893, 0.7103825211524963], [0.8216313123703003, 0.8743455410003662, 0.7272727489471436], [0.796728253364563, 0.8478260636329651, 0.7052631378173828], [0.8101249933242798, 0.8363636136054993, 0.7631579041481018]]}, "gap_0": {"gap_0_p_future": [[0.8135973215103149, 0.8786969780921936, 0.5856515169143677], [0.8033832311630249, 0.8674803972244263, 0.5789473652839661], [0.8142369389533997, 0.8703374862670898, 0.6178010702133179], [0.8201839923858643, 0.8829832673072815, 0.6002928018569946], [0.8177895545959473, 0.8871170878410339, 0.5750395059585571]], "gap_0_p_now": [[0.8031926155090332, 0.8763191103935242, 0.5471406579017639], [0.7791827321052551, 0.8497591018676758, 0.5320600271224976], [0.7738484144210815, 0.8337150812149048, 0.5642256736755371], [0.7948058843612671, 0.8660944104194641, 0.5451894998550415], [0.7949572205543518, 0.8838343024253845, 0.4837545156478882]], "s_pred_p_now": [[0.8951999545097351, 0.886561930179596, 0.9025487303733826], [0.8622959852218628, 0.8446069359779358, 0.8773449063301086], [0.8576701283454895, 0.8411552309989929, 0.8717201352119446], [0.8670517206192017, 0.8492646813392639, 0.8821839094161987], [0.8950856924057007, 0.8849557638168335, 0.9037036895751953]], "s_pred_p_future": [[0.8450736403465271, 0.8303886651992798, 0.857566773891449], [0.8031989336013794, 0.765625, 0.8351648449897766], [0.8404233455657959, 0.8150943517684937, 0.8619718551635742], [0.8411946296691895, 0.8205128312110901, 0.8587896227836609], [0.8722538948059082, 0.8576576709747314, 0.8846715092658997]], "superset_p_future": [[0.8092284202575684, 0.8737984299659729, 0.5637727975845337], [0.8152333498001099, 0.8888226747512817, 0.5354918837547302], [0.811364471912384, 0.8748835921287537, 0.5699039697647095], [0.8125571608543396, 0.8782287836074829, 0.5629138946533203], [0.8213503956794739, 0.8894245028495789, 0.5625745058059692]]}, "fast_shift": {}, "slow_shift": {}, "short_long": {}}, "bal_Accs": {"ekstedt_events": {"shift_hold_p_future_after": [0.7507379039790771, 0.7365542686344106, 0.7551653278535401, 0.7666682234261162, 0.775990099009901], "shift_hold_p_future_before": [0.7243274799178031, 0.7015878946385204, 0.7283439192975901, 0.7151830749112646, 0.7420932187558378], "s_pred_p_future": [0.7667744329022683, 0.7524114903540386, 0.7900413398346406, 0.783866864532542, 0.7974613101547594], "shift_hold_p_now_after": [0.743583037549038, 0.7403465346534653, 0.7582243601718662, 0.7459975714552587, 0.7588688585839716], "shift_hold_p_now_before": [0.6807164206986737, 0.654119185503456, 0.6560666915748179, 0.6806510368017934, 0.701387072669531], "s_pred_p_now": [0.7649724401102396, 0.7566514733941064, 0.6865327538689845, 0.7395855416578334, 0.7826213695145219], "backchannel": [0.7230791977660825, 0.7483829551494644, 0.7141835795084484, 0.7500524042312674, 0.7447820358295216], "short_long": [0.691048794971026, 0.721087495136884, 0.7499744046522104, 0.6988963286033131, 0.6812457767676147]}, "roddy_events": {"overlaps_before_p_now": [0.510531914893617, 0.47925531914893615, 0.5501063829787234, 0.49340425531914894, 0.5441489361702128], "overlaps_before_p_future": [0.6337234042553191, 0.6119148936170213, 0.6619148936170213, 0.5826595744680851, 0.6545744680851064], "overlaps_after_p_now": [0.531595744680851, 0.5279787234042553, 0.5735106382978723, 0.5330851063829787, 0.538936170212766], "overlaps_after_p_future": [0.6461702127659574, 0.7064893617021277, 0.7069148936170213, 0.6358510638297873, 0.7029787234042553], "overlap_spred_before_p_future": [0.6677374301675978, 0.7619553072625698, 0.7919553072625698, 0.7625418994413409, 0.8204748603351955]}, "gap_0": {"gap_0_p_future": [0.7499650087160108, 0.7365283556641345, 0.7584952475474291, 0.7578501355116998, 0.7640213255970786],