{"f1_score": {"ekstedt_events": {"shift_hold_p_future_after": [[0.7803722620010376, 0.8592870831489563, 0.592391312122345], [0.7871270179748535, 0.8625235557556152, 0.6075268983840942], [0.7703635096549988, 0.8308004140853882, 0.6263982057571411], [0.7816283702850342, 0.8507751822471619, 0.6169154047966003], [0.7942508459091187, 0.8724583983421326, 0.6079545617103577]], "shift_hold_p_future_before": [[0.7476786971092224, 0.845588207244873, 0.5144508481025696], [0.7322942018508911, 0.814453125, 0.5365853905677795], [0.7504323720932007, 0.8294573426246643, 0.5621890425682068], [0.7294138669967651, 0.8262910842895508, 0.49864497780799866], [0.7595009803771973, 0.8480894565582275, 0.5484764575958252]], "s_pred_p_future": [[0.7440351843833923, 0.7354497313499451, 0.7512437701225281], [0.7333333492279053, 0.7333333492279053, 0.7333333492279053], [0.7414102554321289, 0.7232876420021057, 0.7566264867782593], [0.737572968006134, 0.7600950002670288, 0.7186629772186279], [0.7624231576919556, 0.7756097316741943, 0.7513513565063477]], "shift_hold_p_now_after": [[0.7584927678108215, 0.8518859148025513, 0.5360230803489685], [0.744777262210846, 0.8527827858924866, 0.48750001192092896], [0.7382015585899353, 0.8053007125854492, 0.5783664584159851], [0.7453539371490479, 0.8418131470680237, 0.5155807137489319], [0.7711346745491028, 0.8605504631996155, 0.5581395626068115]], "shift_hold_p_now_before": [[0.7093504667282104, 0.8213627934455872, 0.44252872467041016], [0.6603504419326782, 0.7319148778915405, 0.4898785352706909], [0.6727757453918457, 0.7406616806983948, 0.5110663771629333], [0.6916300654411316, 0.8052189946174622, 0.42105263471603394], [0.6914752125740051, 0.8293545246124268, 0.36303630471229553]], "s_pred_p_now": [[0.7384615540504456, 0.7134831547737122, 0.7594339847564697], [0.7229180932044983, 0.6767371892929077, 0.7616926431655884], [0.7025138139724731, 0.6185566782951355, 0.7730061411857605], [0.7412738800048828, 0.7202215790748596, 0.758949875831604], [0.7670561075210571, 0.752043604850769, 0.7796609997749329]], "backchannel": [[0.7272692918777466, 0.7184079885482788, 0.739170491695404], [0.7388282418251038, 0.7392550110816956, 0.7382550239562988], [0.7543890476226807, 0.75639808177948, 0.7516908049583435], [0.7443506717681885, 0.7435158491134644, 0.7454718947410583], [0.7499446272850037, 0.7483124136924744, 0.752136766910553]], "short_long": [[0.5843771696090698, 0.193771630525589, 0.7761767506599426], [0.6581908464431763, 0.3942028880119324, 0.7878172397613525], [0.7079165577888489, 0.5995975732803345, 0.7611044645309448], [0.6178640723228455, 0.2763157784938812, 0.7855750322341919], [0.5741783380508423, 0.11428571492433548, 0.800000011920929]]}, "roddy_events": {"overlaps_before_p_now": [[0.5997017621994019, 0.795604407787323, 0.23140496015548706], [0.5665580034255981, 0.682170569896698, 0.3492063581943512], [0.5766381621360779, 0.7333333492279053, 0.28205129504203796], [0.6191796064376831, 0.7394540905952454, 0.39306357502937317], [0.5824847221374512, 0.7868131995201111, 0.19834710657596588]], "overlaps_before_p_future": [[0.6844631433486938, 0.7841191291809082, 0.4971098303794861], [0.6499927043914795, 0.7981651425361633, 0.37142857909202576], [0.6304721832275391, 0.8008948564529419, 0.3100775182247162], [0.6711271405220032, 0.753926694393158, 0.5154638886451721], [0.6975986957550049, 0.8095238208770752, 0.4871794879436493]], "overlaps_after_p_now": [[0.5901647806167603, 0.7196030020713806, 0.34682080149650574], [0.6103677749633789, 0.7674418687820435, 0.31506848335266113], [0.6393481492996216, 0.7908046245574951, 0.3546099364757538], [0.6225489974021912, 0.7659574747085571, 0.3529411852359772], [0.6257363557815552, 0.7918552160263062, 0.31343284249305725]], "overlaps_after_p_future": [[0.6826176047325134, 0.7513513565063477, 0.553398072719574], [0.7213274240493774, 0.813725471496582, 0.5476190447807312], [0.7127334475517273, 0.7989949584007263, 0.550561785697937], [0.7218759059906006, 0.8079800605773926, 0.5600000023841858], [0.6917392015457153, 0.8038277626037598, 0.4810126721858978]], "overlap_spred_before_p_future": [[0.8147459030151367, 0.8522727489471436, 0.7475728392601013], [0.7592371702194214, 0.8350515365600586, 0.6235294342041016], [0.7798548936843872, 0.8571428656578064, 0.6415094137191772], [0.7940508127212524, 0.8629441857337952, 0.6707317233085632], [0.8320741653442383, 0.8676056265830994, 0.7684729099273682]]}, "gap_0": {"gap_0_p_future": [[0.8171216249465942, 0.8939828276634216, 0.547993004322052], [0.804430365562439, 0.8764805197715759, 0.5521472096443176], [0.8109070062637329, 0.8785684108734131, 0.573991060256958], [0.8018317222595215, 0.8855273723602295, 0.5087719559669495], [0.8116875886917114, 0.8949070572853088, 0.5202952027320862]], "gap_0_p_now": [[0.7950366139411926, 0.878812849521637, 0.501694917678833], [0.7819463014602661, 0.8597015142440796, 0.5096870064735413], [0.7659818530082703, 0.8322813510894775, 0.5338345766067505], [0.7855868339538574, 0.8729373216629028, 0.4797297418117523], [0.7831315398216248, 0.8838323354721069, 0.4305283725261688]], "s_pred_p_now": [[0.882430374622345, 0.8756388425827026, 0.888208270072937], [0.8597878217697144, 0.8492200970649719, 0.8687782883644104], [0.8630568385124207, 0.8537005186080933, 0.8710166811943054], [0.86788010597229, 0.8586207032203674, 0.8757575750350952], [0.8824449777603149, 0.8764805197715759, 0.8875192403793335]], "s_pred_p_future": [[0.8486018180847168, 0.8443708419799805, 0.8522012829780579], [0.8237426280975342, 0.8036035895347595, 0.8408759236335754], [0.8305745124816895, 0.8148148059844971, 0.8439821600914001], [0.8389617204666138, 0.8333333134651184, 0.84375], [0.842192530632019, 0.8350168466567993, 0.8482972383499146]], "superset_p_future": [[0.8170923590660095, 0.8923713564872742, 0.530927836894989], [0.8097459673881531, 0.893987774848938, 0.4895104765892029], [0.811603307723999, 0.8853636384010315, 0.5312117338180542], [0.8077780604362488, 0.8898007273674011, 0.49597856402397156], [0.8172051906585693, 0.8984329700469971, 0.5084269642829895]]}, "fast_shift": {}, "slow_shift": {}, "short_long": {}}, "bal_Accs": {"ekstedt_events": {"shift_hold_p_future_after": [0.7462871287128713, 0.7176303007659257, 0.743639080889221, 0.7337707827386513, 0.7376751354380722], "shift_hold_p_future_before": [0.6750653838968803, 0.6864795441808331, 0.6952129646926957, 0.6879366710255932, 0.72023164580609], "s_pred_p_future": [0.7465815136739453, 0.7389495442018232, 0.7436665253338987, 0.753683485266059, 0.7744594021623914], "shift_hold_p_now_after": [0.7106529049131328, 0.7077059592751728, 0.7336493555015879, 0.713767980571642, 0.7322576125537081], "shift_hold_p_now_before": [0.6492434149075286, 0.620754716981132, 0.6512936671025593, 0.6439379787035306, 0.6803381281524379], "s_pred_p_now": [0.7364585541657833, 0.7179086283654865, 0.698563705745177, 0.7401685393258427, 0.7673574305702777], "backchannel": [0.7372695149614081, 0.7474995695366717, 0.723913922306984, 0.7517218533130704, 0.7447820358295216], "short_long": [0.6506900505764073, 0.6523332719044986, 0.6958760775641419, 0.6463695558695252, 0.6273931650183262]}, "roddy_events": {"overlaps_before_p_now": [0.5097872340425532, 0.5471276595744681, 0.5420212765957446, 0.5631914893617022, 0.5377659574468086], "overlaps_before_p_future": [0.6175531914893617, 0.6346808510638298, 0.6530851063829788, 0.623404255319149, 0.6654255319148936], "overlaps_after_p_now": [0.5058510638297873, 0.5261702127659574, 0.5824468085106382, 0.5669148936170213, 0.5522340425531915], "overlaps_after_p_future": [0.6457446808510638, 0.6987234042553192, 0.6747872340425531, 0.6170212765957447, 0.6905319148936171], "overlap_spred_before_p_future": [0.7387430167597766, 0.7554748603351955, 0.7704748603351955, 0.7773743016759777, 0.8201675977653631]}, "gap_0": {"gap_0_p_future": [0.72436029570816, 0.7183926912750824, 0.7371581987759412, 0.7241427135422631, 0.7497168887022687],