{"f1_score": {"ekstedt_events": {"shift_hold_p_future_after": [[0.7194915413856506, 0.8279668688774109, 0.46109509468078613], [0.7416711449623108, 0.841911792755127, 0.5028901696205139], [0.7407193183898926, 0.8225024342536926, 0.5459057092666626], [0.736961841583252, 0.8376383781433105, 0.49714285135269165], [0.7450745701789856, 0.8467153310775757, 0.5029585957527161]], "shift_hold_p_future_before": [[0.6943138837814331, 0.8089053630828857, 0.42134830355644226], [0.6996449828147888, 0.8060263395309448, 0.4462365508079529], [0.7153494358062744, 0.8129155039787292, 0.48293963074684143], [0.7215266227722168, 0.8318098783493042, 0.4588235318660736], [0.7146365642547607, 0.8253676295280457, 0.45086705684661865]], "s_pred_p_future": [[0.7009971141815186, 0.7142857313156128, 0.6898396015167236], [0.691186249256134, 0.715990424156189, 0.6703600883483887], [0.7126845717430115, 0.7142857313156128, 0.7113401889801025], [0.6325817108154297, 0.6862302422523499, 0.5875371098518372], [0.6724241971969604, 0.7113164067268372, 0.639769434928894]], "shift_hold_p_now_after": [[0.7346134185791016, 0.835489809513092, 0.4943181872367859], [0.7338360548019409, 0.8479427695274353, 0.46202531456947327], [0.7403988838195801, 0.8135592937469482, 0.5661252737045288], [0.7387752532958984, 0.8446866273880005, 0.4864864945411682], [0.7498093247413635, 0.8509091138839722, 0.5089820623397827]], "shift_hold_p_now_before": [[0.6884602904319763, 0.800000011920929, 0.42276424169540405], [0.6594735383987427, 0.7417355179786682, 0.46351930499076843], [0.6656184792518616, 0.740818440914154, 0.4864864945411682], [0.7047947645187378, 0.8170055747032166, 0.4375], [0.7107927799224854, 0.8343778252601624, 0.41640380024909973]], "s_pred_p_now": [[0.7056820392608643, 0.6900269389152527, 0.718826413154602], [0.702690064907074, 0.6759776473045349, 0.7251184582710266], [0.7122547626495361, 0.6518987417221069, 0.7629310488700867], [0.680644690990448, 0.6930692791938782, 0.6702127456665039], [0.7020946741104126, 0.7070707082748413, 0.6979166865348816]], "backchannel": [[0.7064483165740967, 0.694779098033905, 0.7221206426620483], [0.7240605354309082, 0.7281279563903809, 0.7185978293418884], [0.7241188287734985, 0.7286384701728821, 0.7180487513542175], [0.7405706644058228, 0.7467411756515503, 0.7322834730148315], [0.7442926168441772, 0.7495326995849609, 0.7372549176216125]], "short_long": [[0.5994932055473328, 0.2305084764957428, 0.7806763052940369], [0.6587024927139282, 0.4078212380409241, 0.7818930149078369], [0.6652670502662659, 0.5403226017951965, 0.7266187071800232], [0.644502580165863, 0.34069401025772095, 0.7936821579933167], [0.5753871202468872, 0.12096773833036423, 0.7985212802886963]]}, "roddy_events": {"overlaps_before_p_now": [[0.5778684616088867, 0.7814569473266602, 0.19512194395065308], [0.5397388339042664, 0.6597402691841125, 0.3141361176967621], [0.6122723817825317, 0.7445255517959595, 0.3636363744735718], [0.6072984933853149, 0.7565011978149414, 0.32679739594459534], [0.5877777338027954, 0.7822222113609314, 0.2222222238779068]], "overlaps_before_p_future": [[0.6541463732719421, 0.779904305934906, 0.4177215099334717], [0.6227363348007202, 0.792792797088623, 0.3030303120613098], [0.6180059909820557, 0.8008849620819092, 0.27419355511665344], [0.6349689364433289, 0.7536945939064026, 0.4117647111415863], [0.6761555075645447, 0.8110598921775818, 0.4225352108478546]], "overlaps_after_p_now": [[0.6531455516815186, 0.7759036421775818, 0.42236024141311646], [0.6356339454650879, 0.7764706015586853, 0.3708609342575073], [0.6314053535461426, 0.7899543642997742, 0.3333333432674408], [0.6022645235061646, 0.7706422209739685, 0.2857142984867096], [0.6555418968200684, 0.8108108043670654, 0.3636363744735718]], "overlaps_after_p_future": [[0.6791850328445435, 0.7715736031532288, 0.5054945349693298], [0.6787726879119873, 0.7832512259483337, 0.48235294222831726], [0.694700300693512, 0.7920792102813721, 0.5116279125213623], [0.6558465361595154, 0.7877358198165894, 0.40789473056793213], [0.6812084913253784, 0.8129330277442932, 0.4335664212703705]], "overlap_spred_before_p_future": [[0.7443827390670776, 0.8118279576301575, 0.6236559152603149], [0.7072369456291199, 0.8090452551841736, 0.5249999761581421], [0.7271972298622131, 0.8211587071418762, 0.5590062141418457], [0.6979495286941528, 0.8050000071525574, 0.5063291192054749], [0.762264609336853, 0.8257372379302979, 0.6486486196517944]]}, "gap_0": {"gap_0_p_future": [[0.7755163311958313, 0.8672712445259094, 0.45423728227615356], [0.7683812379837036, 0.8605809211730957, 0.4455445408821106], [0.7833320498466492, 0.864249587059021, 0.5], [0.7868936061859131, 0.8794153332710266, 0.46292948722839355], [0.789086103439331, 0.8853247761726379, 0.4521072804927826]], "gap_0_p_now": [[0.7759923934936523, 0.8631051778793335, 0.47096773982048035], [0.771742582321167, 0.8556919097900391, 0.4777947962284088], [0.7601338028907776, 0.8305766582489014, 0.5134788155555725], [0.7882272005081177, 0.8726669549942017, 0.4925619959831238], [0.7911027669906616, 0.8865731358528137, 0.4568138122558594]], "s_pred_p_now": [[0.8356276750564575, 0.8333333134651184, 0.837579607963562], [0.8244636058807373, 0.8149405717849731, 0.8325653076171875], [0.8260859847068787, 0.8193979859352112, 0.8317757248878479], [0.7951873540878296, 0.7948303818702698, 0.7954911589622498], [0.819305956363678, 0.81993567943573, 0.8187702298164368]], "s_pred_p_future": [[0.7929808497428894, 0.7987421154975891, 0.7880794405937195], [0.7954610586166382, 0.7836456298828125, 0.8055130243301392], [0.8131955862045288, 0.8066666722297668, 0.8187500238418579], [0.736762523651123, 0.752293586730957, 0.723549485206604], [0.7898336052894592, 0.7949526906013489, 0.7854785323143005]], "superset_p_future": [[0.7820989489555359, 0.8706998825073242, 0.4452926218509674], [0.7796486020088196, 0.8812194466590881, 0.3935389220714569], [0.7937517762184143, 0.8770053386688232, 0.47727271914482117], [0.7901531457901001, 0.883734405040741, 0.43441465497016907], [0.7999230623245239, 0.8921483755111694, 0.44933921098709106]]}, "fast_shift": {}, "slow_shift": {}, "short_long": {}}, "bal_Accs": {"ekstedt_events": {"shift_hold_p_future_after": [0.6843545675322249, 0.6773911825144778, 0.7043900616476741, 0.6612133383149635, 0.6857883429852419], "shift_hold_p_future_before": [0.6431253502708761, 0.6458621333831496, 0.6592237997384645, 0.6362273491500093, 0.6512236129273306], "s_pred_p_future": [0.7115486538053848, 0.7067256730973076, 0.7273955904176383, 0.6604568581725673, 0.6943767224931101], "shift_hold_p_now_after": [0.6675882682607883, 0.6818512983373809, 0.6851111526246965, 0.6665421259107043, 0.6984821595367083], "shift_hold_p_now_before": [0.6332570521203064, 0.6028208481225481, 0.6372314589949561, 0.6155240052307118, 0.63307958154306], "s_pred_p_now": [0.7062486750053, 0.7007366970532118, 0.7067786728853085, 0.6904282382870468, 0.7092961628153487], "backchannel": [0.7278011933192092, 0.7268691466345254, 0.7052636307148685, 0.7385796207430919, 0.7336199345695742], "short_long": [0.5980404201732292, 0.5949945737862686, 0.6418187030325369, 0.594841001699531, 0.5984089931813994]}, "roddy_events": {"overlaps_before_p_now": [0.5180851063829788, 0.492127659574468, 0.5593617021276596, 0.5288297872340425, 0.5743617021276596], "overlaps_before_p_future": [0.5980851063829787, 0.5870212765957447, 0.6170212765957447, 0.5723404255319149, 0.6217021276595744], "overlaps_after_p_now": [0.5680851063829787, 0.5424468085106383, 0.5751063829787234, 0.5835106382978723, 0.5935106382978723], "overlaps_after_p_future": [0.6292553191489361, 0.6154255319148936, 0.6068085106382979, 0.5739361702127659, 0.652127659574468], "overlap_spred_before_p_future": [0.7491620111731844, 0.7384078212290504, 0.7567877094972068, 0.6978212290502793, 0.7301675977653631]}, "gap_0": {"gap_0_p_future": [0.6940794747490171, 0.6819305009479457, 0.7024048555178073, 0.6866066088992377, 0.6821277245486124],