{"f1_score": {"ekstedt_events": {"shift_hold_p_future_after": [[0.8036598563194275, 0.8667953610420227, 0.6532663106918335], [0.7740119099617004, 0.8503336310386658, 0.5922077894210815], [0.766127347946167, 0.8215767741203308, 0.6340425610542297], [0.7715171575546265, 0.8348348140716553, 0.6206896305084229], [0.7913172245025635, 0.8636363744735718, 0.6190476417541504]], "shift_hold_p_future_before": [[0.7719221115112305, 0.8498098850250244, 0.5863874554634094], [0.7412822842597961, 0.815109372138977, 0.5654205679893494], [0.7545938491821289, 0.8231768012046814, 0.5912240147590637], [0.7609772086143494, 0.837837815284729, 0.5778894424438477], [0.7666682004928589, 0.8416988253593445, 0.5879396796226501]], "s_pred_p_future": [[0.7946648597717285, 0.7727272510528564, 0.8130841255187988], [0.764549970626831, 0.7540106773376465, 0.7733989953994751], [0.7323518991470337, 0.6976743936538696, 0.7614678740501404], [0.7612327337265015, 0.7645569443702698, 0.7584415674209595], [0.784989595413208, 0.7777777910232544, 0.7910447716712952]], "shift_hold_p_now_after": [[0.7744336724281311, 0.850047767162323, 0.594315230846405], [0.7531011700630188, 0.8479262590408325, 0.527220606803894], [0.7541991472244263, 0.8116545081138611, 0.6173361539840698], [0.7779152989387512, 0.8571428656578064, 0.5891891717910767], [0.7850819826126099, 0.8653667569160461, 0.593837559223175]], "shift_hold_p_now_before": [[0.7229735851287842, 0.8210923075675964, 0.48924732208251953], [0.6621137857437134, 0.7173184156417847, 0.5306122303009033], [0.7000185251235962, 0.754923403263092, 0.5692307949066162], [0.7346938252449036, 0.8229665160179138, 0.5244215726852417], [0.7096698880195618, 0.8333333134651184, 0.4150943458080292]], "s_pred_p_now": [[0.7733467221260071, 0.7426900863647461, 0.7990867495536804], [0.7460782527923584, 0.7030302882194519, 0.7822222113609314], [0.7280175089836121, 0.6480836272239685, 0.7951318621635437], [0.780981183052063, 0.7507331371307373, 0.8063781261444092], [0.8028936386108398, 0.7901907563209534, 0.8135592937469482]], "backchannel": [[0.7230521440505981, 0.7127127051353455, 0.7369385957717896], [0.7444975972175598, 0.7444975972175598, 0.7444975972175598], [0.7549189329147339, 0.7543185949325562, 0.7557252049446106], [0.7596704959869385, 0.7588856816291809, 0.7607244849205017], [0.7597404718399048, 0.7593480348587036, 0.760267436504364]], "short_long": [[0.5848199129104614, 0.1894736886024475, 0.7789473533630371], [0.6591000556945801, 0.386904776096344, 0.7927565574645996], [0.725657045841217, 0.5947136282920837, 0.7899543642997742], [0.6033717393875122, 0.24161073565483093, 0.7810077667236328], [0.572024405002594, 0.10699588805437088, 0.8003680109977722]]}, "roddy_events": {"overlaps_before_p_now": [[0.5755622386932373, 0.778761088848114, 0.19354838132858276], [0.5241839289665222, 0.6439790725708008, 0.2989690601825714], [0.5792787075042725, 0.7174447178840637, 0.3195266127586365], [0.5746576189994812, 0.7156862616539001, 0.3095238208770752], [0.5887436866760254, 0.7885462641716003, 0.21311475336551666]], "overlaps_before_p_future": [[0.7005727291107178, 0.7868020534515381, 0.5384615659713745], [0.6818115711212158, 0.8165137767791748, 0.4285714328289032], [0.6474552750587463, 0.8027210831642151, 0.35555556416511536], [0.6397110223770142, 0.7219251394271851, 0.48514851927757263], [0.694700300693512, 0.7920792102813721, 0.5116279125213623]], "overlaps_after_p_now": [[0.6186585426330566, 0.7450980544090271, 0.380952388048172], [0.5801841616630554, 0.7636363506317139, 0.23529411852359772], [0.620807409286499, 0.7749419808387756, 0.33103448152542114], [0.5934715867042542, 0.7373493909835815, 0.3229813575744629], [0.6338724493980408, 0.7963801026344299, 0.3283582031726837]], "overlaps_after_p_future": [[0.6935876607894897, 0.7443181872367859, 0.5982142686843872], [0.7455313801765442, 0.8211587071418762, 0.6033519506454468], [0.7278285026550293, 0.7947368621826172, 0.6020408272743225], [0.7005727291107178, 0.7868020534515381, 0.5384615659713745], [0.7156663537025452, 0.812652051448822, 0.5333333611488342]], "overlap_spred_before_p_future": [[0.7883589267730713, 0.8224852085113525, 0.7272727489471436], [0.7686981558799744, 0.8385416865348816, 0.6436781883239746], [0.7943966388702393, 0.8571428656578064, 0.6820809245109558], [0.7852855920791626, 0.8473684191703796, 0.6741573214530945], [0.7844762802124023, 0.8211143612861633, 0.7188940048217773]]}, "gap_0": {"gap_0_p_future": [[0.8224329948425293, 0.8914858102798462, 0.5806451439857483], [0.8015397787094116, 0.8710920810699463, 0.5580029487609863], [0.8063798546791077, 0.8680403232574463, 0.5904762148857117], [0.8232303261756897, 0.8918580412864685, 0.5829307436943054], [0.8162171840667725, 0.8910890817642212, 0.5540540814399719]], "gap_0_p_now": [[0.8049282431602478, 0.8805346488952637, 0.5401929020881653], [0.7845204472541809, 0.8557775616645813, 0.5350140333175659], [0.785186767578125, 0.8430656790733337, 0.582524299621582], [0.8018491864204407, 0.8754748702049255, 0.5440494418144226], [0.7859368324279785, 0.8814516067504883, 0.4514925479888916]], "s_pred_p_now": [[0.887195885181427, 0.878892719745636, 0.8942598104476929], [0.8739476203918457, 0.8602150678634644, 0.8856304883956909], [0.8660324811935425, 0.8530973196029663, 0.8770370483398438], [0.8866802453994751, 0.8727272748947144, 0.8985507488250732], [0.8856121897697449, 0.8777968883514404, 0.8922610282897949]], "s_pred_p_future": [[0.8646096587181091, 0.8541666865348816, 0.8734939694404602], [0.8158022165298462, 0.785578727722168, 0.8415147066116333], [0.8411105871200562, 0.8198529481887817, 0.8591954112052917], [0.8499799966812134, 0.8365553617477417, 0.8614009022712708], [0.8597291707992554, 0.8481675386428833, 0.8695651888847351]], "superset_p_future": [[0.8255641460418701, 0.8917043805122375, 0.5741399526596069], [0.819858968257904, 0.8964505791664124, 0.5287049412727356], [0.8104848861694336, 0.8776448965072632, 0.5551839470863342], [0.8218975067138672, 0.8921422362327576, 0.5548705458641052], [0.8213086128234863, 0.89467453956604, 0.5424164533615112]]}, "fast_shift": {}, "slow_shift": {}, "short_long": {}}, "bal_Accs": {"ekstedt_events": {"shift_hold_p_future_after": [0.7523398094526434, 0.7348963198206613, 0.7417149262096021, 0.7434055669717915, 0.7652764804782365], "shift_hold_p_future_before": [0.7232813375677191, 0.7076172239865496, 0.6896179712310854, 0.7052587334205118, 0.7353399962637773], "s_pred_p_future": [0.7923998304006784, 0.7663504345982617, 0.7499470002119991, 0.7684969260122959, 0.7879213483146068], "shift_hold_p_now_after": [0.7365075658509248, 0.7325705212030638, 0.7350177470577246, 0.7051466467401457, 0.7364188305623015], "shift_hold_p_now_before": [0.6675555763123482, 0.6507145525873341, 0.6554548851111526, 0.6855454885111153, 0.6858677377171679], "s_pred_p_now": [0.7694774220903116, 0.740937036251855, 0.723500105999576, 0.7770033919864321, 0.8035297858808566], "backchannel": [0.7314264431750975, 0.7486449763058012, 0.724772977383831, 0.7570165522507617, 0.7506251076158321], "short_long": [0.6900915289636955, 0.6644193951307411, 0.7376835186436512, 0.6823668530007986, 0.6556248336302394]}, "roddy_events": {"overlaps_before_p_now": [0.4938297872340426, 0.5228723404255319, 0.5654255319148936, 0.5469148936170213, 0.5521276595744681], "overlaps_before_p_future": [0.6206382978723404, 0.6460638297872341, 0.6585106382978723, 0.624468085106383, 0.6225531914893617], "overlaps_after_p_now": [0.518936170212766, 0.5098936170212766, 0.5641489361702128, 0.525, 0.5852127659574469], "overlaps_after_p_future": [0.6551063829787234, 0.6801063829787234, 0.6981914893617022, 0.6334042553191489, 0.6459574468085106], "overlap_spred_before_p_future": [0.7168435754189943, 0.8182681564245811, 0.7875418994413408, 0.7844413407821229, 0.7810614525139665]}, "gap_0": {"gap_0_p_future": [0.7518774414373147, 0.7282093369469786, 0.7350409079920093, 0.7352419488236567, 0.7701976053237648],