{"f1_score": {"ekstedt_events": {"shift_hold_p_future_after": [[0.7816104292869568, 0.8413654565811157, 0.6392694115638733], [0.7933531999588013, 0.8560234904289246, 0.6440678238868713], [0.752830982208252, 0.8017241358757019, 0.6363636255264282], [0.7693797945976257, 0.813043475151062, 0.6653696298599243], [0.8058583736419678, 0.8649706244468689, 0.6650485396385193]], "shift_hold_p_future_before": [[0.7625424861907959, 0.8269617557525635, 0.6090909242630005], [0.7364358901977539, 0.7983368039131165, 0.5889830589294434], [0.7497356534004211, 0.8054679036140442, 0.6169772148132324], [0.753290057182312, 0.800000011920929, 0.6420233249664307], [0.7818351984024048, 0.8382502794265747, 0.6474500894546509]], "s_pred_p_future": [[0.7318557500839233, 0.6709677577018738, 0.7829787135124207], [0.7504616975784302, 0.7188405990600586, 0.777011513710022], [0.7168880701065063, 0.6468647122383118, 0.7756813168525696], [0.8088827729225159, 0.7797619104385376, 0.8333333134651184], [0.7945446968078613, 0.7714285850524902, 0.8139534592628479]], "shift_hold_p_now_after": [[0.7789480686187744, 0.8527724742889404, 0.6030927896499634], [0.7820643186569214, 0.868372917175293, 0.5764706134796143], [0.7685051560401917, 0.8205666542053223, 0.644490659236908], [0.7792696952819824, 0.8414755463600159, 0.6310904622077942], [0.7870044708251953, 0.8643592000007629, 0.6027397513389587]], "shift_hold_p_now_before": [[0.7101944088935852, 0.7984344363212585, 0.5], [0.6411693692207336, 0.6932725310325623, 0.5170556306838989], [0.6945270299911499, 0.7388825416564941, 0.5888689160346985], [0.715384840965271, 0.7803347110748291, 0.560669481754303], [0.7082104682922363, 0.8202764987945557, 0.44126075506210327]], "s_pred_p_now": [[0.7323037385940552, 0.6575342416763306, 0.7950819730758667], [0.7061995267868042, 0.6258503198623657, 0.7736625671386719], [0.6271809339523315, 0.4780876636505127, 0.7523629665374756], [0.7316854000091553, 0.6622073650360107, 0.790020763874054], [0.7735817432403564, 0.7306501269340515, 0.8096280097961426]], "backchannel": [[0.7146691083908081, 0.7017189264297485, 0.7320617437362671], [0.751230776309967, 0.7514340281486511, 0.7509578466415405], [0.7576832175254822, 0.7564966082572937, 0.7592768669128418], [0.7595252990722656, 0.7579556703567505, 0.7616334557533264], [0.7467852830886841, 0.7436892986297607, 0.7509434223175049]], "short_long": [[0.5792338252067566, 0.18118466436862946, 0.7746884226799011], [0.662409782409668, 0.3928571343421936, 0.7947686314582825], [0.763910174369812, 0.6565874814987183, 0.8166090250015259], [0.5884450674057007, 0.2054794579744339, 0.7764932513237], [0.572024405002594, 0.10699588805437088, 0.8003680109977722]]}, "roddy_events": {"overlaps_before_p_now": [[0.5997023582458496, 0.7857142686843872, 0.25], [0.5405983328819275, 0.6153846383094788, 0.4000000059604645], [0.5779801607131958, 0.695652186870575, 0.3567567467689514], [0.5830882787704468, 0.6892950534820557, 0.3834196925163269], [0.617075502872467, 0.7910112142562866, 0.290076345205307]], "overlaps_before_p_future": [[0.6857128739356995, 0.74301677942276, 0.5779816508293152], [0.682478666305542, 0.800000011920929, 0.4615384638309479], [0.6920058131217957, 0.7990314960479736, 0.4907975494861603], [0.5853728652000427, 0.6163522005081177, 0.5271317958831787], [0.6894177794456482, 0.7731958627700806, 0.5319148898124695]], "overlaps_after_p_now": [[0.6321367621421814, 0.7258485555648804, 0.4559585452079773], [0.6036324501037598, 0.745192289352417, 0.3375000059604645], [0.6418929100036621, 0.7732697129249573, 0.3949044644832611], [0.5835374593734741, 0.6958763003349304, 0.3723404109477997], [0.6073666214942932, 0.77625572681427, 0.28985506296157837]], "overlaps_after_p_future": [[0.6983481645584106, 0.7343283295631409, 0.6307054162025452], [0.7436405420303345, 0.8021390438079834, 0.6336633563041687], [0.7400205135345459, 0.7888888716697693, 0.6481481194496155], [0.6764034628868103, 0.7308781743049622, 0.573991060256958], [0.722437858581543, 0.7948051691055298, 0.5863874554634094]], "overlap_spred_before_p_future": [[0.7386695146560669, 0.7516778707504272, 0.7153846025466919], [0.8112476468086243, 0.8586956262588501, 0.7263157963752747], [0.7944867014884949, 0.8429751992225647, 0.7076923251152039], [0.8042348623275757, 0.8433048725128174, 0.7342995405197144], [0.7997233867645264, 0.8256880640983582, 0.7532467246055603]]}, "gap_0": {"gap_0_p_future": [[0.8241897225379944, 0.8822250962257385, 0.6209790110588074], [0.8027757406234741, 0.8633348345756531, 0.5907284617424011], [0.802815318107605, 0.8568832278251648, 0.6134969592094421], [0.8176118731498718, 0.872387707233429, 0.6258148550987244], [0.8292739987373352, 0.8898377418518066, 0.6172106862068176]], "gap_0_p_now": [[0.7905728816986084, 0.8620689511299133, 0.540229856967926], [0.7735993266105652, 0.8408381342887878, 0.5381630063056946], [0.7619738578796387, 0.8157644867897034, 0.5736263990402222], [0.7933167815208435, 0.8556197285652161, 0.5751634240150452], [0.7911575436592102, 0.8787878751754761, 0.4843205511569977]], "s_pred_p_now": [[0.8640162944793701, 0.8472727537155151, 0.8782608509063721], [0.8388503789901733, 0.8135592937469482, 0.860366702079773], [0.8604896068572998, 0.8413284420967102, 0.8767908215522766], [0.8582854866981506, 0.8355387449264526, 0.8776371479034424], [0.8753182888031006, 0.8597449660301208, 0.8885672688484192]], "s_pred_p_future": [[0.8281400203704834, 0.8051470518112183, 0.8477011322975159], [0.7756651639938354, 0.7279999852180481, 0.816216230392456], [0.8214743137359619, 0.7883495092391968, 0.8496551513671875], [0.8264621496200562, 0.7945736646652222, 0.8535911440849304], [0.862661600112915, 0.8479427695274353, 0.8751835823059082]], "superset_p_future": [[0.8129311800003052, 0.8713247179985046, 0.5909547805786133], [0.8245147466659546, 0.891631543636322, 0.5693780183792114], [0.8100892901420593, 0.8688212633132935, 0.5868263244628906], [0.8102996945381165, 0.8686548471450806, 0.5884692072868347], [0.8312636613845825, 0.8922795057296753, 0.5993189811706543]]}, "fast_shift": {}, "slow_shift": {}, "short_long": {}}, "bal_Accs": {"ekstedt_events": {"shift_hold_p_future_after": [0.7265084999065945, 0.7159957033439193, 0.7473893144031385, 0.7533859518027275, 0.7792499532972166], "shift_hold_p_future_before": [0.7034466654212591, 0.7116897067065198, 0.7076966187184757, 0.727788156174108, 0.7368204745002802], "s_pred_p_future": [0.7260970956116175, 0.7468995124019504, 0.7432955268178927, 0.8042982828068688, 0.7919493322026712], "shift_hold_p_now_after": [0.7602372501401083, 0.711344106108724, 0.760115822903045, 0.7461983934242481, 0.7638753969736596], "shift_hold_p_now_before": [0.674976648608257, 0.6455865869605828, 0.6436297403325238, 0.682976835419391, 0.7085746310480106], "s_pred_p_now": [0.7272100911596353, 0.7018231927072291, 0.637878948484206, 0.7262030951876193, 0.7677814288742845], "backchannel": [0.7214097486842794, 0.7542260269357749, 0.7005659656976875, 0.7531292812385366, 0.7336442651055197], "short_long": [0.702177652189938, 0.7111206667076193, 0.7542948993590926, 0.7372995884268075, 0.6666308331797612]}, "roddy_events": {"overlaps_before_p_now": [0.5106382978723404, 0.48, 0.5628723404255319, 0.4911702127659574, 0.5272340425531915], "overlaps_before_p_future": [0.6251063829787233, 0.6788297872340425, 0.6706382978723404, 0.6113829787234042, 0.6812765957446808], "overlaps_after_p_now": [0.5296808510638298, 0.5449999999999999, 0.5858510638297872, 0.5371276595744681, 0.5759574468085107], "overlaps_after_p_future": [0.6165957446808511, 0.7135106382978724, 0.6856382978723404, 0.6102127659574468, 0.6790425531914894], "overlap_spred_before_p_future": [0.6581843575418994, 0.7824022346368715, 0.7488826815642458, 0.7757821229050279, 0.8120949720670392]}, "gap_0": {"gap_0_p_future": [0.7369698820475628, 0.7292857960835211, 0.7399562290847552, 0.762126706620351, 0.7670114898652518], "gap_0_p_now": [0.7017979157918846, 0.6917776844676872, 0.7384611469506687, 0.7488987288620834, 0.7518761690269877],