{"f1_score": {"ekstedt_events": {"shift_hold_p_future_after": [[0.7531405091285706, 0.8100208640098572, 0.6176470518112183], [0.7905058860778809, 0.8517786264419556, 0.6445497870445251], [0.7697411179542542, 0.8114035129547119, 0.6704980731010437], [0.7558013796806335, 0.7932203412055969, 0.6666666865348816], [0.8169138431549072, 0.8706811666488647, 0.6888360977172852]], "shift_hold_p_future_before": [[0.7286558151245117, 0.7873015999794006, 0.5889570713043213], [0.7358281016349792, 0.7914893627166748, 0.6032388806343079], [0.7582041621208191, 0.806034505367279, 0.6442687511444092], [0.7365730404853821, 0.7823204398155212, 0.6275992393493652], [0.7695938348770142, 0.8178913593292236, 0.6545454263687134]], "s_pred_p_future": [[0.7057419419288635, 0.6115108132362366, 0.7848605513572693], [0.7405873537063599, 0.6951219439506531, 0.778761088848114], [0.7249851226806641, 0.6433566212654114, 0.7935222387313843], [0.7718700170516968, 0.7220447063446045, 0.8137044906616211], [0.7927168607711792, 0.7575757503509521, 0.8222222328186035]], "shift_hold_p_now_after": [[0.7490479350090027, 0.8191808462142944, 0.581986129283905], [0.764712929725647, 0.8504672646522522, 0.5604395866394043], [0.7382460832595825, 0.7891891598701477, 0.616895854473114], [0.7553717494010925, 0.81947261095047, 0.6026785969734192], [0.7858476638793945, 0.8557692170143127, 0.6192893385887146]], "shift_hold_p_now_before": [[0.6924585103988647, 0.752966582775116, 0.5483234524726868], [0.5711575746536255, 0.5961783528327942, 0.5115562677383423], [0.6292282938957214, 0.6592592597007751, 0.557692289352417], [0.6814965605735779, 0.7384615540504456, 0.5458015203475952], [0.7239856123924255, 0.8127413392066956, 0.5125628113746643]], "s_pred_p_now": [[0.634223997592926, 0.4901185631752014, 0.7552182078361511], [0.6283649802207947, 0.49624061584472656, 0.7392995953559875], [0.5578341484069824, 0.3466666638851166, 0.7351351380348206], [0.6812276840209961, 0.5735294222831726, 0.7716535329818726], [0.6864490509033203, 0.591549277305603, 0.7661290168762207]], "backchannel": [[0.6893167495727539, 0.6687434911727905, 0.7169476747512817], [0.7356142997741699, 0.7341040372848511, 0.7376425862312317], [0.730656623840332, 0.7238658666610718, 0.7397769689559937], [0.7405732870101929, 0.7352941036224365, 0.7476635575294495], [0.7398478984832764, 0.735609769821167, 0.7455399036407471]], "short_long": [[0.586395800113678, 0.19512194395065308, 0.7785235047340393], [0.6569799780845642, 0.3820895552635193, 0.791959822177887], [0.7513598203659058, 0.6345732808113098, 0.8087056279182434], [0.591992974281311, 0.21232876181602478, 0.7784200310707092], [0.5658650994300842, 0.0912863090634346, 0.7988981008529663]]}, "roddy_events": {"overlaps_before_p_now": [[0.5850554704666138, 0.7692307829856873, 0.23880596458911896], [0.5286967754364014, 0.5899705290794373, 0.4135020971298218], [0.6062042713165283, 0.7018469572067261, 0.4263959527015686], [0.592634916305542, 0.6703600883483887, 0.4465116262435913], [0.6018780469894409, 0.7744874954223633, 0.277372270822525]], "overlaps_before_p_future": [[0.623629093170166, 0.6605504751205444, 0.5542168617248535], [0.6831167340278625, 0.7851851582527161, 0.4912280738353729], [0.7156663537025452, 0.812652051448822, 0.5333333611488342], [0.5874823331832886, 0.610932469367981, 0.5433962345123291], [0.6828724145889282, 0.7598944306373596, 0.5380710363388062]], "overlaps_after_p_now": [[0.5683404803276062, 0.6630727648735046, 0.39024388790130615], [0.6350505352020264, 0.7725118398666382, 0.37662336230278015], [0.6202921867370605, 0.7670588493347168, 0.34437087178230286], [0.588253378868103, 0.6894736886024475, 0.3979591727256775], [0.5988284349441528, 0.7755101919174194, 0.2666666805744171]], "overlaps_after_p_future": [[0.6524378061294556, 0.6730769276618958, 0.6136363744735718], [0.7441932559013367, 0.801075279712677, 0.6372548937797546], [0.7112160325050354, 0.7550432085990906, 0.6288209557533264], [0.6572700142860413, 0.705539345741272, 0.5665236115455627], [0.7232266664505005, 0.7937336564064026, 0.590673565864563]], "overlap_spred_before_p_future": [[0.6849039196968079, 0.6857143044471741, 0.6834532618522644], [0.798827052116394, 0.8444444537162781, 0.7171717286109924], [0.8143942952156067, 0.8531073331832886, 0.7450980544090271], [0.777133047580719, 0.8163265585899353, 0.7069767713546753], [0.7566972374916077, 0.7707641124725342, 0.731517493724823]]}, "gap_0": {"gap_0_p_future": [[0.7881197929382324, 0.8467814922332764, 0.5827160477638245], [0.7916234731674194, 0.8520179390907288, 0.580152690410614], [0.8025080561637878, 0.8534561991691589, 0.6241135001182556], [0.8118327856063843, 0.864130437374115, 0.6287128925323486], [0.8266303539276123, 0.884064257144928, 0.625525951385498]], "gap_0_p_now": [[0.7545154690742493, 0.8168362379074097, 0.5362997651100159], [0.7429244518280029, 0.8046838641166687, 0.526674211025238], [0.7096887826919556, 0.7593151926994324, 0.5359223484992981], [0.7674816250801086, 0.8266296982765198, 0.5603751540184021], [0.7912251353263855, 0.8656716346740723, 0.5305514335632324]], "s_pred_p_now": [[0.7991997003555298, 0.7525562644004822, 0.8388814926147461], [0.7844545841217041, 0.7405940890312195, 0.8217687010765076], [0.8206530809402466, 0.7841584086418152, 0.8517006635665894], [0.8153573274612427, 0.7711340188980103, 0.8529801368713379], [0.8223845362663269, 0.7865612506866455, 0.8528610467910767]], "s_pred_p_future": [[0.7864071130752563, 0.7440944910049438, 0.8224043846130371], [0.7416746020317078, 0.6737288236618042, 0.7994791865348816], [0.8191138505935669, 0.7770960927009583, 0.8548601865768433], [0.8123341202735901, 0.773809552192688, 0.845108687877655], [0.8395593166351318, 0.8100775480270386, 0.8646408915519714]], "superset_p_future": [[0.7738495469093323, 0.8317880630493164, 0.5536028146743774], [0.8239394426345825, 0.8903654217720032, 0.5714285969734192], [0.8099669814109802, 0.8646034598350525, 0.6022727489471436], [0.8035821318626404, 0.859359860420227, 0.591549277305603], [0.8208841681480408, 0.8815870881080627, 0.5901287794113159]]}, "fast_shift": {}, "slow_shift": {}, "short_long": {}}, "bal_Accs": {"ekstedt_events": {"shift_hold_p_future_after": [0.7186437511675696, 0.7072295908836167, 0.7527741453390622, 0.7554221931627125, 0.7901083504576873], "shift_hold_p_future_before": [0.7047823650289557, 0.7150943396226415, 0.7158182327666729, 0.7161965253129087, 0.7423500840650104], "s_pred_p_future": [0.7033866864532542, 0.7353190587237651, 0.7317150731397075, 0.7655289378842485, 0.7874443502225992], "shift_hold_p_now_after": [0.7309686157294975, 0.7346067625630488, 0.7510274612366897, 0.7223472818980011, 0.7355408182327667], "shift_hold_p_now_before": [0.6441621520642631, 0.6044928077713432, 0.632794694563796, 0.6511161965253129, 0.6691154492807772], "s_pred_p_now": [0.6434969260122959, 0.6335064659741361, 0.5906826372694509, 0.6813652745389018, 0.6840682637269451], "backchannel": [0.6991585377722213, 0.7436122985244467, 0.6708022339175157, 0.735600065879605, 0.7208370452997148], "short_long": [0.7113100722812622, 0.6840919794418167, 0.7465702233961955, 0.7261297786514324, 0.6848956733624096]}, "roddy_events": {"overlaps_before_p_now": [0.5074468085106383, 0.511063829787234, 0.5342553191489361, 0.5072340425531915, 0.53], "overlaps_before_p_future": [0.6192553191489362, 0.6392553191489361, 0.6407446808510638, 0.5794680851063829, 0.6504255319148936], "overlaps_after_p_now": [0.5254255319148936, 0.5487234042553192, 0.5635106382978723, 0.5075531914893617, 0.5553191489361702], "overlaps_after_p_future": [0.602659574468085, 0.6989361702127659, 0.683404255319149, 0.6322340425531915, 0.6830851063829788], "overlap_spred_before_p_future": [0.6324581005586591, 0.7560893854748604, 0.7671229050279329, 0.7355027932960894, 0.794022346368715]}, "gap_0": {"gap_0_p_future": [0.7184359532261964, 0.7284409156264712, 0.7397526434324541, 0.747424005293227, 0.7587102848926721],