{"f1_score": {"ekstedt_events": {"shift_hold_p_future_after": [[0.7311644554138184, 0.8305400609970093, 0.49444442987442017], [0.7263191938400269, 0.8296296000480652, 0.48022598028182983], [0.7210152745246887, 0.8148854970932007, 0.49740931391716003], [0.7163087129592896, 0.8103448152542114, 0.4923076927661896], [0.7105400562286377, 0.833034098148346, 0.41874998807907104]], "shift_hold_p_future_before": [[0.7086290121078491, 0.8216911554336548, 0.4393063485622406], [0.7037745118141174, 0.8071833848953247, 0.457446813583374], [0.6961503624916077, 0.8096564412117004, 0.4257703125476837], [0.6908968091011047, 0.8003766536712646, 0.4301075339317322], [0.7097675800323486, 0.8227731585502625, 0.44057971239089966]], "s_pred_p_future": [[0.6773601770401001, 0.694376528263092, 0.6630727648735046], [0.6321605443954468, 0.6697892546653748, 0.600566565990448], [0.6476894617080688, 0.6730769276618958, 0.6263736486434937], [0.6321605443954468, 0.6697892546653748, 0.600566565990448], [0.6332550048828125, 0.6848072409629822, 0.5899705290794373]], "shift_hold_p_now_after": [[0.7263191938400269, 0.8296296000480652, 0.48022598028182983], [0.6958796977996826, 0.8237410187721252, 0.3913043439388275], [0.6954048871994019, 0.7870461344718933, 0.4771084189414978], [0.7081868052482605, 0.8152984976768494, 0.45303866267204285], [0.7135469317436218, 0.8304623961448669, 0.4350453317165375]], "shift_hold_p_now_before": [[0.6863494515419006, 0.7958412170410156, 0.42553192377090454], [0.6627882719039917, 0.7427386045455933, 0.4723404347896576], [0.645531415939331, 0.7319587469100952, 0.4396551847457886], [0.6673315763473511, 0.7674190402030945, 0.4289156496524811], [0.694314181804657, 0.8199095129966736, 0.3951367735862732]], "s_pred_p_now": [[0.6928915977478027, 0.6774193644523621, 0.7058823704719543], [0.6489341259002686, 0.6183844208717346, 0.6745843291282654], [0.6519529819488525, 0.5889570713043213, 0.7048457860946655], [0.626292884349823, 0.60326087474823, 0.6456310749053955], [0.638378381729126, 0.6393861770629883, 0.637532114982605]], "backchannel": [[0.6896181702613831, 0.6792828440666199, 0.7034990787506104], [0.6973291635513306, 0.7155635356903076, 0.6728395223617554], [0.7124110460281372, 0.7249544858932495, 0.6955645084381104], [0.7028610706329346, 0.7153284549713135, 0.6861166954040527], [0.7067444324493408, 0.7205081582069397, 0.6882591247558594]], "short_long": [[0.6047515869140625, 0.24666666984558105, 0.7805825471878052], [0.655254065990448, 0.45673078298568726, 0.7527352571487427], [0.623001754283905, 0.5520833134651184, 0.6578249335289001], [0.6588295102119446, 0.3753846287727356, 0.7980099320411682], [0.5792826414108276, 0.12903225421905518, 0.8003696799278259]]}, "roddy_events": {"overlaps_before_p_now": [[0.5863550305366516, 0.7614678740501404, 0.2571428716182709], [0.5952320694923401, 0.6947368383407593, 0.40816327929496765], [0.6034555435180664, 0.7128205299377441, 0.3978494703769684], [0.6270263195037842, 0.7253885865211487, 0.4421052634716034], [0.6198443174362183, 0.7630331516265869, 0.350649356842041]], "overlaps_before_p_future": [[0.6466933488845825, 0.760493814945221, 0.4327485263347626], [0.6286258697509766, 0.7795823812484741, 0.3448275923728943], [0.607642412185669, 0.7724137902259827, 0.2978723347187042], [0.6431379914283752, 0.7329843044281006, 0.47422680258750916], [0.6639693975448608, 0.7785888314247131, 0.4484848380088806]], "overlaps_after_p_now": [[0.6583550572395325, 0.7673267126083374, 0.45348837971687317], [0.6626291275024414, 0.7885985970497131, 0.42580646276474], [0.6418135166168213, 0.7639902830123901, 0.4121212065219879], [0.6453031897544861, 0.7562189102172852, 0.4367816150188446], [0.6398849487304688, 0.7743467688560486, 0.3870967626571655]], "overlaps_after_p_future": [[0.7083841562271118, 0.784415602684021, 0.5654450058937073], [0.6728931069374084, 0.7772276997566223, 0.4767441749572754], [0.6772788763046265, 0.7672634124755859, 0.5081080794334412], [0.668358564376831, 0.7699999809265137, 0.47727271914482117], [0.6979250907897949, 0.800000011920929, 0.5060241222381592]], "overlap_spred_before_p_future": [[0.7538584470748901, 0.8142076730728149, 0.6458333134651184], [0.6826026439666748, 0.7846153974533081, 0.5], [0.7393810749053955, 0.8282828330993652, 0.5802469253540039], [0.7069954872131348, 0.7926509380340576, 0.5536723136901855], [0.7370794415473938, 0.8064516186714172, 0.6129032373428345]]}, "gap_0": {"gap_0_p_future": [[0.7796462178230286, 0.8677994012832642, 0.47097843885421753], [0.7668808698654175, 0.8549810647964478, 0.4583987295627594], [0.7730166912078857, 0.8608441352844238, 0.46548956632614136], [0.7742379903793335, 0.865757942199707, 0.45378151535987854], [0.7791845798492432, 0.8748984336853027, 0.4440433084964752]], "gap_0_p_now": [[0.76960289478302, 0.8544839024543762, 0.47239264845848083], [0.758620023727417, 0.8408796787261963, 0.47058823704719543], [0.7352975606918335, 0.8111510872840881, 0.469696968793869], [0.7534617781639099, 0.8357173800468445, 0.46544429659843445], [0.7743818759918213, 0.8682806491851807, 0.4455958604812622]], "s_pred_p_now": [[0.7771506309509277, 0.7802547812461853, 0.7745097875595093], [0.795441210269928, 0.7900826334953308, 0.800000011920929], [0.7758886814117432, 0.7747163772583008, 0.7768860459327698], [0.7551612257957458, 0.7397260069847107, 0.7682926654815674], [0.7436424493789673, 0.7423014640808105, 0.7447832822799683]], "s_pred_p_future": [[0.7409946322441101, 0.75, 0.7333333492279053], [0.7697304487228394, 0.7596638798713684, 0.778294563293457], [0.7578530311584473, 0.7603833675384521, 0.7557003498077393], [0.7335947155952454, 0.7368420958518982, 0.7308319807052612], [0.7345194816589355, 0.7437499761581421, 0.7266666889190674]], "superset_p_future": [[0.7838010191917419, 0.8691756129264832, 0.4592592716217041], [0.7738760709762573, 0.8722286820411682, 0.4000000059604645], [0.7756050825119019, 0.8649776577949524, 0.43586549162864685], [0.7794203758239746, 0.8683506846427917, 0.4413619041442871], [0.7887347936630249, 0.8798596858978271, 0.44233378767967224]]}, "fast_shift": {}, "slow_shift": {}, "short_long": {}}, "bal_Accs": {"ekstedt_events": {"shift_hold_p_future_after": [0.6785914440500653, 0.6758219689893518, 0.6691014384457314, 0.6528815617410798, 0.661913880067252], "shift_hold_p_future_before": [0.6362833924901925, 0.6317999252755464, 0.6287408929572202, 0.6269942088548477, 0.6369278909022977], "s_pred_p_future": [0.6889707441170235, 0.651685393258427, 0.656746873012508, 0.651685393258427, 0.66000635997456], "shift_hold_p_now_after": [0.655417522884364, 0.6525593125350271, 0.6432701288996825, 0.633546609377919, 0.6525920044834672], "shift_hold_p_now_before": [0.6136885858397161, 0.614235008406501, 0.5802493928638147, 0.6000280216700915, 0.6163366336633663], "s_pred_p_now": [0.6935552257790969, 0.6467034131863472, 0.6470214119143524, 0.6254769980920076, 0.6435764256942973], "backchannel": [0.7088158889629202, 0.7167307994639796, 0.6993962283926125, 0.7176141850767722, 0.7226468628581268], "short_long": [0.5498750947027868, 0.5701107766652334, 0.6222126666257141, 0.5601285910272948, 0.5309806089645146]}, "roddy_events": {"overlaps_before_p_now": [0.5576595744680851, 0.5367021276595745, 0.5707446808510639, 0.5436170212765958, 0.5677659574468085], "overlaps_before_p_future": [0.6413829787234042, 0.5923404255319149, 0.6260638297872341, 0.593404255319149, 0.6037234042553192], "overlaps_after_p_now": [0.6353191489361703, 0.5497872340425531, 0.5875531914893617, 0.5829787234042554, 0.5862765957446808], "overlaps_after_p_future": [0.6488297872340425, 0.6290425531914894, 0.6191489361702127, 0.6032978723404255, 0.629468085106383], "overlap_spred_before_p_future": [0.720195530726257, 0.6816480446927374, 0.7372346368715084, 0.688268156424581, 0.7039944134078212]}, "gap_0": {"gap_0_p_future": [0.6785140792202669, 0.6663625605985418, 0.6676426053873853, 0.6768103217925716, 0.6691236910078762],