{"f1_score": {"ekstedt_events": {"shift_hold_p_future_after": [[0.7518441677093506, 0.8435754179954529, 0.5333333611488342], [0.7513105273246765, 0.8455134034156799, 0.5269121527671814], [0.7615528106689453, 0.8330059051513672, 0.5913461446762085], [0.7565367817878723, 0.8409090638160706, 0.5555555820465088], [0.7626978754997253, 0.8547794222831726, 0.5433526039123535]], "shift_hold_p_future_before": [[0.7266519665718079, 0.8327205777168274, 0.47398844361305237], [0.74162757396698, 0.8279158473014832, 0.5360824465751648], [0.7304514050483704, 0.8238636255264282, 0.5079365372657776], [0.7394341826438904, 0.8364312052726746, 0.5083798766136169], [0.7394341826438904, 0.8364312052726746, 0.5083798766136169]], "s_pred_p_future": [[0.732744038105011, 0.7386934757232666, 0.727748692035675], [0.7262701392173767, 0.7414634227752686, 0.7135134935379028], [0.7208602428436279, 0.7154046893119812, 0.7254408001899719], [0.6857746243476868, 0.7222222089767456, 0.6551724076271057], [0.7540382742881775, 0.7710843086242676, 0.7397260069847107]], "shift_hold_p_now_after": [[0.7494924664497375, 0.8463661670684814, 0.5187320113182068], [0.7416648268699646, 0.850987434387207, 0.48124998807907104], [0.7607555985450745, 0.8290258646011353, 0.5981308221817017], [0.7506056427955627, 0.8490393161773682, 0.5161290168762207], [0.7669118046760559, 0.8576675653457642, 0.5507246255874634]], "shift_hold_p_now_before": [[0.7075306177139282, 0.8156424760818481, 0.44999998807907104], [0.6919809579849243, 0.7632951140403748, 0.5221052765846252], [0.6808583736419678, 0.7515789270401001, 0.5123966932296753], [0.7147144079208374, 0.818691611289978, 0.4670329689979553], [0.7020570039749146, 0.8343666791915894, 0.38688525557518005]], "s_pred_p_now": [[0.7413489818572998, 0.7217630743980408, 0.7577937841415405], [0.7612296938896179, 0.7350427508354187, 0.7832167744636536], [0.717505156993866, 0.6418918967247009, 0.7809917330741882], [0.731167733669281, 0.7244094610214233, 0.7368420958518982], [0.76959627866745, 0.7540983557701111, 0.782608687877655]], "backchannel": [[0.7342919111251831, 0.7267326712608337, 0.7444444298744202], [0.7297893762588501, 0.733772337436676, 0.7244400978088379], [0.7375885248184204, 0.7427502274513245, 0.7306562066078186], [0.7539236545562744, 0.7597765326499939, 0.7460629940032959], [0.7582699060440063, 0.7606433033943176, 0.7550823092460632]], "short_long": [[0.5945057272911072, 0.2184300273656845, 0.7791706919670105], [0.649043083190918, 0.3910614550113678, 0.7757201790809631], [0.6466094255447388, 0.5189620852470398, 0.7092882990837097], [0.6273916959762573, 0.30225080251693726, 0.7870461344718933], [0.568079948425293, 0.09876543283462524, 0.7985280752182007]]}, "roddy_events": {"overlaps_before_p_now": [[0.5654014348983765, 0.7843137383460999, 0.1538461595773697], [0.599234402179718, 0.6965699195861816, 0.41624364256858826], [0.5901165008544922, 0.7299270033836365, 0.3272727131843567], [0.6083900928497314, 0.7469879388809204, 0.3478260934352875], [0.57841557264328, 0.7877461910247803, 0.18487395346164703]], "overlaps_before_p_future": [[0.714651882648468, 0.8029925227165222, 0.5485714077949524], [0.6911730766296387, 0.8167053461074829, 0.45517241954803467], [0.6553841233253479, 0.8143176436424255, 0.356589138507843], [0.6577973365783691, 0.7563451528549194, 0.47252747416496277], [0.6571236252784729, 0.7953488230705261, 0.39726027846336365]], "overlaps_after_p_now": [[0.6185897588729858, 0.754807710647583, 0.36250001192092896], [0.5999807119369507, 0.7599067687988281, 0.29931971430778503], [0.6234568357467651, 0.7777777910232544, 0.3333333432674408], [0.6179487705230713, 0.7681499123573303, 0.33557048439979553], [0.6272785663604736, 0.8017817139625549, 0.29921260476112366]], "overlaps_after_p_future": [[0.7092128396034241, 0.7832897901535034, 0.5699481964111328], [0.6917167901992798, 0.789081871509552, 0.5086705088615417], [0.7032128572463989, 0.7960199117660522, 0.5287356376647949], [0.7023081183433533, 0.8019559979438782, 0.514970064163208], [0.6922274827957153, 0.8122065663337708, 0.46666666865348816]], "overlap_spred_before_p_future": [[0.7944867014884949, 0.8429751992225647, 0.7076923251152039], [0.7679089307785034, 0.8447837233543396, 0.6303030252456665], [0.7688712477684021, 0.8492462038993835, 0.625], [0.7570655345916748, 0.8367347121238708, 0.6144578456878662], [0.7927987575531006, 0.8455284833908081, 0.6984127163887024]]}, "gap_0": {"gap_0_p_future": [[0.7924912571907043, 0.8777274489402771, 0.4940374791622162], [0.788245677947998, 0.8685426115989685, 0.5070866346359253], [0.7930567860603333, 0.870736837387085, 0.5210608243942261], [0.7968019247055054, 0.8820638656616211, 0.4982578456401825], [0.7876015901565552, 0.8816161751747131, 0.4584103524684906]], "gap_0_p_now": [[0.7887718677520752, 0.8731343150138855, 0.4933774769306183], [0.7781445980072021, 0.8593220114707947, 0.49390244483947754], [0.7634525299072266, 0.8337048888206482, 0.5174643993377686], [0.7909864187240601, 0.8743259906768799, 0.4991735517978668], [0.7769731879234314, 0.8795518279075623, 0.41779497265815735]], "s_pred_p_now": [[0.8615072965621948, 0.8542372584342957, 0.8676922917366028], [0.8550568222999573, 0.8469387888908386, 0.8619632124900818], [0.8630910515785217, 0.8547008633613586, 0.8702290058135986], [0.8405761122703552, 0.8324872851371765, 0.8474576473236084], [0.8615130186080933, 0.8547297120094299, 0.8672839403152466]], "s_pred_p_future": [[0.8387097120285034, 0.8387096524238586, 0.8387096524238586], [0.829114556312561, 0.815330982208252, 0.8408408164978027], [0.8325307965278625, 0.8255033493041992, 0.8385093212127686], [0.799450159072876, 0.805031418800354, 0.7947019934654236], [0.8517889976501465, 0.8486841917037964, 0.8544303774833679]], "superset_p_future": [[0.8061042428016663, 0.8844668865203857, 0.508217453956604], [0.8044124245643616, 0.8923611044883728, 0.470085471868515], [0.8114874958992004, 0.8877671957015991, 0.5215190052986145], [0.7998377084732056, 0.8850439786911011, 0.47593581676483154], [0.7973810434341431, 0.8894661068916321, 0.44733044505119324]]}, "fast_shift": {}, "slow_shift": {}, "short_long": {}}, "bal_Accs": {"ekstedt_events": {"shift_hold_p_future_after": [0.7286428171118999, 0.7209228470016813, 0.709718849243415, 0.6974920605268073, 0.7412572389314402], "shift_hold_p_future_before": [0.6869465720156922, 0.6726508499906594, 0.6631841957780684, 0.6630721090977023, 0.7224453577433214], "s_pred_p_future": [0.740751536993852, 0.7382870468518126, 0.7260440958236167, 0.7070701717193131, 0.7678344286622854], "shift_hold_p_now_after": [0.6819727255744442, 0.7141135811694377, 0.7209555389501214, 0.7093732486456192, 0.7310339996263777], "shift_hold_p_now_before": [0.6366056416962451, 0.6569213525126097, 0.6593592378105735, 0.633602652718102, 0.6746310480104614], "s_pred_p_now": [0.7406190375238499, 0.7585859656561373, 0.7126086495654017, 0.7343385626457495, 0.7697159211363155], "backchannel": [0.7389389640432111, 0.7446603831497938, 0.7269907993142533, 0.7530806201666455, 0.7520082050053527], "short_long": [0.6033591334439052, 0.6137662018551509, 0.6761471834879292, 0.6138992976636566, 0.6150613264533038]}, "roddy_events": {"overlaps_before_p_now": [0.5257446808510639, 0.5354255319148936, 0.5440425531914894, 0.5225531914893617, 0.5870212765957447], "overlaps_before_p_future": [0.6297872340425532, 0.6263829787234043, 0.6543617021276595, 0.6140425531914894, 0.6254255319148936], "overlaps_after_p_now": [0.5943617021276596, 0.5743617021276596, 0.5668085106382978, 0.5731914893617022, 0.5961702127659575], "overlaps_after_p_future": [0.6709574468085107, 0.7070212765957447, 0.7087234042553192, 0.6415957446808511, 0.689468085106383], "overlap_spred_before_p_future": [0.7638826815642459, 0.7600279329608939, 0.7744413407821229, 0.7545810055865922, 0.765754189944134]}, "gap_0": {"gap_0_p_future": [0.7179626165845963, 0.6964270718021148, 0.7034698629614078, 0.6966332022750696, 0.7290338588387983],