{"f1_score": {"ekstedt_events": {"shift_hold_p_future_after": [[0.2681204080581665, 0.19453924894332886, 0.4433962404727936], [0.49019867181777954, 0.5343137383460999, 0.38511326909065247], [0.493543803691864, 0.52173912525177, 0.42638036608695984], [0.39957180619239807, 0.37925925850868225, 0.447957843542099], [0.3691346049308777, 0.34285715222358704, 0.4317295253276825]], "shift_hold_p_future_before": [[0.2742747664451599, 0.20338982343673706, 0.44312795996665955], [0.2561618685722351, 0.1745200753211975, 0.4506388008594513], [0.33943450450897217, 0.294770210981369, 0.4458281397819519], [0.3551764488220215, 0.3188854455947876, 0.44162437319755554], [0.22433272004127502, 0.13214285671710968, 0.44393593072891235]], "s_pred_p_future": [[0.38286054134368896, 0.0, 0.7043189406394958], [0.40442270040512085, 0.05319149047136307, 0.6993243098258972], [0.38859713077545166, 0.011173184029757977, 0.7054908275604248], [0.4109347462654114, 0.07253886014223099, 0.695059597492218], [0.3986499309539795, 0.032967034727334976, 0.7056856155395508]], "shift_hold_p_now_after": [[0.23917514085769653, 0.1588946431875229, 0.43040934205055237], [0.4497068226337433, 0.4725848436355591, 0.39520958065986633], [0.27778899669647217, 0.21297836303710938, 0.43217286467552185], [0.309018075466156, 0.25920000672340393, 0.42768850922584534], [0.2848213016986847, 0.22585923969745636, 0.4252733886241913]], "shift_hold_p_now_before": [[0.15078330039978027, 0.023346303030848503, 0.4543478190898895], [0.17258873581886292, 0.056710775941610336, 0.4486187696456909], [0.18796081840991974, 0.07532956451177597, 0.4562569260597229], [0.17862990498542786, 0.06415094435214996, 0.45132744312286377], [0.17215213179588318, 0.05343511328101158, 0.45494505763053894]], "s_pred_p_now": [[0.38286054134368896, 0.0, 0.7043189406394958], [0.38286054134368896, 0.0, 0.7043189406394958], [0.38286054134368896, 0.0, 0.7043189406394958], [0.38286054134368896, 0.0, 0.7043189406394958], [0.3942791819572449, 0.02222222276031971, 0.7066666483879089]], "backchannel": [[0.46617433428764343, 0.4117647111415863, 0.5392491221427917], [0.535199761390686, 0.627052366733551, 0.41183724999427795], [0.5381654500961304, 0.6169871687889099, 0.4323040246963501], [0.48864150047302246, 0.5310043692588806, 0.4317460358142853], [0.49035027623176575, 0.509624183177948, 0.4644644558429718]], "short_long": [[0.5557827353477478, 0.15333333611488342, 0.753398060798645], [0.5071918964385986, 0.328000009059906, 0.5951807498931885], [0.465271532535553, 0.3973509967327118, 0.4986225962638855], [0.43990322947502136, 0.38311687111854553, 0.46778711676597595], [0.4719041585922241, 0.3979932963848114, 0.5081967115402222]]}, "roddy_events": {"overlaps_before_p_now": [[0.23725388944149017, 0.10476190596818924, 0.4863387942314148], [0.3176948130130768, 0.21621622145175934, 0.508474588394165], [0.26159682869911194, 0.13333334028720856, 0.5027322173118591], [0.23725388944149017, 0.10476190596818924, 0.4863387942314148], [0.3036055564880371, 0.20444443821907043, 0.4900285005569458]], "overlaps_before_p_future": [[0.26224449276924133, 0.14018692076206207, 0.4917127192020416], [0.3674013018608093, 0.30327868461608887, 0.4879518151283264], [0.3651870787143707, 0.30645161867141724, 0.47560974955558777], [0.2784818708896637, 0.171171173453331, 0.48022598028182983], [0.4111328125, 0.3671875, 0.4937500059604645]], "overlaps_after_p_now": [[0.6131740808486938, 0.7071239948272705, 0.43654823303222656], [0.40742212533950806, 0.3726235628128052, 0.4728434383869171], [0.37744954228401184, 0.3253968358039856, 0.4753086566925049], [0.6028733253479004, 0.6900269389152527, 0.4390243887901306], [0.5898890495300293, 0.6388059854507446, 0.4979253113269806]], "overlaps_after_p_future": [[0.43797415494918823, 0.4075471758842468, 0.49517685174942017], [0.4645732641220093, 0.4492753744125366, 0.4933333396911621], [0.5292707681655884, 0.5548387169837952, 0.48120301961898804], [0.4244285821914673, 0.3893129825592041, 0.4904458522796631], [0.4054460823535919, 0.36781609058380127, 0.4761904776096344]], "overlap_spred_before_p_future": [[0.20135927200317383, 0.02185792289674282, 0.5226666927337646], [0.24125748872756958, 0.08376963436603546, 0.5231607556343079], [0.33646494150161743, 0.23853211104869843, 0.5117647051811218], [0.234322190284729, 0.08205128461122513, 0.5068870782852173], [0.19836845993995667, 0.021621622145175934, 0.51474529504776]]}, "gap_0": {"gap_0_p_future": [[0.2690117657184601, 0.24386724829673767, 0.3570552170276642], [0.43569356203079224, 0.46060606837272644, 0.34846267104148865], [0.3962220549583435, 0.408629447221756, 0.35277777910232544], [0.3857954442501068, 0.39407598972320557, 0.3568010926246643], [0.46712690591812134, 0.4970344007015228, 0.36240601539611816]], "gap_0_p_now": [[0.13827894628047943, 0.07467532157897949, 0.3609865605831146], [0.1916520595550537, 0.14196567237377167, 0.36562860012054443], [0.17348527908325195, 0.11876484751701355, 0.36508843302726746], [0.1291026771068573, 0.062295082956552505, 0.36302894353866577], [0.16958507895469666, 0.1141950860619545, 0.36353275179862976]], "s_pred_p_now": [[0.3847585916519165, 0.013840830884873867, 0.7003154754638672], [0.38869041204452515, 0.02711864374577999, 0.6962962746620178], [0.3832348883152008, 0.013745704665780067, 0.6975764036178589], [0.3859843313694, 0.020477816462516785, 0.6969376802444458], [0.4024219810962677, 0.05351170524954796, 0.6992561221122742]], "s_pred_p_future": [[0.3826863765716553, 0.00699300691485405, 0.7023060917854309], [0.3804410994052887, 0.0069204154424369335, 0.6982123851776123], [0.4071193337440491, 0.07667731493711472, 0.6882416605949402], [0.3873409628868103, 0.03311258181929588, 0.6886993646621704], [0.39901837706565857, 0.0469798669219017, 0.6985138058662415]], "superset_p_future": [[0.2190166413784027, 0.18756699562072754, 0.33856892585754395], [0.41606730222702026, 0.43824702501296997, 0.33175355195999146], [0.4065482020378113, 0.4241332709789276, 0.3397005796432495], [0.3694218397140503, 0.3773937523365021, 0.33911749720573425], [0.45506492257118225, 0.48341232538223267, 0.34730538725852966]]}, "fast_shift": {}, "slow_shift": {}, "short_long": {}}, "bal_Accs": {"ekstedt_events": {"shift_hold_p_future_after": [0.5041939099570334, 0.5058845507192229, 0.5084765552026901, 0.5002662058658696, 0.5079534840276481], "shift_hold_p_future_before": [0.5085325985428731, 0.5008453203810946, 0.5060293293480291, 0.5050392303381281, 0.5085325985428731], "s_pred_p_future": [0.5, 0.502252490990036, 0.5028089887640449, 0.5007949968200127, 0.506068475726097], "shift_hold_p_now_after": [0.4957500467027835, 0.49004296656080704, 0.485503456005978, 0.4825658509247151, 0.5054175228843639], "shift_hold_p_now_before": [0.4996217074537642, 0.49589482533158974, 0.49315804221931625, 0.5016019054735662, 0.500990099009901], "s_pred_p_now": [0.5, 0.5, 0.5, 0.5004504981980071, 0.5056179775280899], "backchannel": [0.5120230279164827, 0.5109880443489523, 0.5050906967516863, 0.4772584352096544, 0.49214310846927234], "short_long": [0.5282470258205869, 0.5292042918279174, 0.518786985277556, 0.49093924688248664, 0.5201537768495198]}, "roddy_events": {"overlaps_before_p_now": [0.4853191489361702, 0.4779787234042553, 0.4972340425531915, 0.47595744680851065, 0.4776595744680851], "overlaps_before_p_future": [0.49, 0.4853191489361702, 0.4829787234042553, 0.4779787234042553, 0.4829787234042553], "overlaps_after_p_now": [0.5090425531914894, 0.4895744680851064, 0.47819148936170214, 0.4827659574468085, 0.4847872340425532], "overlaps_after_p_future": [0.4979787234042553, 0.488936170212766, 0.47531914893617017, 0.4932978723404255, 0.4925531914893617], "overlap_spred_before_p_future": [0.4927932960893855, 0.4877932960893855, 0.4927932960893855, 0.4927932960893855, 0.4855865921787709]}, "gap_0": {"gap_0_p_future": [0.5019175223626114, 0.501911160310977, 0.4997798730134494, 0.505325037218002, 0.5087376417147002],