{"f1_score": {"ekstedt_events": {"shift_hold_p_future_after": [[0.2591443955898285, 0.17574691772460938, 0.4578034579753876], [0.5315514802932739, 0.5885111093521118, 0.3958691954612732], [0.5034369826316833, 0.540473222732544, 0.415213942527771], [0.4078308939933777, 0.3906020522117615, 0.4488711953163147], [0.3865255117416382, 0.35811835527420044, 0.4541935622692108]], "shift_hold_p_future_before": [[0.28422239422798157, 0.21585160493850708, 0.44708681106567383], [0.2598888874053955, 0.17605634033679962, 0.4595842957496643], [0.32844972610473633, 0.2825396955013275, 0.4378109574317932], [0.37782377004623413, 0.34901365637779236, 0.4464516043663025], [0.253759503364563, 0.17132867872714996, 0.45011600852012634]], "s_pred_p_future": [[0.38286054134368896, 0.0, 0.7043189406394958], [0.3961254358291626, 0.032608695328235626, 0.7013422846794128], [0.3918164074420929, 0.021978022530674934, 0.7023411393165588], [0.42267462611198425, 0.09278350323438644, 0.6996586918830872], [0.3973892629146576, 0.032786883413791656, 0.7035176157951355]], "shift_hold_p_now_after": [[0.23001646995544434, 0.13903743028640747, 0.4467353820800781], [0.42718517780303955, 0.4257703125476837, 0.4305555522441864], [0.2665647864341736, 0.19178082048892975, 0.44470587372779846], [0.2958521842956543, 0.23471073806285858, 0.44149577617645264], [0.30581510066986084, 0.2450331151485443, 0.4506024122238159]], "shift_hold_p_now_before": [[0.14217324554920197, 0.011741682887077332, 0.45287108421325684], [0.1821664273738861, 0.06488549709320068, 0.4615384638309479], [0.173298180103302, 0.05363984778523445, 0.4583333432674408], [0.17707674205303192, 0.06072106212377548, 0.4542447626590729], [0.1598462164402008, 0.03488372266292572, 0.4575163424015045]], "s_pred_p_now": [[0.38286054134368896, 0.0, 0.7043189406394958], [0.38286054134368896, 0.0, 0.7043189406394958], [0.38286054134368896, 0.0, 0.7043189406394958], [0.38859713077545166, 0.011173184029757977, 0.7054908275604248], [0.3942791819572449, 0.02222222276031971, 0.7066666483879089]], "backchannel": [[0.4655228853225708, 0.44600000977516174, 0.4917431175708771], [0.47691065073013306, 0.5949656963348389, 0.31835687160491943], [0.48577404022216797, 0.5945945978164673, 0.3396226465702057], [0.4611663818359375, 0.5304420590400696, 0.36812570691108704], [0.4773310124874115, 0.517998218536377, 0.42271292209625244]], "short_long": [[0.5698138475418091, 0.2300885021686554, 0.7366296648979187], [0.49844789505004883, 0.40963855385780334, 0.5420560836791992], [0.4040102958679199, 0.4325108826160431, 0.3900156021118164], [0.41190189123153687, 0.42370370030403137, 0.4061068594455719], [0.4377073049545288, 0.4031496047973633, 0.4546762704849243]]}, "roddy_events": {"overlaps_before_p_now": [[0.2442636787891388, 0.10679611563682556, 0.5027027130126953], [0.3410186171531677, 0.26271185278892517, 0.4882352948188782], [0.2597599923610687, 0.13270142674446106, 0.4986301362514496], [0.26036813855171204, 0.13953489065170288, 0.48753461241722107], [0.33569568395614624, 0.25531914830207825, 0.4868035316467285]], "overlaps_before_p_future": [[0.25848764181137085, 0.1388888955116272, 0.4833333194255829], [0.39103269577026367, 0.3524904251098633, 0.4634920656681061], [0.396831750869751, 0.3781818151473999, 0.4318936765193939], [0.3018849194049835, 0.22499999403953552, 0.4464285671710968], [0.39023488759994507, 0.37857142090797424, 0.4121621549129486]], "overlaps_after_p_now": [[0.5623166561126709, 0.6870229244232178, 0.32786884903907776], [0.4223027229309082, 0.4057970941066742, 0.4533333480358124], [0.40082496404647827, 0.36153846979141235, 0.474683552980423], [0.5321349501609802, 0.6799007654190063, 0.2543352544307709], [0.49560579657554626, 0.5819209218025208, 0.3333333432674408]], "overlaps_after_p_future": [[0.39247140288352966, 0.37226277589797974, 0.430463582277298], [0.46587973833084106, 0.4868420958518982, 0.4264705777168274], [0.4878312945365906, 0.5571847558021545, 0.3574468195438385], [0.415487140417099, 0.4056939482688904, 0.43389829993247986], [0.377335786819458, 0.3610108196735382, 0.4080267548561096]], "overlap_spred_before_p_future": [[0.21849969029426575, 0.05291005223989487, 0.5149051547050476], [0.23606374859809875, 0.0824742242693901, 0.5109890103340149], [0.3143932521343231, 0.23376622796058655, 0.4587155878543854], [0.24236801266670227, 0.10000000149011612, 0.4972067177295685], [0.20817318558692932, 0.04210526496171951, 0.5054348111152649]]}, "gap_0": {"gap_0_p_future": [[0.2659650146961212, 0.23854544758796692, 0.36197441816329956], [0.4760364294052124, 0.5093677043914795, 0.3593272268772125], [0.42492854595184326, 0.4436183273792267, 0.35948646068573], [0.4189147651195526, 0.4361370801925659, 0.35861092805862427], [0.46478182077407837, 0.49882903695106506, 0.3455657362937927]], "gap_0_p_now": [[0.11926297843456268, 0.04958677664399147, 0.36323365569114685], [0.17274028062820435, 0.11633466184139252, 0.37024417519569397], [0.16012287139892578, 0.10223641991615295, 0.362811803817749], [0.1291026771068573, 0.062295082956552505, 0.36302894353866577], [0.16473357379436493, 0.10819411277770996, 0.36270609498023987]], "s_pred_p_now": [[0.3862766921520233, 0.013937282375991344, 0.7030430436134338], [0.3819394111633301, 0.006968641187995672, 0.7009443640708923], [0.37907448410987854, 0.0, 0.7015706896781921], [0.39339351654052734, 0.027681661769747734, 0.7045215368270874], [0.3939756453037262, 0.040133778005838394, 0.6950052976608276]], "s_pred_p_future": [[0.37907448410987854, 0.0, 0.7015706896781921], [0.38551831245422363, 0.013888888992369175, 0.7016806602478027], [0.40244174003601074, 0.05921052768826485, 0.6944444179534912], [0.39901837706565857, 0.0469798669219017, 0.6985138058662415], [0.39819884300231934, 0.046822741627693176, 0.6971307396888733]], "superset_p_future": [[0.21499060094356537, 0.18142548203468323, 0.3425845503807068], [0.44559356570243835, 0.47623127698898315, 0.32912781834602356], [0.4300592243671417, 0.45644599199295044, 0.32975295186042786], [0.398196280002594, 0.41602882742881775, 0.33040785789489746], [0.4508768916130066, 0.48587092757225037, 0.31785115599632263]]}, "fast_shift": {}, "slow_shift": {}, "short_long": {}}, "bal_Accs": {"ekstedt_events": {"shift_hold_p_future_after": [0.5061741079768354, 0.5054175228843639, 0.5099897253876331, 0.5103119745936858, 0.508943583037549], "shift_hold_p_future_before": [0.4978750233513917, 0.5025920044834672, 0.5083878199140669, 0.5065524005230712, 0.4972632168877265], "s_pred_p_future": [0.5, 0.5013514945940216, 0.5009009963960144, 0.5087714649141403, 0.5037099851600594], "shift_hold_p_now_after": [0.5016019054735662, 0.5016019054735662, 0.49706239491873716, 0.4990752848869793, 0.4967401457126845], "shift_hold_p_now_before": [0.5, 0.500990099009901, 0.5006118064636652, 0.5, 0.5], "s_pred_p_now": [0.5, 0.5, 0.5, 0.5028089887640449, 0.5056179775280899], "backchannel": [0.4865920031143086, 0.47864153259917497, 0.4705506936074324, 0.4549529484866407, 0.4715800624358984], "short_long": [0.5172410262710649, 0.5183621025042489, 0.5193193685115793, 0.5030100129000553, 0.5124291008866229]}, "roddy_events": {"overlaps_before_p_now": [0.48, 0.4879787234042553, 0.4922340425531915, 0.4779787234042553, 0.475], "overlaps_before_p_future": [0.48, 0.47829787234042553, 0.48925531914893616, 0.46563829787234046, 0.46797872340425534], "overlaps_after_p_now": [0.49436170212765956, 0.512872340425532, 0.5041489361702127, 0.5096808510638298, 0.5243617021276595], "overlaps_after_p_future": [0.4786170212765958, 0.46925531914893615, 0.47627659574468084, 0.46393617021276595, 0.4552127659574468], "overlap_spred_before_p_future": [0.4927932960893855, 0.4855865921787709, 0.4855865921787709, 0.47337988826815647, 0.4761731843575419]}, "gap_0": {"gap_0_p_future": [0.5021312872975278, 0.5083101118448677, 0.5042574849537479, 0.5053263096283289, 0.5008499700983573], "gap_0_p_now": [0.5004262574595055, 0.5021312872975278, 0.5017037574276954, 0.5004262574595055, 0.5012787723785166],