{"f1_score": {"ekstedt_events": {"shift_hold_p_future_after": [[0.27260586619377136, 0.20469798147678375, 0.4343675374984741], [0.5045234560966492, 0.5609467625617981, 0.3701188564300537], [0.47045838832855225, 0.5123762488365173, 0.37060701847076416], [0.38167640566825867, 0.36811593174934387, 0.4139784872531891], [0.34793269634246826, 0.31975868344306946, 0.4150454103946686]], "shift_hold_p_future_before": [[0.27312812209129333, 0.20895522832870483, 0.42599278688430786], [0.2457764744758606, 0.16140350699424744, 0.44675925374031067], [0.32246875762939453, 0.28125, 0.42065492272377014], [0.3390825688838959, 0.30745813250541687, 0.4144144058227539], [0.23970648646354675, 0.15679442882537842, 0.4372093081474304]], "s_pred_p_future": [[0.38286054134368896, 0.0, 0.7043189406394958], [0.40309789776802063, 0.05291005223989487, 0.6971235275268555], [0.3880971670150757, 0.021621622145175934, 0.6957983374595642], [0.41121411323547363, 0.0891089141368866, 0.6816608905792236], [0.3880971670150757, 0.021621622145175934, 0.6957983374595642]], "shift_hold_p_now_after": [[0.21815575659275055, 0.12252252548933029, 0.4459613263607025], [0.43892329931259155, 0.4516128897666931, 0.40869563817977905], [0.2803443968296051, 0.21212121844291687, 0.44285714626312256], [0.33378469944000244, 0.28525641560554504, 0.4493827223777771], [0.3142101764678955, 0.2617124319076538, 0.43926379084587097]], "shift_hold_p_now_before": [[0.1445356160402298, 0.015594542026519775, 0.4516829550266266], [0.1704268455505371, 0.05313092842698097, 0.4498346149921417], [0.1688140481710434, 0.049618322402238846, 0.45274725556373596], [0.17955128848552704, 0.06741572916507721, 0.4466666579246521], [0.16269800066947937, 0.042065009474754333, 0.4500548839569092]], "s_pred_p_now": [[0.38286054134368896, 0.0, 0.7043189406394958], [0.38286054134368896, 0.0, 0.7043189406394958], [0.38286054134368896, 0.0, 0.7043189406394958], [0.38286054134368896, 0.0, 0.7043189406394958], [0.3861912488937378, 0.01104972418397665, 0.7011685967445374]], "backchannel": [[0.4523048996925354, 0.41778695583343506, 0.4986642897129059], [0.5413066148757935, 0.6339563727378845, 0.4168734550476074], [0.5131621360778809, 0.5992031693458557, 0.3976047933101654], [0.5050930976867676, 0.5552698969841003, 0.43770313262939453], [0.5212188363075256, 0.5480682849884033, 0.48515865206718445]], "short_long": [[0.6150266528129578, 0.3053892254829407, 0.7670682668685913], [0.5271968245506287, 0.3932584226131439, 0.5929648280143738], [0.45805466175079346, 0.4481707215309143, 0.462907999753952], [0.44617760181427, 0.41444268822669983, 0.4617604613304138], [0.4906187653541565, 0.4346405267715454, 0.5181058645248413]]}, "roddy_events": {"overlaps_before_p_now": [[0.25422540307044983, 0.13084112107753754, 0.4861878454685211], [0.31401491165161133, 0.22510822117328644, 0.48115941882133484], [0.2645537257194519, 0.14746543765068054, 0.4846796691417694], [0.27654027938842773, 0.16438356041908264, 0.48739495873451233], [0.31277304887771606, 0.21929824352264404, 0.4885057508945465]], "overlaps_before_p_future": [[0.2921294569969177, 0.18834081292152405, 0.4872521162033081], [0.3842531442642212, 0.341085284948349, 0.4654088020324707], [0.3672497272491455, 0.3243243098258972, 0.44794952869415283], [0.35909175872802734, 0.2857142984867096, 0.4970414340496063], [0.399547278881073, 0.3684210479259491, 0.4580645263195038]], "overlaps_after_p_now": [[0.5864171981811523, 0.6992287635803223, 0.3743315637111664], [0.44630521535873413, 0.4357142746448517, 0.46621620655059814], [0.37728607654571533, 0.3294117748737335, 0.4672897160053253], [0.597102165222168, 0.6997389197349548, 0.40414509177207947], [0.5491514205932617, 0.6053412556648254, 0.4435146450996399]], "overlaps_after_p_future": [[0.40669548511505127, 0.37593984603881836, 0.46451613306999207], [0.49396294355392456, 0.5050504803657532, 0.47311827540397644], [0.5166056156158447, 0.5477706789970398, 0.4580152630805969], [0.41914331912994385, 0.3863636255264282, 0.48076921701431274], [0.4343256652355194, 0.4089219272136688, 0.4820846915245056]], "overlap_spred_before_p_future": [[0.20722626149654388, 0.0324324332177639, 0.5201072096824646], [0.25632041692733765, 0.11167512834072113, 0.5152354836463928], [0.3843909800052643, 0.3206751048564911, 0.4984423816204071], [0.2411021739244461, 0.09183673560619354, 0.5082873106002808], [0.19986724853515625, 0.021739130839705467, 0.51871657371521]]}, "gap_0": {"gap_0_p_future": [[0.24701669812202454, 0.22254127264022827, 0.3327171802520752], [0.42274370789527893, 0.44634145498275757, 0.3401162922382355], [0.3527250587940216, 0.3610573709011078, 0.3235494792461395], [0.3635227680206299, 0.37444090843200684, 0.3252929151058197], [0.41505110263824463, 0.4420289993286133, 0.32058823108673096]], "gap_0_p_now": [[0.12196491658687592, 0.054187193512916565, 0.3592880964279175], [0.15809044241905212, 0.10047847032546997, 0.35981839895248413], [0.14798128604888916, 0.08821170777082443, 0.35726398229599], [0.12196491658687592, 0.054187193512916565, 0.3592880964279175], [0.14745835959911346, 0.08807045966386795, 0.35540464520454407]], "s_pred_p_now": [[0.3783390522003174, 0.0, 0.7002096176147461], [0.3890760540962219, 0.020761245861649513, 0.7024185061454773], [0.3847585916519165, 0.013840830884873867, 0.7003154754638672], [0.38675931096076965, 0.02054794505238533, 0.6983122229576111], [0.4049667716026306, 0.05980066582560539, 0.698615550994873]], "s_pred_p_future": [[0.3783390522003174, 0.0, 0.7002096176147461], [0.3832348883152008, 0.013745704665780067, 0.6975764036178589], [0.3954610228538513, 0.06309147924184799, 0.678223192691803], [0.3940768241882324, 0.051779936999082565, 0.6852846145629883], [0.4049147665500641, 0.06535948067903519, 0.6937901377677917]], "superset_p_future": [[0.21237275004386902, 0.18220564723014832, 0.3270495533943176], [0.4225160777568817, 0.4479440152645111, 0.32585468888282776], [0.38265225291252136, 0.40161725878715515, 0.3105590045452118], [0.364762544631958, 0.3771849274635315, 0.31754031777381897], [0.4157906174659729, 0.44376900792121887, 0.3094339668750763]]}, "fast_shift": {}, "slow_shift": {}, "short_long": {}}, "bal_Accs": {"ekstedt_events": {"shift_hold_p_future_after": [0.4977302447225855, 0.49880907902110966, 0.4903652157668597, 0.49875303568092655, 0.5080422193162712], "shift_hold_p_future_before": [0.49513824023911823, 0.5028255184008966, 0.48753969736596303, 0.4953717541565477, 0.49513824023911823], "s_pred_p_future": [0.5, 0.4998940004239983, 0.4938255246979012, 0.48990354038583844, 0.4938255246979012], "shift_hold_p_now_after": [0.49513824023911823, 0.5002335139174294, 0.49979917803101065, 0.5066177844199514, 0.502447225854661], "shift_hold_p_now_before": [0.49764150943396224, 0.49490472632168875, 0.4988651223612927, 0.500990099009901, 0.49764150943396224], "s_pred_p_now": [0.5, 0.5, 0.5, 0.5, 0.4980920076319695], "backchannel": [0.48251570255358334, 0.5100559976642686, 0.4997230062061582, 0.4863674135517342, 0.5202860522395323], "short_long": [0.5113899297663657, 0.5077400331715707, 0.5202356819624465, 0.4980342772897598, 0.5155466142473943]}, "roddy_events": {"overlaps_before_p_now": [0.48031914893617017, 0.4859574468085106, 0.4775531914893617, 0.48393617021276597, 0.4776595744680851], "overlaps_before_p_future": [0.4956382978723404, 0.4912765957446808, 0.4962765957446808, 0.4919148936170213, 0.49361702127659574], "overlaps_after_p_now": [0.4870212765957447, 0.4828723404255319, 0.4838297872340425, 0.5093617021276596, 0.48638297872340425], "overlaps_after_p_future": [0.48393617021276597, 0.4925531914893617, 0.5012765957446809, 0.48393617021276597, 0.4758510638297872], "overlap_spred_before_p_future": [0.4877932960893855, 0.49058659217877093, 0.4877932960893855, 0.4777932960893855, 0.49058659217877093]}, "gap_0": {"gap_0_p_future": [0.5004249850491786, 0.4999949103586925, 0.4925309513812014, 0.4938122685803718, 0.49530480589380466],