{"f1_score": {"ekstedt_events": {"shift_hold_p_future_after": [[0.35325032472610474, 0.29568105936050415, 0.49038460850715637], [0.6777642965316772, 0.7408207058906555, 0.5275590419769287], [0.5785898566246033, 0.6050633192062378, 0.5155279636383057], [0.555719256401062, 0.5546218752861023, 0.5583333373069763], [0.473859965801239, 0.46064141392707825, 0.5053476095199585]], "shift_hold_p_future_before": [[0.4313828647136688, 0.39938080310821533, 0.5076141953468323], [0.3247818350791931, 0.26174497604370117, 0.47494032979011536], [0.3500991463661194, 0.29556649923324585, 0.47999998927116394], [0.5677013397216797, 0.5698478817939758, 0.5625879168510437], [0.28761380910873413, 0.20942407846450806, 0.47386759519577026]], "s_pred_p_future": [[0.40838125348091125, 0.054054055362939835, 0.7058823704719543], [0.42552000284194946, 0.09375, 0.704081654548645], [0.42031505703926086, 0.08376963436603546, 0.7028862237930298], [0.47037965059280396, 0.17258882522583008, 0.7204116582870483], [0.40442270040512085, 0.05319149047136307, 0.6993243098258972]], "shift_hold_p_now_after": [[0.340514600276947, 0.2871125638484955, 0.4677222967147827], [0.4866860508918762, 0.5116279125213623, 0.4272727370262146], [0.3163686990737915, 0.26101142168045044, 0.44823387265205383], [0.39022189378738403, 0.3531250059604645, 0.47858941555023193], [0.3620893955230713, 0.327160507440567, 0.4452926218509674]], "shift_hold_p_now_before": [[0.19273120164871216, 0.08239700645208359, 0.4555555582046509], [0.2609441876411438, 0.18086956441402435, 0.4516880214214325], [0.24276983737945557, 0.15329767763614655, 0.4558992087841034], [0.22748109698295593, 0.12820513546466827, 0.46396395564079285], [0.19946421682834625, 0.09276437759399414, 0.45363128185272217]], "s_pred_p_now": [[0.3861912488937378, 0.01104972418397665, 0.7011685967445374], [0.40161988139152527, 0.04324324429035187, 0.702521026134491], [0.4057447910308838, 0.05347593501210213, 0.7015177011489868], [0.3973892629146576, 0.032786883413791656, 0.7035176157951355], [0.3977307677268982, 0.042553190141916275, 0.6959459185600281]], "backchannel": [[0.4686660170555115, 0.36545681953430176, 0.6072811484336853], [0.5437467694282532, 0.5617566108703613, 0.5195586681365967], [0.5953864455223083, 0.6153846383094788, 0.5685279369354248], [0.5410244464874268, 0.5073375105857849, 0.5862675905227661], [0.547156810760498, 0.5121180415153503, 0.5942155718803406]], "short_long": [[0.577646017074585, 0.15555556118488312, 0.7849056720733643], [0.5149602890014648, 0.1652892529964447, 0.6866597533226013], [0.503846287727356, 0.2770562767982483, 0.6152073740959167], [0.5108762979507446, 0.2369668185710907, 0.6453744769096375], [0.5106901526451111, 0.23021583259105682, 0.6484118103981018]]}, "roddy_events": {"overlaps_before_p_now": [[0.298353910446167, 0.18518517911434174, 0.5111111402511597], [0.3595869243144989, 0.2904564440250397, 0.48955222964286804], [0.2740514278411865, 0.15094339847564697, 0.5054945349693298], [0.3149074912071228, 0.22026431560516357, 0.49283668398857117], [0.3799501657485962, 0.32258063554763794, 0.4878048896789551]], "overlaps_before_p_future": [[0.328159898519516, 0.2211981564760208, 0.5292479395866394], [0.5082945823669434, 0.48507463932037354, 0.551948070526123], [0.4118724465370178, 0.3445378243923187, 0.5384615659713745], [0.41920822858810425, 0.34893617033958435, 0.5513196587562561], [0.6264106035232544, 0.65625, 0.5703125]], "overlaps_after_p_now": [[0.6685473918914795, 0.7753086686134338, 0.46783626079559326], [0.552484929561615, 0.5975610017776489, 0.4677419364452362], [0.5296910405158997, 0.534246563911438, 0.5211267471313477], [0.6371184587478638, 0.7714285850524902, 0.38461539149284363], [0.6801621913909912, 0.7821782231330872, 0.4883720874786377]], "overlaps_after_p_future": [[0.6359983682632446, 0.6466666460037231, 0.6159420013427734], [0.6643235683441162, 0.7079645991325378, 0.5822784900665283], [0.6976261734962463, 0.7435158491134644, 0.6113536953926086], [0.6210049390792847, 0.6283783912658691, 0.6071428656578064], [0.6875433921813965, 0.7124999761581421, 0.640625]], "overlap_spred_before_p_future": [[0.24992883205413818, 0.09424083679914474, 0.528610348701477], [0.28836753964424133, 0.1515151560306549, 0.5333333611488342], [0.36044973134994507, 0.25592416524887085, 0.5475504398345947], [0.3117491602897644, 0.18090452253818512, 0.5459610223770142], [0.23052623867988586, 0.06417112052440643, 0.5283018946647644]]}, "gap_0": {"gap_0_p_future": [[0.4838474988937378, 0.4958990514278412, 0.4416491985321045], [0.6508699059486389, 0.6988457441329956, 0.48288288712501526], [0.4730294644832611, 0.4854981005191803, 0.429370641708374], [0.6592121720314026, 0.6990291476249695, 0.5197934508323669], [0.7106534242630005, 0.7677261829376221, 0.5108135938644409]], "gap_0_p_now": [[0.22532452642917633, 0.18320611119270325, 0.37280187010765076], [0.2730104327201843, 0.24507658183574677, 0.37082067131996155], [0.21354737877845764, 0.16998468339443207, 0.3660818636417389], [0.18775981664657593, 0.13438735902309418, 0.3746430575847626], [0.20646703243255615, 0.16049382090568542, 0.367441862821579]], "s_pred_p_now": [[0.4331306517124176, 0.11074918508529663, 0.7073954939842224], [0.4363603889942169, 0.11688311398029327, 0.7081544995307922], [0.4363603889942169, 0.11688311398029327, 0.7081544995307922], [0.4193146526813507, 0.08026755601167679, 0.7077577114105225], [0.43358805775642395, 0.11575562506914139, 0.7039827704429626]], "s_pred_p_future": [[0.4168025553226471, 0.07407407462596893, 0.7083775401115417], [0.43587157130241394, 0.11184210330247879, 0.7115384340286255], [0.4697646498680115, 0.18125000596046448, 0.7152174115180969], [0.4645610451698303, 0.16613417863845825, 0.7184466123580933], [0.44370877742767334, 0.12944984436035156, 0.7110633850097656]], "superset_p_future": [[0.4108292758464813, 0.41260746121406555, 0.40406978130340576], [0.6574404239654541, 0.7067613005638123, 0.4699527323246002], [0.5123257637023926, 0.537132978439331, 0.41802388429641724], [0.6647953391075134, 0.7076336145401001, 0.5019505620002747], [0.7255028486251831, 0.7839889526367188, 0.5031746029853821]]}, "fast_shift": {}, "slow_shift": {}, "short_long": {}}, "bal_Accs": {"ekstedt_events": {"shift_hold_p_future_after": [0.5107463104801045, 0.521870913506445, 0.5195124229404072, 0.5398374743134691, 0.5290351204931814], "shift_hold_p_future_before": [0.5113581169437699, 0.5143284139734728, 0.524841210536148, 0.5091444050065383, 0.5010788342985242], "s_pred_p_future": [0.5093279626881493, 0.5134884460462158, 0.5106794572821709, 0.5430358278566886, 0.502252490990036], "shift_hold_p_now_after": [0.5115916308611993, 0.5106902671399215, 0.5234167756398281, 0.5565570708014198, 0.5161638333644685], "shift_hold_p_now_before": [0.497496730805156, 0.5072529422753596, 0.512436951242294, 0.5012236129273304, 0.49216794320941526], "s_pred_p_now": [0.4980920076319695, 0.5041604833580665, 0.5046109815560738, 0.5037099851600594, 0.49708501165995334], "backchannel": [0.5613316663796911, 0.5509013527777986, 0.6047504435643861, 0.5770641652380275, 0.5828829064883925], "short_long": [0.4743432233757192, 0.42191371296353175, 0.5224112865245613, 0.4319368511579335, 0.48264123512910295]}, "roddy_events": {"overlaps_before_p_now": [0.4856382978723404, 0.48095744680851066, 0.5025531914893617, 0.4939361702127659, 0.4903191489361702], "overlaps_before_p_future": [0.4926595744680851, 0.4906382978723404, 0.4982978723404255, 0.5086170212765957, 0.5006382978723404], "overlaps_after_p_now": [0.5826595744680851, 0.5191489361702127, 0.551063829787234, 0.6173404255319149, 0.5630851063829787], "overlaps_after_p_future": [0.5059574468085106, 0.530531914893617, 0.5112765957446809, 0.516595744680851, 0.5514893617021277], "overlap_spred_before_p_future": [0.5067597765363129, 0.5067597765363129, 0.5151396648044693, 0.5067597765363129, 0.5067597765363129]}, "gap_0": {"gap_0_p_future": [0.5057525670878344, 0.5228003206474023, 0.5193915333816849, 0.5170490259698948, 0.5038324999045692],