{"f1_score": {"ekstedt_events": {"shift_hold_p_future_after": [[0.223562091588974, 0.12431444227695465, 0.4599774479866028], [0.49778956174850464, 0.5343320965766907, 0.41074249148368835], [0.47500044107437134, 0.4900133013725281, 0.43923866748809814], [0.3631291389465332, 0.32923075556755066, 0.44387754797935486], [0.34627851843833923, 0.30158731341362, 0.4527363181114197]], "shift_hold_p_future_before": [[0.2511335611343384, 0.1657848358154297, 0.4544405937194824], [0.23122957348823547, 0.1345454603433609, 0.4615384638309479], [0.28368061780929565, 0.20962199568748474, 0.4600938856601715], [0.37664276361465454, 0.341085284948349, 0.4613434672355652], [0.23307710886001587, 0.13768115639686584, 0.460317462682724]], "s_pred_p_future": [[0.38286054134368896, 0.0, 0.7043189406394958], [0.3930494785308838, 0.0220994483679533, 0.7045075297355652], [0.399907648563385, 0.033149171620607376, 0.7078464031219482], [0.41369011998176575, 0.07329843193292618, 0.6994906663894653], [0.3930494785308838, 0.0220994483679533, 0.7045075297355652]], "shift_hold_p_now_after": [[0.2234100103378296, 0.12681159377098083, 0.4535147249698639], [0.418410062789917, 0.4184100329875946, 0.4184100329875946], [0.2506108283996582, 0.1678321659564972, 0.4477958381175995], [0.2787441909313202, 0.21140938997268677, 0.43914079666137695], [0.29305773973464966, 0.22961729764938354, 0.44417765736579895]], "shift_hold_p_now_before": [[0.1479235738515854, 0.01949317753314972, 0.453854501247406], [0.18253757059574127, 0.06805293262004852, 0.45524862408638], [0.16829019784927368, 0.04624277353286743, 0.4590163826942444], [0.1918778121471405, 0.07924528419971466, 0.4601770043373108], [0.17386996746063232, 0.05374280363321304, 0.4600219130516052]], "s_pred_p_now": [[0.38286054134368896, 0.0, 0.7043189406394958], [0.38286054134368896, 0.0, 0.7043189406394958], [0.38286054134368896, 0.0, 0.7043189406394958], [0.3816886246204376, 0.0, 0.70216304063797], [0.3805128037929535, 0.0, 0.699999988079071]], "backchannel": [[0.40925371646881104, 0.32407405972480774, 0.5236541628837585], [0.5078966617584229, 0.5816993713378906, 0.4087759852409363], [0.5199019908905029, 0.5726423263549805, 0.44906899333000183], [0.4521816372871399, 0.4719926416873932, 0.4255744218826294], [0.47097915410995483, 0.478342741727829, 0.46108949184417725]], "short_long": [[0.5647619366645813, 0.16778524219989777, 0.7596899271011353], [0.48602044582366943, 0.25108224153518677, 0.6013824939727783], [0.4740859270095825, 0.3728223145008087, 0.523809552192688], [0.40658193826675415, 0.2975778579711914, 0.46010637283325195], [0.47268661856651306, 0.3699825406074524, 0.5231175422668457]]}, "roddy_events": {"overlaps_before_p_now": [[0.24251796305179596, 0.10628019273281097, 0.49864497780799866], [0.2999512255191803, 0.19730941951274872, 0.49291783571243286], [0.2312091439962387, 0.0882352963089943, 0.5], [0.2552909553050995, 0.12440191209316254, 0.5013623833656311], [0.2725044786930084, 0.15668202936649323, 0.49025070667266846]], "overlaps_before_p_future": [[0.2127777636051178, 0.05999999865889549, 0.5], [0.36141812801361084, 0.28691983222961426, 0.501474916934967], [0.3637421131134033, 0.2881355881690979, 0.5058823823928833], [0.27594009041786194, 0.1516587734222412, 0.5095890164375305], [0.3920978009700775, 0.341269850730896, 0.48765432834625244]], "overlaps_after_p_now": [[0.6059145927429199, 0.7098445892333984, 0.410526305437088], [0.3791680335998535, 0.3384615480899811, 0.4556961953639984], [0.36276501417160034, 0.3052208721637726, 0.4709480106830597], [0.5623011589050293, 0.6558265686035156, 0.3864734172821045], [0.5252298712730408, 0.5882353186607361, 0.4067796468734741]], "overlaps_after_p_future": [[0.34460651874542236, 0.2738589346408844, 0.4776119291782379], [0.4486863911151886, 0.4137931168079376, 0.5142857432365417], [0.5144638419151306, 0.5359477400779724, 0.4740740656852722], [0.3595869243144989, 0.2904564440250397, 0.48955222964286804], [0.35042399168014526, 0.29032257199287415, 0.46341463923454285]], "overlap_spred_before_p_future": [[0.2160840779542923, 0.04324324429035187, 0.525469183921814], [0.2217322587966919, 0.05347593501210213, 0.5229110717773438], [0.3693053126335144, 0.2805429995059967, 0.5281898975372314], [0.244695246219635, 0.08465608209371567, 0.5311653017997742], [0.20135927200317383, 0.02185792289674282, 0.5226666927337646]]}, "gap_0": {"gap_0_p_future": [[0.2358650267124176, 0.1992509365081787, 0.36406901478767395], [0.4332761764526367, 0.45387452840805054, 0.3611510694026947], [0.36948177218437195, 0.36800000071525574, 0.3746701776981354], [0.40100839734077454, 0.4092664122581482, 0.3720930218696594], [0.4615062475204468, 0.4883023500442505, 0.36767977476119995]], "gap_0_p_now": [[0.12291285395622253, 0.05436573177576065, 0.3629300892353058], [0.17051486670970917, 0.11559778451919556, 0.36280661821365356], [0.14907991886138916, 0.08730800449848175, 0.365373820066452], [0.13293486833572388, 0.06704824417829514, 0.3636363744735718], [0.14830221235752106, 0.08709677308797836, 0.36261260509490967]], "s_pred_p_now": [[0.38753288984298706, 0.020618556067347527, 0.6996839046478271], [0.3964034616947174, 0.04054053872823715, 0.6991525292396545], [0.37686365842819214, 0.0, 0.6974790096282959], [0.3910476863384247, 0.027397260069847107, 0.700421929359436], [0.39901837706565857, 0.0469798669219017, 0.6985138058662415]], "s_pred_p_future": [[0.3819394111633301, 0.006968641187995672, 0.7009443640708923], [0.3980162441730499, 0.040816325694322586, 0.7019027471542358], [0.41171514987945557, 0.06711409240961075, 0.7048832178115845], [0.41337713599205017, 0.07308970391750336, 0.7028753757476807], [0.38869041204452515, 0.02711864374577999, 0.6962962746620178]], "superset_p_future": [[0.2035447061061859, 0.16557016968727112, 0.3479005992412567], [0.43668365478515625, 0.4589585065841675, 0.3520084619522095], [0.3965074121952057, 0.4053928554058075, 0.3627304434776306], [0.40141427516937256, 0.41236162185668945, 0.35979899764060974], [0.4708373248577118, 0.5010669827461243, 0.3559228777885437]]}, "fast_shift": {}, "slow_shift": {}, "short_long": {}}, "bal_Accs": {"ekstedt_events": {"shift_hold_p_future_after": [0.4998552213711937, 0.5150849990659443, 0.5117364094900055, 0.5185223239305062, 0.5112133383149635], "shift_hold_p_future_before": [0.5016019054735662, 0.505940594059406, 0.5118811881188119, 0.5124929945824771, 0.5016019054735662], "s_pred_p_future": [0.5, 0.5032594869620521, 0.5084269662921348, 0.5055119779520882, 0.5032594869620521], "shift_hold_p_now_after": [0.5081543059966374, 0.5032038109471324, 0.5102232393050625, 0.49214459181767234, 0.5087661124603026], "shift_hold_p_now_before": [0.4996217074537642, 0.5016019054735662, 0.5025920044834672, 0.5002335139174294, 0.49764150943396224], "s_pred_p_now": [0.5, 0.5, 0.5, 0.506068475726097, 0.49528301886792453], "backchannel": [0.47672690657822825, 0.47576491461853465, 0.49648704492539886, 0.4526003728186739, 0.4777151006535556], "short_long": [0.5020117943362614, 0.4948758113725249, 0.5107756414194156, 0.43510555521428423, 0.5166676904805783]}, "roddy_events": {"overlaps_before_p_now": [0.4876595744680851, 0.4932978723404255, 0.488936170212766, 0.4829787234042553, 0.49], "overlaps_before_p_future": [0.4926595744680851, 0.485, 0.4953191489361702, 0.4953191489361702, 0.4926595744680851], "overlaps_after_p_now": [0.4707446808510638, 0.49425531914893617, 0.48319148936170214, 0.5130851063829787, 0.4747872340425532], "overlaps_after_p_future": [0.4876595744680851, 0.5112765957446809, 0.4953191489361702, 0.4956382978723404, 0.48425531914893616], "overlap_spred_before_p_future": [0.4927932960893855, 0.49558659217877093, 0.49837988826815643, 0.49558659217877093, 0.49558659217877093]}, "gap_0": {"gap_0_p_future": [0.5012787723785166, 0.5057512946775076, 0.5153452685421995, 0.507670089450446, 0.4974386380119861], "gap_0_p_now": [0.4974411828326399, 0.4997849626547569, 0.49829242534132406, 0.49893244773574585, 0.4957348805842908],