{"f1_score": {"ekstedt_events": {"shift_hold_p_future_after": [[0.2820289433002472, 0.20070423185825348, 0.47575056552886963], [0.6050717830657959, 0.6550116539001465, 0.4861111044883728], [0.5214778184890747, 0.5254470705986023, 0.5120226144790649], [0.41181501746177673, 0.3755868673324585, 0.498113214969635], [0.42163002490997314, 0.38819876313209534, 0.501265823841095]], "shift_hold_p_future_before": [[0.327616810798645, 0.2614600956439972, 0.48520711064338684], [0.2844685912132263, 0.20593367516994476, 0.47154471278190613], [0.2954648435115814, 0.21913044154644012, 0.47729918360710144], [0.4322427213191986, 0.40245774388313293, 0.5031928420066833], [0.2158350944519043, 0.11131725460290909, 0.464804470539093]], "s_pred_p_future": [[0.38286054134368896, 0.0, 0.7043189406394958], [0.41917428374290466, 0.07486630976200104, 0.7082630395889282], [0.3942791819572449, 0.02222222276031971, 0.7066666483879089], [0.45547717809677124, 0.14432989060878754, 0.7167235612869263], [0.38859713077545166, 0.011173184029757977, 0.7054908275604248]], "shift_hold_p_now_after": [[0.2671107053756714, 0.18563923239707947, 0.4611819088459015], [0.4877493977546692, 0.5059288740158081, 0.4444444477558136], [0.2647109627723694, 0.1824561357498169, 0.46064814925193787], [0.31527647376060486, 0.25333333015441895, 0.46282973885536194], [0.3180854320526123, 0.2618657946586609, 0.4520048499107361]], "shift_hold_p_now_before": [[0.15078330039978027, 0.023346303030848503, 0.4543478190898895], [0.2145286202430725, 0.1109057292342186, 0.4613661766052246], [0.17606808245182037, 0.05736137554049492, 0.4588364362716675], [0.16938304901123047, 0.049713194370269775, 0.45444566011428833], [0.1564721167087555, 0.03100775182247162, 0.4553377032279968]], "s_pred_p_now": [[0.38286054134368896, 0.0, 0.7043189406394958], [0.3805128037929535, 0.0, 0.699999988079071], [0.38286054134368896, 0.0, 0.7043189406394958], [0.38859713077545166, 0.011173184029757977, 0.7054908275604248], [0.38286054134368896, 0.0, 0.7043189406394958]], "backchannel": [[0.44495537877082825, 0.3337547481060028, 0.59430330991745], [0.5190763473510742, 0.5396535992622375, 0.491440087556839], [0.5631668567657471, 0.5735567808151245, 0.5492125749588013], [0.5167818069458008, 0.48710009455680847, 0.5566458702087402], [0.5315077900886536, 0.4952581524848938, 0.5801928043365479]], "short_long": [[0.5655962824821472, 0.1328413337469101, 0.7780925631523132], [0.5243927240371704, 0.19354838132858276, 0.6868476271629333], [0.5440313220024109, 0.3549060523509979, 0.6368977427482605], [0.4985334277153015, 0.2566371560096741, 0.6173120737075806], [0.5299177765846252, 0.2959641218185425, 0.6447963714599609]]}, "roddy_events": {"overlaps_before_p_now": [[0.28435617685317993, 0.16744185984134674, 0.5041550993919373], [0.3607737421989441, 0.28205129504203796, 0.5087719559669495], [0.24774228036403656, 0.10784313827753067, 0.5107526779174805], [0.29212021827697754, 0.17061612010002136, 0.5205479264259338], [0.3660638630390167, 0.28936171531677246, 0.5102639198303223]], "overlaps_before_p_future": [[0.2982497215270996, 0.17924527823925018, 0.5219780206680298], [0.4792497456073761, 0.4486691951751709, 0.5367411971092224], [0.37301748991012573, 0.2931034564971924, 0.5232558250427246], [0.36585310101509094, 0.2755555510520935, 0.5356125235557556], [0.5727692246437073, 0.5810810923576355, 0.5571428537368774]], "overlaps_after_p_now": [[0.6366280317306519, 0.7468671798706055, 0.42937853932380676], [0.4831885099411011, 0.4932432472705841, 0.4642857015132904], [0.4621697664260864, 0.4318181872367859, 0.5192307829856873], [0.6548981070518494, 0.7748184204101562, 0.42944785952568054], [0.6565656661987305, 0.7575757503509521, 0.46666666865348816]], "overlaps_after_p_future": [[0.546608030796051, 0.5422534942626953, 0.5547945499420166], [0.6029717922210693, 0.6377708911895752, 0.5375494360923767], [0.6170009970664978, 0.6586102843284607, 0.5387755036354065], [0.5595238208770752, 0.5531914830207825, 0.5714285969734192], [0.5772842764854431, 0.5886287689208984, 0.5559566617012024]], "overlap_spred_before_p_future": [[0.244695246219635, 0.08465608209371567, 0.5311653017997742], [0.2654563784599304, 0.1145833358168602, 0.5355191230773926], [0.3470335900783539, 0.2330097109079361, 0.5511363744735718], [0.2789815366268158, 0.1340206116437912, 0.5384615659713745], [0.20135927200317383, 0.02185792289674282, 0.5226666927337646]]}, "gap_0": {"gap_0_p_future": [[0.3661319613456726, 0.3539208769798279, 0.40888887643814087], [0.5807375907897949, 0.6197655200958252, 0.4440816342830658], [0.3963817358016968, 0.3916272819042206, 0.4130293130874634], [0.536230206489563, 0.5596165657043457, 0.4543429911136627], [0.6466317176818848, 0.6953330039978027, 0.47610458731651306]], "gap_0_p_now": [[0.1598072648048401, 0.0998389720916748, 0.36978578567504883], [0.2163652777671814, 0.17116422951221466, 0.3746364116668701], [0.15608978271484375, 0.095238097012043, 0.3691615164279938], [0.1392631232738495, 0.07364975661039352, 0.36900779604911804], [0.14609350264072418, 0.08285946398973465, 0.3675070106983185]], "s_pred_p_now": [[0.39339351654052734, 0.027681661769747734, 0.7045215368270874], [0.4049048125743866, 0.054054055362939835, 0.7033898234367371], [0.4004269540309906, 0.04123711213469505, 0.7060063481330872], [0.3996244966983795, 0.04109589010477066, 0.7046413421630859], [0.3980162441730499, 0.040816325694322586, 0.7019027471542358]], "s_pred_p_future": [[0.3969205617904663, 0.03448275849223137, 0.7052631378173828], [0.4091555178165436, 0.06081081181764603, 0.7055084705352783], [0.4168025553226471, 0.07407407462596893, 0.7083775401115417], [0.40999042987823486, 0.06101695075631142, 0.7068783044815063], [0.39612892270088196, 0.034364260733127594, 0.7038988471031189]], "superset_p_future": [[0.3055623769760132, 0.28630492091178894, 0.3787674307823181], [0.5855837464332581, 0.6262947916984558, 0.43082523345947266], [0.4286659359931946, 0.4363636374473572, 0.3994038701057434], [0.5450760126113892, 0.5728813409805298, 0.439377099275589], [0.6518720984458923, 0.7029039263725281, 0.457880437374115]]}, "fast_shift": {}, "slow_shift": {}, "short_long": {}}, "bal_Accs": {"ekstedt_events": {"shift_hold_p_future_after": [0.5022137119372314, 0.5101345040164393, 0.5105127965626751, 0.524374182701289, 0.5089996263777321], "shift_hold_p_future_before": [0.5041939099570334, 0.5041939099570334, 0.5085325985428731, 0.5079207920792079, 0.502970297029703], "s_pred_p_future": [0.5, 0.5149459402162392, 0.5056179775280899, 0.5346088615645538, 0.5028089887640449], "shift_hold_p_now_after": [0.5041939099570334, 0.5070194283579301, 0.5102232393050625, 0.5309592751728003, 0.5008453203810946], "shift_hold_p_now_before": [0.502970297029703, 0.4998552213711937, 0.5041939099570334, 0.500990099009901, 0.500990099009901], "s_pred_p_now": [0.5, 0.49528301886792453, 0.5, 0.5028089887640449, 0.5], "backchannel": [0.542919065407967, 0.5308436332602169, 0.5704780763155334, 0.5504933484057885, 0.5672365002957096], "short_long": [0.47175809324897106, 0.4373886602371153, 0.5305454880520917, 0.4304727972643692, 0.4570202919917276]}, "roddy_events": {"overlaps_before_p_now": [0.4926595744680851, 0.4932978723404255, 0.5042553191489362, 0.49861702127659574, 0.485], "overlaps_before_p_future": [0.49, 0.5006382978723404, 0.4926595744680851, 0.5006382978723404, 0.4926595744680851], "overlaps_after_p_now": [0.5321276595744681, 0.49351063829787234, 0.5174468085106383, 0.5419148936170213, 0.5392553191489362], "overlaps_after_p_future": [0.5006382978723404, 0.5298936170212766, 0.4953191489361702, 0.5059574468085106, 0.530531914893617], "overlap_spred_before_p_future": [0.4927932960893855, 0.49837988826815643, 0.4927932960893855, 0.5095530726256983, 0.49558659217877093]}, "gap_0": {"gap_0_p_future": [0.5038363171355499, 0.5117201715209121, 0.5083113842551946, 0.5093776641091219, 0.5029838022165388], "gap_0_p_now": [0.5017050298380221, 0.5010637350332735, 0.5051138171037396, 0.5008525149190111, 0.5012787723785166],