{"f1_score": {"ekstedt_events": {"shift_hold_p_future_after": [[0.23191618919372559, 0.13479052484035492, 0.46327683329582214], [0.5531710386276245, 0.6153846383094788, 0.4049733579158783], [0.5154730677604675, 0.5335085391998291, 0.4725111424922943], [0.4345250129699707, 0.4114114046096802, 0.4895833432674408], [0.37643545866012573, 0.3380281627178192, 0.4679245352745056]], "shift_hold_p_future_before": [[0.298447847366333, 0.22641509771347046, 0.47003525495529175], [0.26189982891082764, 0.17468805611133575, 0.4696449041366577], [0.32059764862060547, 0.2542372941970825, 0.47867298126220703], [0.4216015934944153, 0.38948994874954224, 0.49809402227401733], [0.21648743748664856, 0.11152416467666626, 0.4665178656578064]], "s_pred_p_future": [[0.38286054134368896, 0.0, 0.7043189406394958], [0.4054834842681885, 0.04395604506134987, 0.7090300917625427], [0.38286054134368896, 0.0, 0.7043189406394958], [0.4272780120372772, 0.08602150529623032, 0.7138047218322754], [0.38286054134368896, 0.0, 0.7043189406394958]], "shift_hold_p_now_after": [[0.21173402667045593, 0.11531531810760498, 0.44141069054603577], [0.46263203024864197, 0.48969072103500366, 0.39817628264427185], [0.2712215781211853, 0.19795222580432892, 0.4457547068595886], [0.3142101764678955, 0.2617124319076538, 0.43926379084587097], [0.28286808729171753, 0.2211221158504486, 0.4299516975879669]], "shift_hold_p_now_before": [[0.13978804647922516, 0.007858546450734138, 0.454054057598114], [0.2013573944568634, 0.09328357875347137, 0.4587973356246948], [0.17108500003814697, 0.05000000074505806, 0.4595186114311218], [0.18275313079357147, 0.06500955671072006, 0.46322721242904663], [0.1598462164402008, 0.03488372266292572, 0.4575163424015045]], "s_pred_p_now": [[0.38286054134368896, 0.0, 0.7043189406394958], [0.38286054134368896, 0.0, 0.7043189406394958], [0.38286054134368896, 0.0, 0.7043189406394958], [0.38286054134368896, 0.0, 0.7043189406394958], [0.38286054134368896, 0.0, 0.7043189406394958]], "backchannel": [[0.4232291877269745, 0.3094339668750763, 0.5760617852210999], [0.5012195706367493, 0.537102460861206, 0.4530271291732788], [0.5125102400779724, 0.5353901982307434, 0.48178136348724365], [0.4746969938278198, 0.4538152515888214, 0.5027422308921814], [0.4976401925086975, 0.4768611788749695, 0.525547444820404]], "short_long": [[0.5692933201789856, 0.14022140204906464, 0.7799811363220215], [0.5091671943664551, 0.20151133835315704, 0.6602358222007751], [0.4779307544231415, 0.3067961037158966, 0.5619632005691528], [0.4578106701374054, 0.2658730149269104, 0.5520581007003784], [0.49470144510269165, 0.30364373326301575, 0.5885167717933655]]}, "roddy_events": {"overlaps_before_p_now": [[0.24715207517147064, 0.11483253538608551, 0.4959128201007843], [0.3113865256309509, 0.2133333384990692, 0.49572649598121643], [0.1990673989057541, 0.04040404036641121, 0.49735450744628906], [0.2442636787891388, 0.10679611563682556, 0.5027027130126953], [0.2999512255191803, 0.19730941951274872, 0.49291783571243286]], "overlaps_before_p_future": [[0.23279087245464325, 0.08080808073282242, 0.5185185074806213], [0.39460334181785583, 0.3305785059928894, 0.514970064163208], [0.3361106514930725, 0.2304147481918335, 0.5348189473152161], [0.2445826381444931, 0.09950248897075653, 0.5173333287239075], [0.47542211413383484, 0.449438214302063, 0.5242718458175659]], "overlaps_after_p_now": [[0.6210787892341614, 0.7108753323554993, 0.4522612988948822], [0.48261529207229614, 0.4751773178577423, 0.49659863114356995], [0.4277176856994629, 0.38759690523147583, 0.5031446814537048], [0.6361407041549683, 0.727748692035675, 0.4639175236225128], [0.6468709707260132, 0.7162534594535828, 0.5164319276809692]], "overlaps_after_p_future": [[0.45069074630737305, 0.4047619104385376, 0.5370370149612427], [0.5337124466896057, 0.5314685106277466, 0.5379310250282288], [0.5879226922988892, 0.6000000238418579, 0.5652173757553101], [0.44856852293014526, 0.4000000059604645, 0.5398772954940796], [0.4970223009586334, 0.4779411852359772, 0.5328947305679321]], "overlap_spred_before_p_future": [[0.20875760912895203, 0.032608695328235626, 0.5240641832351685], [0.244695246219635, 0.08465608209371567, 0.5311653017997742], [0.3825438618659973, 0.2830188572406769, 0.560693621635437], [0.2516801357269287, 0.09473684430122375, 0.532608687877655], [0.19388777017593384, 0.010989011265337467, 0.521276593208313]]}, "gap_0": {"gap_0_p_future": [[0.3027564287185669, 0.27933764457702637, 0.38475722074508667], [0.5084576606750488, 0.5405721068382263, 0.3960092067718506], [0.3666030764579773, 0.35942819714546204, 0.39172592759132385], [0.47042006254196167, 0.48695650696754456, 0.412517786026001], [0.5392749309539795, 0.5816555023193359, 0.39087948203086853]], "gap_0_p_now": [[0.11972904205322266, 0.049668874591588974, 0.3650442361831665], [0.1842859387397766, 0.13312451541423798, 0.3634272515773773], [0.13979074358940125, 0.07629869878292084, 0.36210763454437256], [0.12172989547252655, 0.05140961706638336, 0.3679558038711548], [0.13749435544013977, 0.07195421308279037, 0.36698269844055176]], "s_pred_p_now": [[0.39339351654052734, 0.027681661769747734, 0.7045215368270874], [0.402285635471344, 0.0476190485060215, 0.704016923904419], [0.39339351654052734, 0.027681661769747734, 0.7045215368270874], [0.3996244966983795, 0.04109589010477066, 0.7046413421630859], [0.40391287207603455, 0.04794520512223244, 0.7067510485649109]], "s_pred_p_future": [[0.3826863765716553, 0.00699300691485405, 0.7023060917854309], [0.4004269540309906, 0.04123711213469505, 0.7060063481330872], [0.43350017070770264, 0.10596026480197906, 0.7121534943580627], [0.4073786437511444, 0.05460750684142113, 0.7074973583221436], [0.39339351654052734, 0.027681661769747734, 0.7045215368270874]], "superset_p_future": [[0.23960933089256287, 0.2072315216064453, 0.3626897931098938], [0.5195826888084412, 0.5531914830207825, 0.39182281494140625], [0.422605037689209, 0.4312267601490021, 0.38983049988746643], [0.4865941107273102, 0.5076990723609924, 0.4063660502433777], [0.5627486109733582, 0.6082148551940918, 0.3899138867855072]]}, "fast_shift": {}, "slow_shift": {}, "short_long": {}}, "bal_Accs": {"ekstedt_events": {"shift_hold_p_future_after": [0.503960396039604, 0.498486829815057, 0.5085325985428731, 0.5210255931253502, 0.5134830935923781], "shift_hold_p_future_before": [0.505940594059406, 0.501980198019802, 0.5089108910891089, 0.504950495049505, 0.503960396039604], "s_pred_p_future": [0.5, 0.5112359550561798, 0.5, 0.5224719101123596, 0.5], "shift_hold_p_now_after": [0.5012236129273304, 0.4967401457126845, 0.5019241546796189, 0.49954231272183824, 0.5069306930693069], "shift_hold_p_now_before": [0.49863160844386323, 0.501980198019802, 0.5025920044834672, 0.500990099009901, 0.5], "s_pred_p_now": [0.5, 0.5, 0.5, 0.5, 0.5], "backchannel": [0.5208325535084632, 0.5042971469639235, 0.5430482044064473, 0.5034811382199031, 0.5206996713506067], "short_long": [0.49463009603374486, 0.45909863423224195, 0.5057589532526567, 0.42066977906095787, 0.4867416098449946]}, "roddy_events": {"overlaps_before_p_now": [0.49, 0.4903191489361702, 0.4806382978723404, 0.4926595744680851, 0.49], "overlaps_before_p_future": [0.49, 0.4926595744680851, 0.4926595744680851, 0.4926595744680851, 0.49], "overlaps_after_p_now": [0.5442553191489362, 0.4875531914893617, 0.4858510638297872, 0.5332978723404256, 0.527340425531915], "overlaps_after_p_future": [0.4979787234042553, 0.5086170212765957, 0.49, 0.49, 0.511595744680851], "overlap_spred_before_p_future": [0.4927932960893855, 0.4927932960893855, 0.4927932960893855, 0.4927932960893855, 0.4927932960893855]}, "gap_0": {"gap_0_p_future": [0.5017050298380221, 0.5044750671196447, 0.5098039215686274, 0.5051150895140665, 0.505541346973572], "gap_0_p_now": [0.5008525149190111, 0.5029838022165388, 0.5029825298062119, 0.5021312872975278, 0.5017050298380221], "s_pred_p_now": [0.5070175438596491, 0.5092956271275203, 0.5070175438596491, 0.5090337784760408, 0.512280701754386],