{"f1_score": {"ekstedt_events": {"shift_hold_p_future_after": [[0.20276029407978058, 0.10469313710927963, 0.4363636374473572], [0.47387853264808655, 0.49805447459220886, 0.4162895977497101], [0.4388524293899536, 0.4444444477558136, 0.42553192377090454], [0.33022964000701904, 0.2834394872188568, 0.44168734550476074], [0.31547701358795166, 0.2640901803970337, 0.4378843903541565]], "shift_hold_p_future_before": [[0.2204514443874359, 0.12834224104881287, 0.43986254930496216], [0.18698278069496155, 0.07806691527366638, 0.4464285671710968], [0.27275559306144714, 0.20068027079105377, 0.4444444477558136], [0.3036049008369446, 0.24212272465229034, 0.4500601589679718], [0.20473062992095947, 0.09981516003608704, 0.4546472430229187]], "s_pred_p_future": [[0.38286054134368896, 0.0, 0.7043189406394958], [0.3930494785308838, 0.0220994483679533, 0.7045075297355652], [0.38859713077545166, 0.011173184029757977, 0.7054908275604248], [0.42031505703926086, 0.08376963436603546, 0.7028862237930298], [0.3942791819572449, 0.02222222276031971, 0.7066666483879089]], "shift_hold_p_now_after": [[0.21707825362682343, 0.11700183153152466, 0.4554678797721863], [0.4135458469390869, 0.4068278670310974, 0.42954856157302856], [0.2789981961250305, 0.2013888955116272, 0.46386945247650146], [0.2712215781211853, 0.19795222580432892, 0.4457547068595886], [0.28213489055633545, 0.2068965584039688, 0.46135830879211426]], "shift_hold_p_now_before": [[0.13978804647922516, 0.007858546450734138, 0.454054057598114], [0.16156932711601257, 0.038535647094249725, 0.4546447992324829], [0.15539059042930603, 0.0308880303055048, 0.4519650638103485], [0.16492974758148193, 0.04238921031355858, 0.45683059096336365], [0.1455705761909485, 0.015655577182769775, 0.455037921667099]], "s_pred_p_now": [[0.38286054134368896, 0.0, 0.7043189406394958], [0.38286054134368896, 0.0, 0.7043189406394958], [0.38286054134368896, 0.0, 0.7043189406394958], [0.3816886246204376, 0.0, 0.70216304063797], [0.387395977973938, 0.011111111380159855, 0.70333331823349]], "backchannel": [[0.43575525283813477, 0.3706992268562317, 0.5231286883354187], [0.5246090888977051, 0.6123417615890503, 0.4067796468734741], [0.513737142086029, 0.5904298424720764, 0.4107351303100586], [0.4590478539466858, 0.5052264928817749, 0.3970276117324829], [0.4812394976615906, 0.5181255340576172, 0.4316996932029724]], "short_long": [[0.5789850950241089, 0.20779220759868622, 0.7612524628639221], [0.4891012907028198, 0.3396226465702057, 0.5625], [0.46689581871032715, 0.4285714328289032, 0.48571428656578064], [0.4245752990245819, 0.3880126178264618, 0.44252872467041016], [0.4574889540672302, 0.41280001401901245, 0.479432612657547]]}, "roddy_events": {"overlaps_before_p_now": [[0.2435798943042755, 0.11374407261610031, 0.48767122626304626], [0.29235363006591797, 0.1826484054327011, 0.49859943985939026], [0.24251796305179596, 0.10628019273281097, 0.49864497780799866], [0.2597599923610687, 0.13270142674446106, 0.4986301362514496], [0.29008838534355164, 0.1875, 0.4829545319080353]], "overlaps_before_p_future": [[0.234328955411911, 0.09661835432052612, 0.4932249188423157], [0.29868561029434204, 0.20779220759868622, 0.469565212726593], [0.3352998197078705, 0.26938775181770325, 0.4592145085334778], [0.2784818708896637, 0.171171173453331, 0.48022598028182983], [0.33481109142303467, 0.26446279883384705, 0.46706587076187134]], "overlaps_after_p_now": [[0.6051831841468811, 0.7034120559692383, 0.4205128252506256], [0.4172338843345642, 0.38167938590049744, 0.48407644033432007], [0.41152238845825195, 0.3636363744735718, 0.5015479922294617], [0.6070601344108582, 0.7083333134651184, 0.4166666567325592], [0.5318195223808289, 0.5740740895271301, 0.4523809552192688]], "overlaps_after_p_future": [[0.38239672780036926, 0.328000009059906, 0.48466256260871887], [0.44034871459007263, 0.41911765933036804, 0.4802631437778473], [0.48206424713134766, 0.5128205418586731, 0.42424243688583374], [0.3799501657485962, 0.32258063554763794, 0.4878048896789551], [0.39942193031311035, 0.3492063581943512, 0.4938271641731262]], "overlap_spred_before_p_future": [[0.20135927200317383, 0.02185792289674282, 0.5226666927337646], [0.2255759835243225, 0.06315789371728897, 0.5163043737411499], [0.3271496295928955, 0.22325581312179565, 0.5131195187568665], [0.24125748872756958, 0.08376963436603546, 0.5231607556343079], [0.20875760912895203, 0.032608695328235626, 0.5240641832351685]]}, "gap_0": {"gap_0_p_future": [[0.22838816046714783, 0.19161677360534668, 0.3571428656578064], [0.3787577748298645, 0.38846153020858765, 0.34478020668029785], [0.35055622458457947, 0.35036495327949524, 0.35122597217559814], [0.3429713845252991, 0.3389374613761902, 0.3570961356163025], [0.4077906608581543, 0.4231010675430298, 0.35418131947517395]], "gap_0_p_now": [[0.11052761226892471, 0.0397351011633873, 0.35840708017349243], [0.15809044241905212, 0.10047847032546997, 0.35981839895248413], [0.1442606896162033, 0.08360128849744797, 0.3566591441631317], [0.11382381618022919, 0.04308202117681503, 0.3615257143974304], [0.14356109499931335, 0.08097165822982788, 0.36271756887435913]], "s_pred_p_now": [[0.38551831245422363, 0.013888888992369175, 0.7016806602478027], [0.38399744033813477, 0.013793103396892548, 0.6989473700523376], [0.3898456394672394, 0.02083333395421505, 0.7037814855575562], [0.38675931096076965, 0.02054794505238533, 0.6983122229576111], [0.39901837706565857, 0.0469798669219017, 0.6985138058662415]], "s_pred_p_future": [[0.3826863765716553, 0.00699300691485405, 0.7023060917854309], [0.37760213017463684, 0.0, 0.6988457441329956], [0.38975250720977783, 0.03344481438398361, 0.6928799152374268], [0.3873409628868103, 0.03311258181929588, 0.6886993646621704], [0.3921527862548828, 0.03378378227353096, 0.6970338821411133]], "superset_p_future": [[0.16815216839313507, 0.1238839253783226, 0.3364327847957611], [0.3688378930091858, 0.3790546655654907, 0.33000001311302185], [0.35453763604164124, 0.3617619574069977, 0.3270750939846039], [0.32961800694465637, 0.3280116021633148, 0.33572453260421753], [0.3960275948047638, 0.41144412755966187, 0.33742332458496094]]}, "fast_shift": {}, "slow_shift": {}, "short_long": {}}, "bal_Accs": {"ekstedt_events": {"shift_hold_p_future_after": [0.48782925462357557, 0.4902764804782365, 0.5020689333084252, 0.49371380534279846, 0.5017793760508126], "shift_hold_p_future_before": [0.4962731178778255, 0.49863160844386323, 0.4961283392490192, 0.49353633476555203, 0.501980198019802], "s_pred_p_future": [0.5, 0.5032594869620521, 0.5028089887640449, 0.5106794572821709, 0.5056179775280899], "shift_hold_p_now_after": [0.4978750233513917, 0.49414814122921724, 0.5122034373248645, 0.5027134317205305, 0.4998552213711937], "shift_hold_p_now_before": [0.49764150943396224, 0.49528301886792453, 0.4978750233513917, 0.49528301886792453, 0.500990099009901], "s_pred_p_now": [0.5, 0.5, 0.5, 0.49528301886792453, 0.5004504981980071], "backchannel": [0.4880537068507303, 0.4665773299295537, 0.48808552370542835, 0.44594129228834306, 0.4766370707531985], "short_long": [0.5247609394516453, 0.516626737924115, 0.5221092614206442, 0.4842127894833835, 0.5201947294059831]}, "roddy_events": {"overlaps_before_p_now": [0.49, 0.4779787234042553, 0.48925531914893616, 0.4779787234042553, 0.4953191489361702], "overlaps_before_p_future": [0.49, 0.4776595744680851, 0.4832978723404255, 0.4979787234042553, 0.4926595744680851], "overlaps_after_p_now": [0.5167021276595745, 0.4998936170212766, 0.5085106382978724, 0.502127659574468, 0.5263829787234042], "overlaps_after_p_future": [0.48, 0.48861702127659573, 0.4882978723404255, 0.4979787234042553, 0.515531914893617], "overlap_spred_before_p_future": [0.4927932960893855, 0.4927932960893855, 0.49558659217877093, 0.5011731843575419, 0.49837988826815643]}, "gap_0": {"gap_0_p_future": [0.4974411828326399, 0.4997849626547569, 0.49594482828822634, 0.49722614548739674, 0.5031962947411281], "gap_0_p_now": [0.4989337201460727, 0.49871995521115653, 0.49722614548739674, 0.4978674402921454, 0.49680116043821815],