{"f1_score": {"ekstedt_events": {"shift_hold_p_future_after": [[0.20273840427398682, 0.09647495299577713, 0.45586591958999634], [0.5155475735664368, 0.5472887754440308, 0.4399375915527344], [0.4687812328338623, 0.4754098355770111, 0.45299145579338074], [0.35816437005996704, 0.3142857253551483, 0.46268656849861145], [0.3327255845069885, 0.27967479825019836, 0.4590964615345001]], "shift_hold_p_future_before": [[0.22778832912445068, 0.13333334028720856, 0.45278725028038025], [0.22883369028568268, 0.12867647409439087, 0.4674157202243805], [0.256253182888031, 0.16785714030265808, 0.46681922674179077], [0.3481186628341675, 0.2977346181869507, 0.468137264251709], [0.21713918447494507, 0.11173184216022491, 0.46822741627693176]], "s_pred_p_future": [[0.38286054134368896, 0.0, 0.7043189406394958], [0.3849828839302063, 0.010989011265337467, 0.6989966630935669], [0.3816886246204376, 0.0, 0.70216304063797], [0.4029105007648468, 0.043478261679410934, 0.7046979665756226], [0.3816886246204376, 0.0, 0.70216304063797]], "shift_hold_p_now_after": [[0.17625631392002106, 0.06367041170597076, 0.4444444477558136], [0.43317514657974243, 0.4303797483444214, 0.43983402848243713], [0.2522733211517334, 0.17073170840740204, 0.4465116262435913], [0.2720012068748474, 0.1982906013727188, 0.44758540391921997], [0.2533743679523468, 0.17777778208255768, 0.4334511160850525]], "shift_hold_p_now_before": [[0.1437041014432907, 0.011811023578047752, 0.457883358001709], [0.17272555828094482, 0.0535372830927372, 0.4566410481929779], [0.15183888375759125, 0.0234375, 0.45770063996315], [0.18040168285369873, 0.06451612710952759, 0.45644983649253845], [0.15754996240139008, 0.031128404662013054, 0.458695650100708]], "s_pred_p_now": [[0.38286054134368896, 0.0, 0.7043189406394958], [0.38286054134368896, 0.0, 0.7043189406394958], [0.38286054134368896, 0.0, 0.7043189406394958], [0.38286054134368896, 0.0, 0.7043189406394958], [0.38286054134368896, 0.0, 0.7043189406394958]], "backchannel": [[0.40376609563827515, 0.29068323969841003, 0.5556420087814331], [0.5123322010040283, 0.5547826290130615, 0.4553191363811493], [0.5174429416656494, 0.5469169020652771, 0.47785788774490356], [0.4525478482246399, 0.43830206990242004, 0.47168058156967163], [0.47686606645584106, 0.4569138288497925, 0.5036630034446716]], "short_long": [[0.570933997631073, 0.15162454545497894, 0.7768281102180481], [0.5061235427856445, 0.23474177718162537, 0.6393805146217346], [0.49943646788597107, 0.35647279024124146, 0.5696361064910889], [0.4384070038795471, 0.3037974536418915, 0.5045045018196106], [0.5031546354293823, 0.3461538553237915, 0.5802469253540039]]}, "roddy_events": {"overlaps_before_p_now": [[0.2524781823158264, 0.11650485545396805, 0.5081080794334412], [0.33922815322875977, 0.25217390060424805, 0.5028901696205139], [0.2494753897190094, 0.10837438702583313, 0.51474529504776], [0.26785004138946533, 0.14218010008335114, 0.5041095614433289], [0.34032168984413147, 0.24778760969638824, 0.5142857432365417]], "overlaps_before_p_future": [[0.2090374231338501, 0.05076142027974129, 0.5065963268280029], [0.36307352781295776, 0.28326180577278137, 0.5131195187568665], [0.33922815322875977, 0.25217390060424805, 0.5028901696205139], [0.27594009041786194, 0.1516587734222412, 0.5095890164375305], [0.4282684922218323, 0.3843137323856354, 0.5109034180641174]], "overlaps_after_p_now": [[0.6170346140861511, 0.71688312292099, 0.4293193817138672], [0.4467954933643341, 0.4092664122581482, 0.5173501372337341], [0.41449040174484253, 0.35772356390953064, 0.521212100982666], [0.6059145927429199, 0.7098445892333984, 0.410526305437088], [0.564966082572937, 0.6321839094161987, 0.4385964870452881]], "overlaps_after_p_future": [[0.3916468620300293, 0.3206751048564911, 0.525073766708374], [0.4747910797595978, 0.442748099565506, 0.5350318551063538], [0.49807581305503845, 0.5017182230949402, 0.4912280738353729], [0.3836032748222351, 0.3076923191547394, 0.5263158082962036], [0.4095679819583893, 0.3510203957557678, 0.5196374654769897]], "overlap_spred_before_p_future": [[0.20135927200317383, 0.02185792289674282, 0.5226666927337646], [0.2217322587966919, 0.05347593501210213, 0.5229110717773438], [0.30154338479042053, 0.1764705926179886, 0.5254237055778503], [0.22333988547325134, 0.05376344174146652, 0.5268816947937012], [0.19388777017593384, 0.010989011265337467, 0.521276593208313]]}, "gap_0": {"gap_0_p_future": [[0.24954873323440552, 0.21476510167121887, 0.3713432848453522], [0.463530957698822, 0.4840686321258545, 0.3916184902191162], [0.35870257019996643, 0.35254237055778503, 0.3802725374698639], [0.4029490351676941, 0.40882542729377747, 0.3823728859424591], [0.49073562026023865, 0.5198342204093933, 0.3888470232486725]], "gap_0_p_now": [[0.12385812401771545, 0.05454545468091965, 0.36655592918395996], [0.1674385368824005, 0.11128775775432587, 0.3640500605106354], [0.14029468595981598, 0.07642276585102081, 0.3639417588710785], [0.12291285395622253, 0.05436573177576065, 0.3629300892353058], [0.13572727143764496, 0.07026144117116928, 0.3649553656578064]], "s_pred_p_now": [[0.3862766921520233, 0.013937282375991344, 0.7030430436134338], [0.3847585916519165, 0.013840830884873867, 0.7003154754638672], [0.37760213017463684, 0.0, 0.6988457441329956], [0.3811909854412079, 0.0069444444961845875, 0.6995798349380493], [0.4073786437511444, 0.05460750684142113, 0.7074973583221436]], "s_pred_p_future": [[0.3826863765716553, 0.00699300691485405, 0.7023060917854309], [0.3862766921520233, 0.013937282375991344, 0.7030430436134338], [0.39983680844306946, 0.047138046473264694, 0.6998939514160156], [0.3945420980453491, 0.03412969410419464, 0.7011615633964539], [0.39612892270088196, 0.034364260733127594, 0.7038988471031189]], "superset_p_future": [[0.19881290197372437, 0.1589404046535492, 0.3503836393356323], [0.4614953398704529, 0.4827890694141388, 0.38054966926574707], [0.38419508934020996, 0.3894389569759369, 0.3642611801624298], [0.39718395471572876, 0.404305100440979, 0.3701138198375702], [0.49199557304382324, 0.5232853293418884, 0.3730512261390686]]}, "fast_shift": {}, "slow_shift": {}, "short_long": {}}, "bal_Accs": {"ekstedt_events": {"shift_hold_p_future_after": [0.504950495049505, 0.5008453203810946, 0.5065524005230712, 0.5139501214272371, 0.5089996263777321], "shift_hold_p_future_before": [0.504950495049505, 0.5025920044834672, 0.5041939099570334, 0.5012236129273304, 0.5055623015131702], "s_pred_p_future": [0.5, 0.4957335170659317, 0.49764150943396224, 0.5065189739241043, 0.49764150943396224], "shift_hold_p_now_after": [0.502970297029703, 0.5025920044834672, 0.5036708387819914, 0.5007332337007285, 0.501980198019802], "shift_hold_p_now_before": [0.500990099009901, 0.501980198019802, 0.5016019054735662, 0.502970297029703, 0.500990099009901], "s_pred_p_now": [0.5, 0.5, 0.5, 0.5, 0.5], "backchannel": [0.49788698653211255, 0.4876457024787202, 0.5067227142397269, 0.4707079063012345, 0.49861315945110307], "short_long": [0.5334019288654094, 0.4932223519053177, 0.5455290046481152, 0.4334930483035403, 0.5299158424964678]}, "roddy_events": {"overlaps_before_p_now": [0.4926595744680851, 0.49861702127659574, 0.5092553191489362, 0.5036170212765957, 0.4926595744680851], "overlaps_before_p_future": [0.49, 0.4979787234042553, 0.4979787234042553, 0.4979787234042553, 0.4953191489361702], "overlaps_after_p_now": [0.5140425531914894, 0.5069148936170212, 0.5141489361702127, 0.5047872340425532, 0.5313829787234042], "overlaps_after_p_future": [0.4876595744680851, 0.5012765957446809, 0.4953191489361702, 0.4953191489361702, 0.5222340425531915], "overlap_spred_before_p_future": [0.4927932960893855, 0.4927932960893855, 0.4927932960893855, 0.4927932960893855, 0.4927932960893855]}, "gap_0": {"gap_0_p_future": [0.5025575447570333, 0.5029812573958851, 0.5049000521688234, 0.5049000521688234, 0.5036225522006337], "gap_0_p_now": [0.5004262574595055, 0.5017050298380221, 0.5017037574276954, 0.5017050298380221, 0.5004262574595055],