{"f1_score": {"ekstedt_events": {"shift_hold_p_future_after": [[0.645998477935791, 0.7457627058029175, 0.40835267305374146], [0.6079053282737732, 0.690095841884613, 0.4121212065219879], [0.6144381761550903, 0.7141404151916504, 0.37694013118743896], [0.607136070728302, 0.7106842994689941, 0.35733333230018616], [0.6363890767097473, 0.752417802810669, 0.36000001430511475]], "shift_hold_p_future_before": [[0.6216233968734741, 0.7046413421630859, 0.4238682985305786], [0.610084593296051, 0.7051546573638916, 0.3836206793785095], [0.6237866878509521, 0.7298105955123901, 0.37122970819473267], [0.6098807454109192, 0.7137724757194519, 0.3592493236064911], [0.6231152415275574, 0.7279999852180481, 0.3732718825340271]], "s_pred_p_future": [[0.5652374029159546, 0.5101449489593506, 0.611494243144989], [0.5315524339675903, 0.5013623833656311, 0.5569007396697998], [0.5439772009849548, 0.46666666865348816, 0.6088888645172119], [0.5426180362701416, 0.5487805008888245, 0.5375000238418579], [0.5393123030662537, 0.521276593208313, 0.5544554591178894]], "shift_hold_p_now_after": [[0.6510285139083862, 0.7658349275588989, 0.37755101919174194], [0.614558219909668, 0.7295968532562256, 0.34052756428718567], [0.6020187139511108, 0.6871685981750488, 0.39918532967567444], [0.6276063919067383, 0.7583892345428467, 0.31210190057754517], [0.6087601184844971, 0.6967471241950989, 0.3991684019565582]], "shift_hold_p_now_before": [[0.6141716837882996, 0.6917293071746826, 0.429423451423645], [0.5893441438674927, 0.6688311696052551, 0.4000000059604645], [0.576871395111084, 0.6434195637702942, 0.41834861040115356], [0.5745731592178345, 0.6598725914955139, 0.368794322013855], [0.6214976906776428, 0.7189409136772156, 0.389380544424057]], "s_pred_p_now": [[0.534523069858551, 0.32478633522987366, 0.7106227278709412], [0.5239124298095703, 0.42405062913894653, 0.607758641242981], [0.5284562110900879, 0.38297873735427856, 0.650602400302887], [0.5526164770126343, 0.3909091055393219, 0.6869158744812012], [0.5581413507461548, 0.48955222964286804, 0.615730345249176]], "backchannel": [[0.5349031686782837, 0.48859935998916626, 0.597091555595398], [0.6216276288032532, 0.6914557218551636, 0.527845025062561], [0.5907118320465088, 0.6513911485671997, 0.5092166066169739], [0.5542386174201965, 0.7124682068824768, 0.33136093616485596], [0.5029622316360474, 0.7198443412780762, 0.21167883276939392]], "short_long": [[0.6060150265693665, 0.4018264710903168, 0.7062780261039734], [0.45314300060272217, 0.5245901346206665, 0.41806021332740784], [0.4782596826553345, 0.5093525052070618, 0.4629921317100525], [0.5333598852157593, 0.48163264989852905, 0.5605536103248596], [0.41542869806289673, 0.49180328845977783, 0.37792640924453735]]}, "roddy_events": {"overlaps_before_p_now": [[0.591843843460083, 0.7182044982910156, 0.35428571701049805], [0.6205210089683533, 0.7027027010917664, 0.4660194218158722], [0.5810276865959167, 0.6515581011772156, 0.44843047857284546], [0.5863855481147766, 0.6896551847457886, 0.40789473056793213], [0.6510189771652222, 0.756892204284668, 0.451977401971817]], "overlaps_before_p_future": [[0.5901165008544922, 0.7299270033836365, 0.3272727131843567], [0.6321914792060852, 0.7392405271530151, 0.4309392273426056], [0.6062042713165283, 0.7018469572067261, 0.4263959527015686], [0.6131669878959656, 0.7205387353897095, 0.4275861978530884], [0.6078555583953857, 0.6760563254356384, 0.479638010263443]], "overlaps_after_p_now": [[0.6067526936531067, 0.738386332988739, 0.359281450510025], [0.608546257019043, 0.7371007204055786, 0.3668639063835144], [0.6250495314598083, 0.7341772317886353, 0.41988950967788696], [0.601112961769104, 0.7313916087150574, 0.37593984603881836], [0.6451775431632996, 0.750629723072052, 0.44692736864089966]], "overlaps_after_p_future": [[0.5879301428794861, 0.704081654548645, 0.3695652186870575], [0.6334846615791321, 0.7379134893417358, 0.437158465385437], [0.6071733832359314, 0.7002652287483215, 0.43216079473495483], [0.6114169359207153, 0.7224080562591553, 0.4195804297924042], [0.6409168243408203, 0.7487437129020691, 0.43820226192474365]], "overlap_spred_before_p_future": [[0.5566097497940063, 0.5882353186607361, 0.5], [0.5534996390342712, 0.5889967679977417, 0.48995983600616455], [0.581093430519104, 0.6098360419273376, 0.529644250869751], [0.606448233127594, 0.6617646813392639, 0.5053763389587402], [0.5572222471237183, 0.57337886095047, 0.5283018946647644]]}, "gap_0": {"gap_0_p_future": [[0.6553573608398438, 0.7347517609596252, 0.37735849618911743], [0.6781865954399109, 0.782722532749176, 0.31215471029281616], [0.6732258200645447, 0.7684729099273682, 0.3397190272808075], [0.6791673898696899, 0.7790998220443726, 0.31897926330566406], [0.6709115505218506, 0.7664724588394165, 0.33630573749542236]], "gap_0_p_now": [[0.6476258039474487, 0.7238734364509583, 0.38064515590667725], [0.624678909778595, 0.7021791934967041, 0.35331231355667114], [0.6051263809204102, 0.6743487119674683, 0.36274510622024536], [0.6372979283332825, 0.721020519733429, 0.3355350196361542], [0.6526503562927246, 0.7383612394332886, 0.35253456234931946]], "s_pred_p_now": [[0.6257511377334595, 0.5469061732292175, 0.6928281188011169], [0.6071991920471191, 0.5518518686294556, 0.654285728931427], [0.554762065410614, 0.44490644335746765, 0.6482213735580444], [0.6172839403152466, 0.5817409753799438, 0.6475849747657776], [0.6044647693634033, 0.5346153974533081, 0.6638888716697693]], "s_pred_p_future": [[0.603219747543335, 0.5430711507797241, 0.6543909311294556], [0.6018473505973816, 0.5704348087310791, 0.6285714507102966], [0.5476755499839783, 0.5, 0.5882353186607361], [0.5805160999298096, 0.5813953280448914, 0.5797665119171143], [0.6036982536315918, 0.5773195624351501, 0.6261398196220398]], "superset_p_future": [[0.6686508655548096, 0.7496653199195862, 0.36068376898765564], [0.6921599507331848, 0.7913398146629333, 0.3151390254497528], [0.68132084608078, 0.7731958627700806, 0.3320683240890503], [0.7018308043479919, 0.8022263646125793, 0.3140283226966858], [0.6862354874610901, 0.7783125042915344, 0.33621516823768616]]}, "fast_shift": {}, "slow_shift": {}, "short_long": {}}, "bal_Accs": {"ekstedt_events": {"shift_hold_p_future_after": [0.5701802727442555, 0.5613581169437698, 0.5417896506631795, 0.5303655777398484, 0.5387866616850365], "shift_hold_p_future_before": [0.552059592751728, 0.5462404259293854, 0.5460956473005791, 0.5438746212572275, 0.5412338875396974], "s_pred_p_future": [0.5608702565189739, 0.5296533813864746, 0.5394053423786305, 0.5490603020869365, 0.539431842272631], "shift_hold_p_now_after": [0.5442602279095834, 0.5396880254063142, 0.5623155240052307, 0.5259000516016354, 0.5307210909770222], "shift_hold_p_now_before": [0.5173173921165701, 0.5233467214645993, 0.5496684102372502, 0.5249474060254833, 0.5379646926956847], "s_pred_p_now": [0.5642887428450286, 0.520749417002332, 0.5337608649565402, 0.5657212037357315, 0.5534502861988553], "backchannel": [0.5696732970496418, 0.5963676381412968, 0.5705454531843057, 0.5903129527673139, 0.5376954864984241], "short_long": [0.5401539816123021, 0.5681399348854352, 0.5526240350553883, 0.5189906832298137, 0.5032813235866249]}, "roddy_events": {"overlaps_before_p_now": [0.5479787234042552, 0.5759574468085107, 0.5973404255319149, 0.5491622574955908, 0.5946808510638297], "overlaps_before_p_future": [0.574468085106383, 0.585531914893617, 0.6003191489361701, 0.5784391534391534, 0.576063829787234], "overlaps_after_p_now": [0.551595744680851, 0.575, 0.5879787234042553, 0.5578924162257496, 0.605], "overlaps_after_p_future": [0.5361702127659574, 0.5778723404255319, 0.5906382978723405, 0.569973544973545, 0.5771276595744681], "overlap_spred_before_p_future": [0.5817039106145252, 0.5606703910614526, 0.5947765363128492, 0.5941775108441776, 0.5846368715083798]}, "gap_0": {"gap_0_p_future": [0.5755926251097454, 0.5551068188469418, 0.553396699367612, 0.5678247820904954, 0.5734473412986221],