{"f1_score": {"ekstedt_events": {"shift_hold_p_future_after": [[0.6780545115470886, 0.805123507976532, 0.37536656856536865], [0.6966943144798279, 0.7945998311042786, 0.4634760618209839], [0.6750316023826599, 0.8032937049865723, 0.3695014715194702], [0.6923170685768127, 0.8048552870750427, 0.42424243688583374], [0.6598697900772095, 0.8181818127632141, 0.2827586233615875]], "shift_hold_p_future_before": [[0.6841697692871094, 0.791627049446106, 0.4281984269618988], [0.6720085144042969, 0.8014638423919678, 0.3636363744735718], [0.659058690071106, 0.8157894611358643, 0.2857142984867096], [0.679401695728302, 0.8076572418212891, 0.37388724088668823], [0.6656947135925293, 0.8179419636726379, 0.3030303120613098]], "s_pred_p_future": [[0.6942958831787109, 0.7002518773078918, 0.6892950534820557], [0.6511474847793579, 0.6839622855186462, 0.6235954761505127], [0.6647329330444336, 0.6506666541099548, 0.6765432357788086], [0.6233717799186707, 0.6742596626281738, 0.5806451439857483], [0.6264007687568665, 0.6666666865348816, 0.5925925970077515]], "shift_hold_p_now_after": [[0.6659607291221619, 0.813829779624939, 0.3137255012989044], [0.68021160364151, 0.8133453726768494, 0.36307692527770996], [0.6866644620895386, 0.799249529838562, 0.41847825050354004], [0.6653649806976318, 0.8319039344787598, 0.26865673065185547], [0.6714901328086853, 0.7985280752182007, 0.36887606978416443]], "shift_hold_p_now_before": [[0.6635421514511108, 0.7892293334007263, 0.3641456663608551], [0.6632170677185059, 0.7877094745635986, 0.36666667461395264], [0.6887653470039368, 0.7903845906257629, 0.4467005133628845], [0.6733938455581665, 0.7992633581161499, 0.3735632300376892], [0.636742353439331, 0.8110918402671814, 0.22142857313156128]], "s_pred_p_now": [[0.585483193397522, 0.4307692348957062, 0.7153846025466919], [0.7022640109062195, 0.6704545617103577, 0.7289719581604004], [0.6781212687492371, 0.601307213306427, 0.7426160573959351], [0.6381924748420715, 0.5360824465751648, 0.7239263653755188], [0.667627215385437, 0.6952381134033203, 0.644444465637207]], "backchannel": [[0.45680153369903564, 0.33725491166114807, 0.6173585057258606], [0.5909572243690491, 0.5297549366950989, 0.673154890537262], [0.6037734746932983, 0.5540540814399719, 0.6705490946769714], [0.6837179064750671, 0.6693630218505859, 0.7029972672462463], [0.6779367327690125, 0.6548117399215698, 0.7089946866035461]], "short_long": [[0.6536341309547424, 0.35555556416511536, 0.800000011920929], [0.7588832378387451, 0.6142506003379822, 0.8299024701118469], [0.709280252456665, 0.5333333611488342, 0.7956756949424744], [0.6753061413764954, 0.3949044644832611, 0.8129921555519104], [0.610406219959259, 0.2430555522441864, 0.7907869219779968]]}, "roddy_events": {"overlaps_before_p_now": [[0.5801758170127869, 0.784140944480896, 0.19672131538391113], [0.6069328784942627, 0.7800453305244446, 0.28148147463798523], [0.5842335224151611, 0.7546296119689941, 0.2638888955116272], [0.5793240666389465, 0.7674943804740906, 0.2255639135837555], [0.5651829242706299, 0.7904967665672302, 0.14159291982650757]], "overlaps_before_p_future": [[0.5817072987556458, 0.7804877758026123, 0.20800000429153442], [0.6095172762870789, 0.7964601516723633, 0.25806450843811035], [0.6063336133956909, 0.7837837934494019, 0.27272728085517883], [0.5925396680831909, 0.7876105904579163, 0.22580644488334656], [0.6654630899429321, 0.7914692163467407, 0.4285714328289032]], "overlaps_after_p_now": [[0.5457143187522888, 0.7599999904632568, 0.1428571492433548], [0.5719516277313232, 0.7860261797904968, 0.16949152946472168], [0.572344183921814, 0.7695749402046204, 0.20155039429664612], [0.5523381233215332, 0.774617075920105, 0.13445378839969635], [0.576411783695221, 0.791304349899292, 0.17241379618644714]], "overlaps_after_p_future": [[0.6152843236923218, 0.7652581930160522, 0.3333333432674408], [0.6155087947845459, 0.7982261776924133, 0.2720000147819519], [0.620614767074585, 0.7710280418395996, 0.3378378450870514], [0.5956609845161438, 0.7765237092971802, 0.25563910603523254], [0.6473404765129089, 0.8063063025474548, 0.3484848439693451]], "overlap_spred_before_p_future": [[0.6723552346229553, 0.7567567825317383, 0.521276593208313], [0.71196448802948, 0.7870619893074036, 0.5775400996208191], [0.6515341997146606, 0.739130437374115, 0.49473685026168823], [0.6973804831504822, 0.7762803435325623, 0.5561497211456299], [0.6663240194320679, 0.7076923251152039, 0.5922746658325195]]}, "gap_0": {"gap_0_p_future": [[0.7510337829589844, 0.844013512134552, 0.425465852022171], [0.7507343888282776, 0.8759295344352722, 0.3123644292354584], [0.7467116117477417, 0.8686708807945251, 0.3196721374988556], [0.7456240057945251, 0.8688783645629883, 0.3140496015548706], [0.7503576278686523, 0.8679395318031311, 0.33864542841911316]], "gap_0_p_now": [[0.7403846979141235, 0.8454545736312866, 0.3724832236766815], [0.7396271228790283, 0.8410513401031494, 0.38449111580848694], [0.7436841130256653, 0.8371501564979553, 0.4164133667945862], [0.7481778860092163, 0.861625075340271, 0.350943386554718], [0.7338639497756958, 0.8656716346740723, 0.27234041690826416]], "s_pred_p_now": [[0.7712690830230713, 0.7568492889404297, 0.7835366129875183], [0.7534199953079224, 0.7348353266716003, 0.7692307829856873], [0.7809845805168152, 0.7423076629638672, 0.8138889074325562], [0.7837494611740112, 0.7852563858032227, 0.7824675440788269], [0.7920984029769897, 0.789559543132782, 0.7942583560943604]], "s_pred_p_future": [[0.7197939157485962, 0.7050847411155701, 0.7323076725006104], [0.69235759973526, 0.6735042929649353, 0.7083969712257385], [0.7114592790603638, 0.7089430689811707, 0.7135999798774719], [0.7249482870101929, 0.7435508370399475, 0.7091221809387207], [0.7101691961288452, 0.7207488417625427, 0.7011685967445374]], "superset_p_future": [[0.7515918016433716, 0.8488476276397705, 0.38188493251800537], [0.7617261409759521, 0.8832772374153137, 0.2996633052825928], [0.7558495998382568, 0.8748936057090759, 0.3033175468444824], [0.7528925538063049, 0.8805594444274902, 0.2675814628601074], [0.7598822712898254, 0.8772327899932861, 0.31378763914108276]]}, "fast_shift": {}, "slow_shift": {}, "short_long": {}}, "bal_Accs": {"ekstedt_events": {"shift_hold_p_future_after": [0.6237343545675322, 0.6249019241546796, 0.6066131141416029, 0.6131655146646741, 0.6138006725200822], "shift_hold_p_future_before": [0.6241033065570708, 0.6280403512049317, 0.6277507939473193, 0.61764898187932, 0.6077479917803101], "s_pred_p_future": [0.7017701929192284, 0.6690958236167055, 0.665809836760653, 0.6492209031163876, 0.6469684121263515], "shift_hold_p_now_after": [0.6124649729123856, 0.6202643377545303, 0.6049224733794134, 0.609228470016813, 0.6213758640014945], "shift_hold_p_now_before": [0.5826405753782926, 0.5826966187184757, 0.5855454885111153, 0.5797029702970298, 0.5963571828881001], "s_pred_p_now": [0.5959826160695357, 0.6993852024591901, 0.6735213059147764, 0.6494064023743905, 0.6836972652109392], "backchannel": [0.5484084086332228, 0.6066014358759367, 0.6054803596427529, 0.635530443115207, 0.6738791109247849], "short_long": [0.6495280217867601, 0.7219219034748244, 0.6656786862419887, 0.6935110674283842, 0.6957532198947519]}, "roddy_events": {"overlaps_before_p_now": [0.5285106382978724, 0.5517021276595745, 0.5617021276595745, 0.5308510638297872, 0.5403191489361702], "overlaps_before_p_future": [0.5996808510638297, 0.5790425531914893, 0.5907446808510639, 0.5838297872340426, 0.6109574468085106], "overlaps_after_p_now": [0.49978723404255315, 0.5511702127659575, 0.5158510638297872, 0.5107446808510638, 0.5330851063829787], "overlaps_after_p_future": [0.5512765957446808, 0.5953191489361702, 0.6204255319148937, 0.5736170212765958, 0.6118085106382979], "overlap_spred_before_p_future": [0.6588826815642458, 0.644608938547486, 0.6148882681564245, 0.6622346368715084, 0.6662290502793295]}, "gap_0": {"gap_0_p_future": [0.6429374864806403, 0.6508009823007723, 0.6552645977274751, 0.6508124339937142, 0.661251288315456],