{"f1_score": {"ekstedt_events": {"shift_hold_p_future_after": [[0.6864879131317139, 0.75527423620224, 0.5226337313652039], [0.6406051516532898, 0.6723716259002686, 0.5649350881576538], [0.7129235863685608, 0.7878172397613525, 0.5345211625099182], [0.5717616081237793, 0.5914396643638611, 0.5248869061470032], [0.694160521030426, 0.7626050710678101, 0.5311203598976135]], "shift_hold_p_future_before": [[0.621794581413269, 0.6626936793327332, 0.5243697762489319], [0.659818708896637, 0.703832745552063, 0.554973840713501], [0.6926850080490112, 0.7915058135986328, 0.45728641748428345], [0.6043736934661865, 0.6295828223228455, 0.5443235039710999], [0.6597232818603516, 0.7118644118309021, 0.5355191230773926]], "s_pred_p_future": [[0.6350566744804382, 0.5074626803398132, 0.7421875], [0.6716551184654236, 0.5693950057029724, 0.757515013217926], [0.663884162902832, 0.5433962345123291, 0.7650485634803772], [0.6228182315826416, 0.4887218177318573, 0.7354085445404053], [0.6307119131088257, 0.4841269850730896, 0.7537878751754761]], "shift_hold_p_now_after": [[0.6890504360198975, 0.7859922051429749, 0.45812806487083435], [0.6872632503509521, 0.7614107728004456, 0.5106382966041565], [0.7085021734237671, 0.7711864113807678, 0.559183657169342], [0.687653124332428, 0.7911877632141113, 0.44102564454078674], [0.663922131061554, 0.7250821590423584, 0.5182341933250427]], "shift_hold_p_now_before": [[0.6028537750244141, 0.6718232035636902, 0.4385633170604706], [0.6211214065551758, 0.6772727370262146, 0.48736461997032166], [0.6223101019859314, 0.6809470057487488, 0.4826325476169586], [0.577286958694458, 0.620192289352417, 0.47508305311203003], [0.6437520980834961, 0.728215754032135, 0.44255319237709045]], "s_pred_p_now": [[0.49398329854011536, 0.223300963640213, 0.7212543487548828], [0.6225295066833496, 0.48275861144065857, 0.7398843765258789], [0.6596060991287231, 0.5163934230804443, 0.7798507213592529], [0.4922778904438019, 0.2222222238779068, 0.7190226912498474], [0.6671006679534912, 0.565371036529541, 0.7525150775909424]], "backchannel": [[0.39870238304138184, 0.24827586114406586, 0.6007326245307922], [0.4928485155105591, 0.3893129825592041, 0.6319018602371216], [0.49707475304603577, 0.39440202713012695, 0.6349693536758423], [0.5570464134216309, 0.4869976341724396, 0.651125431060791], [0.4857064485549927, 0.3822784721851349, 0.6246153712272644]], "short_long": [[0.6051300764083862, 0.2389078438282013, 0.7849566340446472], [0.7068899869918823, 0.4872521162033081, 0.8147389888763428], [0.6941707134246826, 0.4579710066318512, 0.8101522922515869], [0.6175547242164612, 0.2569444477558136, 0.7946256995201111], [0.5865293741226196, 0.18115942180156708, 0.785578727722168]]}, "roddy_events": {"overlaps_before_p_now": [[0.556489884853363, 0.7220902442932129, 0.2451612949371338], [0.5340398550033569, 0.6527414917945862, 0.3108808398246765], [0.5665619969367981, 0.7061728239059448, 0.3040935695171356], [0.5091274976730347, 0.6182795763015747, 0.30392158031463623], [0.5383411645889282, 0.7183098793029785, 0.20000000298023224]], "overlaps_before_p_future": [[0.5929337739944458, 0.7227723002433777, 0.3488371968269348], [0.6076282262802124, 0.7427184581756592, 0.353658527135849], [0.6336870193481445, 0.7493796348571777, 0.4161849617958069], [0.5283221006393433, 0.5947521924972534, 0.4034334719181061], [0.5486565232276917, 0.5686274766921997, 0.5111111402511597]], "overlaps_after_p_now": [[0.5184817910194397, 0.6512820720672607, 0.2688172161579132], [0.5284683108329773, 0.6878048777580261, 0.22891566157341003], [0.5584385991096497, 0.6965174078941345, 0.29885056614875793], [0.5298755764961243, 0.6510416865348816, 0.3020833432674408], [0.5538874864578247, 0.6769230961799622, 0.32258063554763794]], "overlaps_after_p_future": [[0.5521817207336426, 0.6140350699424744, 0.43589743971824646], [0.5918401479721069, 0.6994818449020386, 0.38947367668151855], [0.637406051158905, 0.7169811129570007, 0.4878048896789551], [0.5661789178848267, 0.6167664527893066, 0.4710743725299835], [0.6157958507537842, 0.676217794418335, 0.5022026300430298]], "overlap_spred_before_p_future": [[0.521263837814331, 0.5163636207580566, 0.5300353169441223], [0.5734767317771912, 0.5734767317771912, 0.5734767317771912], [0.6497713923454285, 0.6644067764282227, 0.6235741376876831], [0.4870184659957886, 0.4523809552192688, 0.5490196347236633], [0.3374480605125427, 0.23364485800266266, 0.5232558250427246]]}, "gap_0": {"gap_0_p_future": [[0.6526681184768677, 0.7093495726585388, 0.4541984796524048], [0.758342981338501, 0.8385416865348816, 0.47752809524536133], [0.771742582321167, 0.8556919097900391, 0.4777947962284088], [0.6761550307273865, 0.7387033104896545, 0.4571428596973419], [0.6908341646194458, 0.7535245418548584, 0.47132429480552673]], "gap_0_p_now": [[0.6579818725585938, 0.7321513891220093, 0.39827772974967957], [0.6826940774917603, 0.7506006956100464, 0.44491979479789734], [0.6958367824554443, 0.7620871067047119, 0.4638619124889374], [0.6668496131896973, 0.7402101159095764, 0.40997830033302307], [0.6902085542678833, 0.7725400328636169, 0.40192538499832153]], "s_pred_p_now": [[0.6546646356582642, 0.5221675038337708, 0.7673860788345337], [0.7050637602806091, 0.6086956262588501, 0.7870485782623291], [0.7281166315078735, 0.6338028311729431, 0.8083537817001343], [0.6912655830383301, 0.5903890132904053, 0.7770859003067017], [0.6851619482040405, 0.5707433819770813, 0.7825030088424683]], "s_pred_p_future": [[0.5876280069351196, 0.41645243763923645, 0.7332549691200256], [0.6499844789505005, 0.5227817893028259, 0.7582017183303833], [0.7200585603713989, 0.646934449672699, 0.7822685837745667], [0.6318964958190918, 0.50352942943573, 0.7411043047904968], [0.6382339000701904, 0.4987654387950897, 0.7568862438201904]], "superset_p_future": [[0.6520563960075378, 0.7139784693717957, 0.4166666567325592], [0.7528921365737915, 0.8354588150978088, 0.4390243887901306], [0.7698509693145752, 0.8559321761131287, 0.44262295961380005], [0.6926046013832092, 0.7653405070304871, 0.4161073863506317], [0.6898630857467651, 0.7580534815788269, 0.4306451678276062]]}, "fast_shift": {}, "slow_shift": {}, "short_long": {}}, "bal_Accs": {"ekstedt_events": {"shift_hold_p_future_after": [0.6420932187558379, 0.6826545862133384, 0.6550532411731739, 0.631748552213712, 0.6011115262469643], "shift_hold_p_future_before": [0.5888520455819166, 0.6376004109844946, 0.6424388193536335, 0.6002101625256865, 0.6154959835606202], "s_pred_p_future": [0.639124443502226, 0.6704738181047276, 0.6668698325206699, 0.6283389866440534, 0.640687937248251], "shift_hold_p_now_after": [0.6448300018681113, 0.6415934989725388, 0.6459975714552587, 0.6245843452269755, 0.640692135251261], "shift_hold_p_now_before": [0.571586026527181, 0.5840790211096581, 0.6014898187932001, 0.5696058285073791, 0.5806416962450962], "s_pred_p_now": [0.552814288742845, 0.6297964808140768, 0.6698908204367182, 0.6078810684757261, 0.6657568369726521], "backchannel": [0.5244877486393615, 0.5595705098931703, 0.5656999333717632, 0.5495538154023523, 0.5539894592631965], "short_long": [0.7461453406228884, 0.7383285214079489, 0.7021008661465692, 0.7834019288654094, 0.7264471609640232]}, "roddy_events": {"overlaps_before_p_now": [0.43553191489361703, 0.4774468085106383, 0.47808510638297874, 0.45595744680851064, 0.4735106382978723], "overlaps_before_p_future": [0.514468085106383, 0.531595744680851, 0.5908510638297872, 0.5224468085106383, 0.500531914893617], "overlaps_after_p_now": [0.4627659574468085, 0.47085106382978725, 0.48840425531914894, 0.47744680851063825, 0.49882978723404253], "overlaps_after_p_future": [0.5180851063829788, 0.5385106382978724, 0.5775531914893617, 0.5136170212765958, 0.5854255319148935], "overlap_spred_before_p_future": [0.5712849162011173, 0.5914245810055866, 0.6837430167597764, 0.5792178770949721, 0.5198324022346369]}, "gap_0": {"gap_0_p_future": [0.6054802712778817, 0.668563830464048, 0.6745047142802612, 0.5826774058098255, 0.6033566184423154],