{"f1_score": {"ekstedt_events": {"shift_hold_p_future_after": [[0.6653669476509094, 0.7733847498893738, 0.4080604612827301], [0.624629020690918, 0.7204081416130066, 0.39647576212882996], [0.61100172996521, 0.7327502369880676, 0.32098764181137085], [0.6365132927894592, 0.7385229468345642, 0.39351850748062134], [0.6422633528709412, 0.7731092572212219, 0.3305785059928894]], "shift_hold_p_future_before": [[0.6454263925552368, 0.7383367419242859, 0.4241071343421936], [0.6415408849716187, 0.7546072006225586, 0.37220844626426697], [0.6206223964691162, 0.7535410523414612, 0.30399999022483826], [0.6527771353721619, 0.7580803036689758, 0.4019370377063751], [0.6478815674781799, 0.7716981172561646, 0.3529411852359772]], "s_pred_p_future": [[0.5930402278900146, 0.5782493352890015, 0.6054590344429016], [0.5722031593322754, 0.56623375415802, 0.5772151947021484], [0.5825731754302979, 0.5509641766548157, 0.6091127395629883], [0.6006407141685486, 0.6172839403152466, 0.5866666436195374], [0.620206356048584, 0.6423357725143433, 0.6016260385513306]], "shift_hold_p_now_after": [[0.664939284324646, 0.7918593883514404, 0.3626062273979187], [0.6424047350883484, 0.7658767700195312, 0.3482849597930908], [0.6232986450195312, 0.7303482294082642, 0.36829838156700134], [0.6533977389335632, 0.7967479825019836, 0.31192660331726074], [0.6385242938995361, 0.7438179850578308, 0.38770684599876404]], "shift_hold_p_now_before": [[0.6441206336021423, 0.7427427172660828, 0.4091953933238983], [0.626349151134491, 0.7294589281082153, 0.3807339370250702], [0.6180937886238098, 0.704402506351471, 0.4124999940395355], [0.6551176905632019, 0.7423312664031982, 0.44736841320991516], [0.6398827433586121, 0.7655954360961914, 0.3404255211353302]], "s_pred_p_now": [[0.5248832702636719, 0.3306451737880707, 0.6879699230194092], [0.5792267322540283, 0.5030674934387207, 0.6431717872619629], [0.6026926636695862, 0.5113268494606018, 0.6794055104255676], [0.60094153881073, 0.46494466066360474, 0.71512770652771], [0.6441830396652222, 0.6332454085350037, 0.6533665657043457]], "backchannel": [[0.48003846406936646, 0.3762626349925995, 0.6194145083427429], [0.6755324602127075, 0.6816479563713074, 0.6673189997673035], [0.6611053943634033, 0.6787003874778748, 0.637474536895752], [0.6514126658439636, 0.7166535258293152, 0.563791036605835], [0.576948344707489, 0.7229917049407959, 0.38080495595932007]], "short_long": [[0.6314646005630493, 0.3382789194583893, 0.7754279971122742], [0.6235105395317078, 0.5409252643585205, 0.6640625], [0.6004131436347961, 0.5349233150482178, 0.6325706839561462], [0.6290774345397949, 0.4262295067310333, 0.7286821603775024], [0.5353277325630188, 0.4479166567325592, 0.5782493352890015]]}, "roddy_events": {"overlaps_before_p_now": [[0.5857922434806824, 0.7653758525848389, 0.24817518889904022], [0.6083900928497314, 0.7469879388809204, 0.3478260934352875], [0.5746576189994812, 0.7156862616539001, 0.3095238208770752], [0.5819911360740662, 0.720588207244873, 0.3214285671710968], [0.5777493715286255, 0.7608200311660767, 0.23357664048671722]], "overlaps_before_p_future": [[0.5943097472190857, 0.7660550475120544, 0.27142858505249023], [0.5988284349441528, 0.7755101919174194, 0.2666666805744171], [0.5785530805587769, 0.7277108430862427, 0.2981366515159607], [0.5514163970947266, 0.7203791737556458, 0.23376622796058655], [0.584701418876648, 0.7237163782119751, 0.32335329055786133]], "overlaps_after_p_now": [[0.5685442686080933, 0.7453703880310059, 0.2361111044883728], [0.5640401840209961, 0.7651006579399109, 0.1860465109348297], [0.5660786032676697, 0.7424594163894653, 0.2344827651977539], [0.5788803696632385, 0.7528868317604065, 0.251748263835907], [0.5788803696632385, 0.7528868317604065, 0.251748263835907]], "overlaps_after_p_future": [[0.574225664138794, 0.7345971465110779, 0.27272728085517883], [0.6018780469894409, 0.7744874954223633, 0.277372270822525], [0.5579390525817871, 0.707317054271698, 0.27710843086242676], [0.5514163970947266, 0.7203791737556458, 0.23376622796058655], [0.5993183255195618, 0.7476190328598022, 0.3205128312110901]], "overlap_spred_before_p_future": [[0.5762640237808228, 0.6470588445663452, 0.44954127073287964], [0.5610495805740356, 0.6395348906517029, 0.420560747385025], [0.5590232014656067, 0.645714282989502, 0.4038461446762085], [0.5922728776931763, 0.6797752976417542, 0.4356435537338257], [0.5978817939758301, 0.6627218723297119, 0.48181816935539246]]}, "gap_0": {"gap_0_p_future": [[0.6808102130889893, 0.7705510258674622, 0.36658355593681335], [0.6996420621871948, 0.8210003972053528, 0.2747068703174591], [0.6900786757469177, 0.8040626049041748, 0.2909647822380066], [0.6959228515625, 0.8034188151359558, 0.3195266127586365], [0.7036347389221191, 0.8117048144340515, 0.3252279758453369]], "gap_0_p_now": [[0.6843959093093872, 0.7767337560653687, 0.3610755503177643], [0.6710126996040344, 0.7652877569198608, 0.34090909361839294], [0.6737808585166931, 0.7569316029548645, 0.3826290965080261], [0.6982365846633911, 0.7897071838378906, 0.3779527544975281], [0.6987855434417725, 0.8034334778785706, 0.33236151933670044]], "s_pred_p_now": [[0.6559023857116699, 0.5914396643638611, 0.71074378490448], [0.6430515050888062, 0.6060606241226196, 0.6745213270187378], [0.629974365234375, 0.5692599415779114, 0.6816269159317017], [0.6938685774803162, 0.6724137663841248, 0.7121211886405945], [0.6615241169929504, 0.6354166865348816, 0.6837349534034729]], "s_pred_p_future": [[0.6097625494003296, 0.561020016670227, 0.6512300968170166], [0.6183013916015625, 0.5962521433830261, 0.63705974817276], [0.5909799337387085, 0.5752508640289307, 0.604361355304718], [0.6336089968681335, 0.6367999911308289, 0.6308943033218384], [0.6233924627304077, 0.6319115161895752, 0.6161449551582336]], "superset_p_future": [[0.6916059255599976, 0.7829705476760864, 0.344294011592865], [0.7122294306755066, 0.8305234909057617, 0.2625482678413391], [0.69687420129776, 0.8081483840942383, 0.2738780081272125], [0.7031459808349609, 0.8200836777687073, 0.2586206793785095], [0.7118651270866394, 0.8211161494255066, 0.2965599000453949]]}, "fast_shift": {}, "slow_shift": {}, "short_long": {}}, "bal_Accs": {"ekstedt_events": {"shift_hold_p_future_after": [0.5988044087427611, 0.5617691014384457, 0.5463058098262656, 0.5838968802540632, 0.5748085185877079], "shift_hold_p_future_before": [0.5596908275733234, 0.5735849056603773, 0.5649962637773212, 0.5911171305809826, 0.5764991593498973], "s_pred_p_future": [0.5939156243375027, 0.5750476998092008, 0.5804271782912869, 0.6105575577697689, 0.6325789696841213], "shift_hold_p_now_after": [0.5890481972725574, 0.5665094339622642, 0.5552727442555576, 0.5814169624509621, 0.5735288623201943], "shift_hold_p_now_before": [0.5650756585092471, 0.5618158042219317, 0.5653652157668597, 0.5905286755090604, 0.5733186997945078], "s_pred_p_now": [0.5467723129107483, 0.5746767012931948, 0.5992686029255883, 0.6299554801780793, 0.6460409158363367], "backchannel": [0.5620016919080381, 0.6729657800369824, 0.6272936209077911, 0.625764540302597, 0.5994332856704373], "short_long": [0.5885240698650613, 0.5993406638409403, 0.6079816532547044, 0.5711755431332801, 0.5210137805352499]}, "roddy_events": {"overlaps_before_p_now": [0.49765957446808506, 0.5527659574468085, 0.5208510638297872, 0.5296808510638298, 0.5471276595744681], "overlaps_before_p_future": [0.4977659574468085, 0.5640425531914893, 0.5235106382978724, 0.5661702127659575, 0.5655319148936171], "overlaps_after_p_now": [0.5131914893617021, 0.5435106382978724, 0.5125531914893617, 0.5235106382978724, 0.5481914893617021], "overlaps_after_p_future": [0.5396808510638298, 0.5596808510638298, 0.5218085106382979, 0.5417021276595745, 0.5412765957446808], "overlap_spred_before_p_future": [0.5274301675977653, 0.5581564245810056, 0.5256424581005587, 0.5579888268156424, 0.5778491620111732]}, "gap_0": {"gap_0_p_future": [0.5819763077197134, 0.566609408201957, 0.5781107251466453, 0.5973139417999516, 0.5932536804468704],