{"f1_score": {"ekstedt_events": {"shift_hold_p_future_after": [[0.6979552507400513, 0.797698974609375, 0.46035805344581604], [0.7133134603500366, 0.7768421173095703, 0.5619834661483765], [0.7274341583251953, 0.8201712369918823, 0.5065274238586426], [0.6981090307235718, 0.7660021185874939, 0.5363825559616089], [0.6968467831611633, 0.8093023300170898, 0.4289693534374237]], "shift_hold_p_future_before": [[0.668124794960022, 0.753564178943634, 0.4646017551422119], [0.7253994941711426, 0.8157389760017395, 0.5102040767669678], [0.7056540250778198, 0.8318426012992859, 0.40506330132484436], [0.6935818195343018, 0.7817460298538208, 0.48356807231903076], [0.6918590068817139, 0.8033707737922668, 0.4262295067310333]], "s_pred_p_future": [[0.642010509967804, 0.5792682766914368, 0.6946902871131897], [0.7208617925643921, 0.6997244954109192, 0.7386091351509094], [0.7353990077972412, 0.6890243887901306, 0.7743362784385681], [0.7184398174285889, 0.7010869383811951, 0.7330096960067749], [0.6897629499435425, 0.6407185792922974, 0.7309417128562927]], "shift_hold_p_now_after": [[0.6670454144477844, 0.8134990930557251, 0.3181818127632141], [0.7112032175064087, 0.8221198320388794, 0.4469914138317108], [0.7258766889572144, 0.8090107440948486, 0.527845025062561], [0.6762222051620483, 0.8269230723381042, 0.317241370677948], [0.6947041749954224, 0.7898832559585571, 0.467980295419693]], "shift_hold_p_now_before": [[0.64240962266922, 0.7695202231407166, 0.3396226465702057], [0.6824546456336975, 0.7849566340446472, 0.4382871389389038], [0.6737633347511292, 0.7657029032707214, 0.45475637912750244], [0.6633686423301697, 0.7642436027526855, 0.42307692766189575], [0.6803632974624634, 0.814748227596283, 0.3602484464645386]], "s_pred_p_now": [[0.6057736277580261, 0.42105263471603394, 0.760869562625885], [0.71187424659729, 0.6605504751205444, 0.7549669146537781], [0.692630410194397, 0.6013985872268677, 0.7692307829856873], [0.584966242313385, 0.4066390097141266, 0.7346938848495483], [0.7106852531433105, 0.7034120559692383, 0.7167919874191284]], "backchannel": [[0.4639648199081421, 0.34680575132369995, 0.6213151812553406], [0.5393670797348022, 0.45588234066963196, 0.6514913439750671], [0.551993727684021, 0.47527140378952026, 0.655035674571991], [0.6050877571105957, 0.5542986392974854, 0.6733001470565796], [0.5600812435150146, 0.48745518922805786, 0.6576216816902161]], "short_long": [[0.6259171962738037, 0.2904290556907654, 0.7906523942947388], [0.7518774271011353, 0.5730027556419373, 0.8397104740142822], [0.7371767163276672, 0.5469613075256348, 0.8305785059928894], [0.6502225995063782, 0.3333333432674408, 0.8058252334594727], [0.6110333800315857, 0.23943662643432617, 0.7934990525245667]]}, "roddy_events": {"overlaps_before_p_now": [[0.5415448546409607, 0.7675438523292542, 0.11666666716337204], [0.5870158672332764, 0.7452830076217651, 0.28947368264198303], [0.5631375908851624, 0.7436489462852478, 0.2237762212753296], [0.5552661418914795, 0.7390300035476685, 0.2097902148962021], [0.5370830297470093, 0.783725917339325, 0.07339449226856232]], "overlaps_before_p_future": [[0.5625396966934204, 0.7688888907432556, 0.1746031790971756], [0.586396336555481, 0.7858719825744629, 0.21138212084770203], [0.5670735239982605, 0.7743362784385681, 0.17741934955120087], [0.5882575511932373, 0.7681818008422852, 0.25], [0.6582145094871521, 0.761904776096344, 0.46327683329582214]], "overlaps_after_p_now": [[0.5096791982650757, 0.725623607635498, 0.10370370000600815], [0.5221447944641113, 0.7358916401863098, 0.12030075490474701], [0.5375350713729858, 0.7380409836769104, 0.16058394312858582], [0.5352503061294556, 0.7351598143577576, 0.15942029654979706], [0.5303133130073547, 0.740406334400177, 0.13533835113048553]], "overlaps_after_p_future": [[0.5773509740829468, 0.718826413154602, 0.31137725710868835], [0.5913628339767456, 0.78125, 0.234375], [0.5870158672332764, 0.7452830076217651, 0.28947368264198303], [0.5860123634338379, 0.7325301170349121, 0.3105590045452118], [0.6259530782699585, 0.7767441868782043, 0.34246575832366943]], "overlap_spred_before_p_future": [[0.595883846282959, 0.6302250623703003, 0.5344129800796509], [0.6922313570976257, 0.7463557124137878, 0.5953488349914551], [0.6651175618171692, 0.7329545617103577, 0.5436893105506897], [0.6732329726219177, 0.7155963182449341, 0.5974025726318359], [0.4990103244781494, 0.46640315651893616, 0.5573770403862]]}, "gap_0": {"gap_0_p_future": [[0.739333987236023, 0.8187860250473022, 0.46113306283950806], [0.7675777673721313, 0.8798419237136841, 0.374485582113266], [0.7693902254104614, 0.8744484782218933, 0.4015296399593353], [0.7387102246284485, 0.8434134125709534, 0.3720930218696594], [0.763649582862854, 0.8596201539039612, 0.4276094138622284]], "gap_0_p_now": [[0.7254928946495056, 0.8308207988739014, 0.35668790340423584], [0.7474429607391357, 0.8390657901763916, 0.4266263246536255], [0.7460272312164307, 0.8294168710708618, 0.4540390074253082], [0.731016218662262, 0.8375571370124817, 0.357963889837265], [0.7466191053390503, 0.8596774339675903, 0.3507462739944458]], "s_pred_p_now": [[0.7776537537574768, 0.7316103577613831, 0.8168249726295471], [0.8351162075996399, 0.8068833947181702, 0.8591352701187134], [0.7907800674438477, 0.7418032884597778, 0.832446813583374], [0.8265650868415833, 0.8036697506904602, 0.8460431694984436], [0.8030394315719604, 0.7721280455589294, 0.8293371200561523]], "s_pred_p_future": [[0.6893077492713928, 0.6160164475440979, 0.7516600489616394], [0.7999189496040344, 0.76171875, 0.8324176073074341], [0.7978700399398804, 0.7747747898101807, 0.8175182342529297], [0.7781637907028198, 0.750455379486084, 0.80173659324646], [0.7242286205291748, 0.6705882549285889, 0.7698630094528198]], "superset_p_future": [[0.7405413389205933, 0.8268991112709045, 0.4122621417045593], [0.7724165916442871, 0.8845500946044922, 0.3461538553237915], [0.7698929309844971, 0.8792463541030884, 0.35419848561286926], [0.7522570490837097, 0.8657833933830261, 0.3206997215747833], [0.7766718864440918, 0.872769832611084, 0.41136670112609863]]}, "fast_shift": {}, "slow_shift": {}, "short_long": {}}, "bal_Accs": {"ekstedt_events": {"shift_hold_p_future_after": [0.6288529796375864, 0.6861012516345975, 0.6514804782365029, 0.6666448720343732, 0.6532738651223613], "shift_hold_p_future_before": [0.5923547543433588, 0.6591584158415842, 0.6379646926956847, 0.6531617784419952, 0.6419484401270316], "s_pred_p_future": [0.6371369514521942, 0.7199491202035191, 0.7301515793936824, 0.7184916260334959, 0.6849957600169599], "shift_hold_p_now_after": [0.6194190173734355, 0.6630627685410051, 0.6640855594993462, 0.667513543807211, 0.6319680552960957], "shift_hold_p_now_before": [0.5796048944517094, 0.6305903231832617, 0.5999532972165141, 0.6100644498412106, 0.5837988044087428], "s_pred_p_now": [0.6301144795420819, 0.7066726733093067, 0.689686241255035, 0.6747668009327963, 0.7136686453254186], "backchannel": [0.5562072811936186, 0.5874027714352021, 0.5918384152960465, 0.5932458432215126, 0.5971331142337378], "short_long": [0.7742541515654116, 0.7335575485799701, 0.695497266416856, 0.7705377070663636, 0.7520271515449353]}, "roddy_events": {"overlaps_before_p_now": [0.495, 0.5291489361702127, 0.5011702127659574, 0.4779787234042553, 0.5451063829787234], "overlaps_before_p_future": [0.5017021276595744, 0.5711702127659575, 0.5942553191489361, 0.5704255319148936, 0.5340425531914894], "overlaps_after_p_now": [0.460531914893617, 0.4829787234042553, 0.4772340425531915, 0.48319148936170214, 0.4772340425531915], "overlaps_after_p_future": [0.5587234042553192, 0.5902127659574468, 0.6126595744680852, 0.6018085106382979, 0.6082978723404255], "overlap_spred_before_p_future": [0.5709776536312849, 0.6597765363128492, 0.6403351955307263, 0.6718156424581005, 0.589804469273743]}, "gap_0": {"gap_0_p_future": [0.619305009479457, 0.6843010013869273, 0.6861968927739818, 0.6504307108956496, 0.6489394459925437],