{"f1_score": {"ekstedt_events": {"shift_hold_p_future_after": [[0.6624319553375244, 0.7811321020126343, 0.3796791434288025], [0.6613844037055969, 0.7702702879905701, 0.402010053396225], [0.6541028618812561, 0.7855822443962097, 0.34090909361839294], [0.6516456007957458, 0.7653846144676208, 0.3807106614112854], [0.6472333073616028, 0.7974910140037537, 0.28930819034576416]], "shift_hold_p_future_before": [[0.6409947276115417, 0.7529183030128479, 0.37438422441482544], [0.6400502324104309, 0.7759259343147278, 0.3163841664791107], [0.6493141651153564, 0.7953110933303833, 0.30153846740722656], [0.6438608169555664, 0.777365505695343, 0.3258427083492279], [0.6471825242042542, 0.7989276051521301, 0.2857142984867096]], "s_pred_p_future": [[0.6388062238693237, 0.633766233921051, 0.6430379748344421], [0.5828880071640015, 0.6244131326675415, 0.5480226278305054], [0.6299532055854797, 0.6381909251213074, 0.6230366230010986], [0.5819671154022217, 0.6441441178321838, 0.5297619104385376], [0.6174242496490479, 0.6712018251419067, 0.5722714066505432]], "shift_hold_p_now_after": [[0.645974338054657, 0.7876025438308716, 0.3086053431034088], [0.6482949256896973, 0.7956795692443848, 0.297213613986969], [0.6548641920089722, 0.7709923386573792, 0.37823835015296936], [0.6379508972167969, 0.806986927986145, 0.23529411852359772], [0.6765069365501404, 0.7977736592292786, 0.38764044642448425]], "shift_hold_p_now_before": [[0.6367263793945312, 0.7562379837036133, 0.3520408272743225], [0.6366137266159058, 0.7620853185653687, 0.33773088455200195], [0.6513249278068542, 0.7524752616882324, 0.4103773534297943], [0.6468910574913025, 0.7648183703422546, 0.3659793734550476], [0.6574451923370361, 0.8095659613609314, 0.2950819730758667]], "s_pred_p_now": [[0.5669798851013184, 0.38866397738456726, 0.7166979312896729], [0.673937201499939, 0.6381766200065613, 0.7039626836776733], [0.6593950986862183, 0.5859872698783875, 0.721030056476593], [0.6234538555145264, 0.5138888955116272, 0.7154471278190613], [0.6496526002883911, 0.6883720755577087, 0.6171428561210632]], "backchannel": [[0.49624529480934143, 0.3949367105960846, 0.6323077082633972], [0.6518094539642334, 0.6201716661453247, 0.6943005323410034], [0.6482067704200745, 0.6243496537208557, 0.6802480220794678], [0.6798456907272339, 0.6824644804000854, 0.6763284802436829], [0.6881395578384399, 0.6958139538764954, 0.6778324842453003]], "short_long": [[0.630343496799469, 0.2943143844604492, 0.795344352722168], [0.7337136268615723, 0.5887850522994995, 0.8048780560493469], [0.6798842549324036, 0.5148063898086548, 0.7609427571296692], [0.6586319804191589, 0.37804877758026123, 0.796407163143158], [0.6375978589057922, 0.3343653380870819, 0.7864945530891418]]}, "roddy_events": {"overlaps_before_p_now": [[0.5437567830085754, 0.7637969255447388, 0.13008129596710205], [0.5742669701576233, 0.7388235330581665, 0.26490065455436707], [0.5917582511901855, 0.7428571581840515, 0.3076923191547394], [0.5813717246055603, 0.7557603716850281, 0.2535211145877838], [0.5562176704406738, 0.7861770987510681, 0.12389380484819412]], "overlaps_before_p_future": [[0.545197606086731, 0.7533632516860962, 0.1538461595773697], [0.572344183921814, 0.7695749402046204, 0.20155039429664612], [0.5640374422073364, 0.7545454502105713, 0.20588235557079315], [0.5874925255775452, 0.772009015083313, 0.24060150980949402], [0.612989068031311, 0.7703016400337219, 0.317241370677948]], "overlaps_after_p_now": [[0.5746837854385376, 0.7723214030265808, 0.203125], [0.5709523558616638, 0.7733333110809326, 0.190476194024086], [0.5770240426063538, 0.7750557065010071, 0.20472441613674164], [0.5654014348983765, 0.7843137383460999, 0.1538461595773697], [0.563215970993042, 0.7816593647003174, 0.1525423675775528]], "overlaps_after_p_future": [[0.5922133326530457, 0.7552447319030762, 0.2857142984867096], [0.5755622386932373, 0.778761088848114, 0.19354838132858276], [0.6022645235061646, 0.7706422209739685, 0.2857142984867096], [0.5746837854385376, 0.7723214030265808, 0.203125], [0.5755622386932373, 0.778761088848114, 0.19354838132858276]], "overlap_spred_before_p_future": [[0.600774347782135, 0.692520797252655, 0.43654823303222656], [0.6202259063720703, 0.7204301357269287, 0.44086021184921265], [0.6734139919281006, 0.7751938104629517, 0.4912280738353729], [0.5965945720672607, 0.7249357104301453, 0.3668639063835144], [0.6742244362831116, 0.7540983557701111, 0.53125]]}, "gap_0": {"gap_0_p_future": [[0.7084446549415588, 0.8058925271034241, 0.3672316372394562], [0.7108554244041443, 0.8489893078804016, 0.22718052566051483], [0.725114107131958, 0.8433048725128174, 0.3112701177597046], [0.7282934784889221, 0.843609631061554, 0.3245149850845337], [0.7246977090835571, 0.8440292477607727, 0.30685919523239136]], "gap_0_p_now": [[0.7062946557998657, 0.80958491563797, 0.34462445974349976], [0.6996945142745972, 0.8053059577941895, 0.3298968970775604], [0.7037383913993835, 0.7985989451408386, 0.3715847134590149], [0.725385844707489, 0.8356107473373413, 0.33943426609039307], [0.7339264154434204, 0.8511326909065247, 0.3235294222831726]], "s_pred_p_now": [[0.7140129208564758, 0.683363139629364, 0.7400881052017212], [0.7036716938018799, 0.6870748400688171, 0.7177914381027222], [0.7251604795455933, 0.6942446231842041, 0.7514619827270508], [0.7141216993331909, 0.7186009287834167, 0.7103109359741211], [0.7177571058273315, 0.7314814925193787, 0.7060810923576355]], "s_pred_p_future": [[0.6776420474052429, 0.6527777910232544, 0.6987951993942261], [0.627265214920044, 0.6292135119438171, 0.6256077885627747], [0.6475884914398193, 0.6756756901741028, 0.6236934065818787], [0.6577578186988831, 0.6967930197715759, 0.6245487332344055], [0.6575091481208801, 0.6912850737571716, 0.6287744045257568]], "superset_p_future": [[0.7203661799430847, 0.8214830756187439, 0.3359818458557129], [0.7255333065986633, 0.8581176996231079, 0.22152885794639587], [0.7336418628692627, 0.8520023226737976, 0.283707857131958], [0.7395943999290466, 0.8620492219924927, 0.27409639954566956], [0.7353225350379944, 0.8553277254104614, 0.27913668751716614]]}, "fast_shift": {}, "slow_shift": {}, "short_long": {}}, "bal_Accs": {"ekstedt_events": {"shift_hold_p_future_after": [0.5859658135624883, 0.583728750233514, 0.5745843452269755, 0.5768541005043901, 0.6029422753596114], "shift_hold_p_future_before": [0.6083504576872781, 0.5661638333644685, 0.5811040538016066, 0.5782224920605268, 0.5971791518774519], "s_pred_p_future": [0.6422249311002757, 0.602369090523638, 0.6374019503921984, 0.6115910536357855, 0.6445039219843121], "shift_hold_p_now_after": [0.6007846067625631, 0.5649402204371381, 0.5819493741827013, 0.5944657201569215, 0.5958107603213152], "shift_hold_p_now_before": [0.6130674388193535, 0.5660984494675882, 0.60185410050439, 0.5734401270315711, 0.5969129460115823], "s_pred_p_now": [0.5853031587873648, 0.6707388170447318, 0.6546533813864746, 0.6264839940640238, 0.6704473182107271], "backchannel": [0.5745712210934517, 0.6505068237795428, 0.618214587840721, 0.664362128210695, 0.7017544187996436], "short_long": [0.6462876507565984, 0.7348680303867969, 0.6331674754796568, 0.6103876159469255, 0.5884984745172717]}, "roddy_events": {"overlaps_before_p_now": [0.5069148936170212, 0.5151063829787235, 0.546063829787234, 0.5358510638297872, 0.546595744680851], "overlaps_before_p_future": [0.5227659574468085, 0.5227659574468084, 0.5607446808510639, 0.526063829787234, 0.5957446808510638], "overlaps_after_p_now": [0.5251063829787235, 0.5391489361702128, 0.5347872340425531, 0.5237234042553192, 0.5260638297872341], "overlaps_after_p_future": [0.5182978723404255, 0.5157446808510638, 0.6057446808510638, 0.5395744680851065, 0.544468085106383], "overlap_spred_before_p_future": [0.5753631284916201, 0.5812290502793296, 0.6289944134078213, 0.5488547486033519, 0.6404748603351955]}, "gap_0": {"gap_0_p_future": [0.6271634156582815, 0.5862083444669237, 0.584703083050222, 0.6103039788270921, 0.6207364710971994],