{"f1_score": {"ekstedt_events": {"shift_hold_p_future_after": [[0.7075099945068359, 0.7916666865348816, 0.5070422291755676], [0.6960570216178894, 0.7513691186904907, 0.5642994046211243], [0.721335768699646, 0.8085519671440125, 0.5135802626609802], [0.6425266265869141, 0.6933638453483582, 0.5214285850524902], [0.7327035665512085, 0.8140900135040283, 0.5388349294662476]], "shift_hold_p_future_before": [[0.6761135458946228, 0.7457627058029175, 0.5102040767669678], [0.7104194760322571, 0.788306474685669, 0.5248869061470032], [0.7141958475112915, 0.8239631056785583, 0.45272207260131836], [0.6688888072967529, 0.7312296032905579, 0.5203883647918701], [0.6974765062332153, 0.7798994779586792, 0.5011389255523682]], "s_pred_p_future": [[0.6739078164100647, 0.5913621187210083, 0.743215024471283], [0.6914849281311035, 0.6382978558540344, 0.7361419200897217], [0.6927729249000549, 0.6158940196037292, 0.7573221921920776], [0.6845923662185669, 0.6347305178642273, 0.726457417011261], [0.6921526193618774, 0.6213592290878296, 0.7515923380851746]], "shift_hold_p_now_after": [[0.7101448774337769, 0.8272727131843567, 0.43113771080970764], [0.7147924304008484, 0.8132701516151428, 0.480211079120636], [0.7117940187454224, 0.7919999957084656, 0.52073734998703], [0.7135856747627258, 0.8273972868919373, 0.44247788190841675], [0.6991878747940063, 0.7776649594306946, 0.5122494697570801]], "shift_hold_p_now_before": [[0.6704776287078857, 0.7756286263465881, 0.41999998688697815], [0.6765398383140564, 0.7676969170570374, 0.45939674973487854], [0.6739799976348877, 0.746582567691803, 0.501035213470459], [0.6569732427597046, 0.7356321811676025, 0.46960169076919556], [0.6724353432655334, 0.7948004007339478, 0.380952388048172]], "s_pred_p_now": [[0.5890620946884155, 0.41004183888435364, 0.7393715381622314], [0.6998064517974854, 0.6220735907554626, 0.765072762966156], [0.6675974130630493, 0.5611510872840881, 0.7569721341133118], [0.5619065165519714, 0.36974790692329407, 0.723247230052948], [0.7186276316642761, 0.6765578389167786, 0.7539503574371338]], "backchannel": [[0.42929723858833313, 0.2938005328178406, 0.6112759709358215], [0.5147778987884521, 0.4205256700515747, 0.641363263130188], [0.5239390134811401, 0.4351050555706024, 0.6432474851608276], [0.5771713256835938, 0.5162037014961243, 0.6590538620948792], [0.5078854560852051, 0.4115432798862457, 0.6372776627540588]], "short_long": [[0.6409659385681152, 0.3178808093070984, 0.7996109127998352], [0.7670550346374512, 0.6010928750038147, 0.8485476970672607], [0.7096062302589417, 0.49861496686935425, 0.8132094740867615], [0.6407147645950317, 0.31081080436706543, 0.8027079105377197], [0.602290153503418, 0.21985815465450287, 0.7900763154029846]]}, "roddy_events": {"overlaps_before_p_now": [[0.5308241844177246, 0.7472035884857178, 0.12403100728988647], [0.5412569642066956, 0.7036144733428955, 0.23602484166622162], [0.5411287546157837, 0.7169811129570007, 0.21052631735801697], [0.5579390525817871, 0.707317054271698, 0.27710843086242676], [0.5175682902336121, 0.7571116089820862, 0.06722689419984818]], "overlaps_before_p_future": [[0.5777493715286255, 0.7608200311660767, 0.23357664048671722], [0.5680103302001953, 0.7494252920150757, 0.22695034742355347], [0.6025751233100891, 0.7627906799316406, 0.30136987566947937], [0.5964819192886353, 0.7139240503311157, 0.37569060921669006], [0.5869061946868896, 0.6610644459724426, 0.44748857617378235]], "overlaps_after_p_now": [[0.5384194850921631, 0.6958637237548828, 0.24242424964904785], [0.5199615955352783, 0.7102803587913513, 0.1621621549129486], [0.5817154049873352, 0.7517401576042175, 0.2620689570903778], [0.5335958003997803, 0.6941747665405273, 0.23170731961727142], [0.5229524970054626, 0.7089201807975769, 0.1733333319425583]], "overlaps_after_p_future": [[0.6011553406715393, 0.6933333277702332, 0.42786070704460144], [0.5666225552558899, 0.7298578023910522, 0.25974026322364807], [0.6220098733901978, 0.7425742745399475, 0.39534884691238403], [0.6410534381866455, 0.728232204914093, 0.4771573543548584], [0.6121342182159424, 0.7226462960243225, 0.40437158942222595]], "overlap_spred_before_p_future": [[0.5803908705711365, 0.604651153087616, 0.5369649529457092], [0.6242433786392212, 0.6603174805641174, 0.5596708059310913], [0.66645348072052, 0.704049825668335, 0.5991561412811279], [0.643120527267456, 0.6599326729774475, 0.6130267977714539], [0.5162547826766968, 0.4777328073978424, 0.5852090120315552]]}, "gap_0": {"gap_0_p_future": [[0.7199947237968445, 0.7933884263038635, 0.4630071520805359], [0.7702037692070007, 0.8719192147254944, 0.41404804587364197], [0.773589015007019, 0.8659793734550476, 0.4500845968723297], [0.7546297311782837, 0.8294196128845215, 0.49275362491607666], [0.7487472295761108, 0.827464759349823, 0.47311827540397644]], "gap_0_p_now": [[0.7245376706123352, 0.8209083080291748, 0.3870967626571655], [0.7356216907501221, 0.8198158740997314, 0.44081631302833557], [0.729128360748291, 0.8018264770507812, 0.47457626461982727], [0.7293525338172913, 0.8171104192733765, 0.4220689535140991], [0.7322836518287659, 0.8363940119743347, 0.3677419424057007]], "s_pred_p_now": [[0.782914400100708, 0.739130437374115, 0.8201634883880615], [0.8341323137283325, 0.8015717267990112, 0.8618330955505371], [0.8124758005142212, 0.768916130065918, 0.8495339751243591], [0.7842535376548767, 0.7461538314819336, 0.8166666626930237], [0.8055553436279297, 0.7649402618408203, 0.8401083946228027]], "s_pred_p_future": [[0.6997182369232178, 0.6163793206214905, 0.7706185579299927], [0.7687808275222778, 0.7134020328521729, 0.8158940672874451], [0.7953622341156006, 0.7657992839813232, 0.8205128312110901], [0.7201472520828247, 0.6626983880996704, 0.76902174949646], [0.7215178608894348, 0.6528066396713257, 0.7799736261367798]], "superset_p_future": [[0.7251567840576172, 0.803744375705719, 0.4264150857925415], [0.7697675228118896, 0.8736628890037537, 0.37482118606567383], [0.7780764102935791, 0.8736842274665833, 0.4146341383457184], [0.7586106061935425, 0.8437212109565735, 0.4350721538066864], [0.7607053518295288, 0.8453987836837769, 0.43875277042388916]]}, "fast_shift": {}, "slow_shift": {}, "short_long": {}}, "bal_Accs": {"ekstedt_events": {"shift_hold_p_future_after": [0.679516159163086, 0.6863020736035867, 0.6643751167569587, 0.6305903231832617, 0.6274985989164954], "shift_hold_p_future_before": [0.6225481038669904, 0.6686484214459182, 0.6522277227722773, 0.6008873528862321, 0.6206566411358116], "s_pred_p_future": [0.6698113207547169, 0.6864532541869832, 0.6881227475090099, 0.6798282806868773, 0.6871157515369939], "shift_hold_p_now_after": [0.6688025406314216, 0.6646319820661312, 0.686446852232393, 0.6610171866243229, 0.6490566037735849], "shift_hold_p_now_before": [0.5777694750607136, 0.6116336633663366, 0.5838781991406687, 0.5820194283579301, 0.5974500280216701], "s_pred_p_now": [0.6093385626457495, 0.6951982192071232, 0.6672143311426755, 0.6665518337926648, 0.7140926436294255], "backchannel": [0.5434243919237594, 0.5770997252521017, 0.5801522717234254, 0.5698735560762707, 0.5740228482448326], "short_long": [0.7664475704895878, 0.7631560087638471, 0.6705059688351045, 0.7660534021336283, 0.7770184491266867]}, "roddy_events": {"overlaps_before_p_now": [0.49138297872340425, 0.46063829787234045, 0.5122340425531915, 0.5270212765957447, 0.4856382978723405], "overlaps_before_p_future": [0.5040425531914894, 0.5759574468085107, 0.6046808510638297, 0.5792553191489361, 0.5347872340425532], "overlaps_after_p_now": [0.4803191489361702, 0.4351063829787234, 0.5095744680851064, 0.4753191489361702, 0.46], "overlaps_after_p_future": [0.538936170212766, 0.5856382978723405, 0.5930851063829787, 0.5510638297872341, 0.5845744680851064], "overlap_spred_before_p_future": [0.5849441340782123, 0.6156703910614525, 0.6706424581005586, 0.6737430167597765, 0.619804469273743]}, "gap_0": {"gap_0_p_future": [0.6259266328205519, 0.6936939344199717, 0.7047639042638469, 0.6069575396673919, 0.625720502347597],