{"f1_score": {"ekstedt_events": {"shift_hold_p_future_after": [[0.6591951847076416, 0.7959927320480347, 0.3333333432674408], [0.6820083856582642, 0.7742574214935303, 0.46226415038108826], [0.6957136392593384, 0.8081936836242676, 0.4277777671813965], [0.6497454643249512, 0.7439516186714172, 0.42533937096595764], [0.6940608024597168, 0.8243727684020996, 0.3836477994918823]], "shift_hold_p_future_before": [[0.6595218181610107, 0.7792452573776245, 0.3743315637111664], [0.6913460493087769, 0.8070501089096069, 0.4157303273677826], [0.6797294616699219, 0.8206039071083069, 0.34415584802627563], [0.6625121831893921, 0.7846441864967346, 0.3715847134590149], [0.6709423065185547, 0.8079350590705872, 0.3446153700351715]], "s_pred_p_future": [[0.6672991514205933, 0.6505376100540161, 0.6813725233078003], [0.6348434686660767, 0.6449999809265137, 0.6263157725334167], [0.6944766044616699, 0.6609686613082886, 0.7226107120513916], [0.6445885300636292, 0.6584158539772034, 0.6329787373542786], [0.6800886392593384, 0.6666666865348816, 0.6913580298423767]], "shift_hold_p_now_after": [[0.6600780487060547, 0.8168273568153381, 0.286689430475235], [0.6800392270088196, 0.8119348883628845, 0.3658536672592163], [0.6967952847480774, 0.7965450882911682, 0.4591836631298065], [0.6473261713981628, 0.8223176002502441, 0.230483278632164], [0.6902502775192261, 0.8007518649101257, 0.42702701687812805]], "shift_hold_p_now_before": [[0.6529688835144043, 0.7908675670623779, 0.3244837820529938], [0.6299551725387573, 0.7624413371086121, 0.31436315178871155], [0.6532949209213257, 0.7576054930686951, 0.4048192799091339], [0.6261029243469238, 0.7519084215164185, 0.32642486691474915], [0.6543330550193787, 0.8157204985618591, 0.26989617943763733]], "s_pred_p_now": [[0.5805004835128784, 0.4065040647983551, 0.7265917658805847], [0.6979764699935913, 0.6528189778327942, 0.7358916401863098], [0.6955158710479736, 0.6122449040412903, 0.7654321193695068], [0.6583037376403809, 0.5307692289352417, 0.7653846144676208], [0.7024233341217041, 0.704081654548645, 0.7010309100151062]], "backchannel": [[0.46038609743118286, 0.34203654527664185, 0.6193353533744812], [0.5762200355529785, 0.5088757276535034, 0.6666666865348816], [0.5682849287986755, 0.4970131516456604, 0.6640064120292664], [0.6262097358703613, 0.5819398164749146, 0.6856663823127747], [0.5977857708930969, 0.5404157042503357, 0.6748365759849548]], "short_long": [[0.6525883674621582, 0.34838709235191345, 0.8019607663154602], [0.7908605337142944, 0.6546391844749451, 0.8577494621276855], [0.7503119707107544, 0.574525773525238, 0.8366284966468811], [0.6595516204833984, 0.3552631437778473, 0.808966875076294], [0.6135770082473755, 0.24561403691768646, 0.7942583560943604]]}, "roddy_events": {"overlaps_before_p_now": [[0.5472522974014282, 0.781857430934906, 0.10619468986988068], [0.5347261428833008, 0.7460674047470093, 0.13740457594394684], [0.5728803873062134, 0.7551487684249878, 0.23021583259105682], [0.5759007930755615, 0.768539309501648, 0.21374045312404633], [0.5335429906845093, 0.7872340679168701, 0.056603774428367615]], "overlaps_before_p_future": [[0.545207679271698, 0.7792207598686218, 0.10526315867900848], [0.5544803142547607, 0.7772925496101379, 0.1355932205915451], [0.5817072987556458, 0.7804877758026123, 0.20800000429153442], [0.5981587171554565, 0.7991266250610352, 0.22033898532390594], [0.6051706075668335, 0.7656612396240234, 0.30344828963279724]], "overlaps_after_p_now": [[0.5264911651611328, 0.7415730357170105, 0.1221374049782753], [0.5457143187522888, 0.7599999904632568, 0.1428571492433548], [0.5571253299713135, 0.7567567825317383, 0.1818181872367859], [0.5370090007781982, 0.7685589790344238, 0.10169491171836853], [0.5331184267997742, 0.7566371560096741, 0.11290322244167328]], "overlaps_after_p_future": [[0.5993536710739136, 0.7716894745826721, 0.2753623127937317], [0.5741811990737915, 0.7886710166931152, 0.17094017565250397], [0.6050676703453064, 0.7695852518081665, 0.2957746386528015], [0.623141884803772, 0.7891156673431396, 0.31111112236976624], [0.5865432620048523, 0.7757847309112549, 0.23076923191547394]], "overlap_spred_before_p_future": [[0.630759596824646, 0.7011494040489197, 0.5047619342803955], [0.6415770649909973, 0.7206704020500183, 0.5], [0.6411520838737488, 0.7302452325820923, 0.481675386428833], [0.6405039429664612, 0.7122507095336914, 0.512077271938324], [0.6011670827865601, 0.6083915829658508, 0.5882353186607361]]}, "gap_0": {"gap_0_p_future": [[0.7485364079475403, 0.8471470475196838, 0.4032520353794098], [0.7433547377586365, 0.872456967830658, 0.291304349899292], [0.7639271020889282, 0.875645637512207, 0.37274548411369324], [0.7414032220840454, 0.8597756624221802, 0.32692307233810425], [0.7530176639556885, 0.8639291524887085, 0.36466166377067566]], "gap_0_p_now": [[0.7361246943473816, 0.8468468189239502, 0.3484320640563965], [0.7172586917877197, 0.8272120356559753, 0.33225807547569275], [0.7369306087493896, 0.8283261656761169, 0.4169096350669861], [0.7207105755805969, 0.8390522599220276, 0.30633804202079773], [0.7427725195884705, 0.8650793433189392, 0.3145161271095276]], "s_pred_p_now": [[0.784533679485321, 0.7568555474281311, 0.808080792427063], [0.7768949270248413, 0.7517985701560974, 0.7982456088066101], [0.7859950065612793, 0.7420634627342224, 0.823369562625885], [0.7985814809799194, 0.7841105461120605, 0.8108925819396973], [0.8077262043952942, 0.7871198654174805, 0.8252570033073425]], "s_pred_p_future": [[0.7237311601638794, 0.6828358173370361, 0.7585227489471436], [0.7353340983390808, 0.7102473378181458, 0.7566765546798706], [0.7695363759994507, 0.7521663904190063, 0.7843137383460999], [0.7519076466560364, 0.7467105388641357, 0.7563291192054749], [0.7468066811561584, 0.725043773651123, 0.7653213739395142]], "superset_p_future": [[0.7546063661575317, 0.8562149405479431, 0.3683528006076813], [0.750708818435669, 0.879059374332428, 0.26279863715171814], [0.7690956592559814, 0.8824695348739624, 0.3381180167198181], [0.7522059082984924, 0.8799328207969666, 0.2666666805744171], [0.7582381963729858, 0.8740741014480591, 0.31790122389793396]]}, "fast_shift": {}, "slow_shift": {}, "short_long": {}}, "bal_Accs": {"ekstedt_events": {"shift_hold_p_future_after": [0.6042546235755651, 0.6182607883429853, 0.6297309919671212, 0.618662432280964, 0.6521716794320942], "shift_hold_p_future_before": [0.6215673454137867, 0.6080609004296655, 0.6287082010087801, 0.5895712684475996, 0.6446618718475621], "s_pred_p_future": [0.6677178291286835, 0.6430199279202884, 0.6914087343650626, 0.6542558829764682, 0.6813122747509011], "shift_hold_p_now_after": [0.6147347281898001, 0.5779235942462171, 0.6223332710629553, 0.6093966000373623, 0.6437044647861012], "shift_hold_p_now_before": [0.5761442181954044, 0.5533719409676816, 0.5898514851485148, 0.5588781991406688, 0.6059032318326172], "s_pred_p_now": [0.5979966080135679, 0.6934227263090947, 0.6914882340470638, 0.6638753444986221, 0.7083951664193343], "backchannel": [0.5595461793572247, 0.5999236395487247, 0.603548889404613, 0.6091056094986412, 0.6163317786744724], "short_long": [0.7293291971251306, 0.7713311628478408, 0.7274197841800274, 0.7877224235722915, 0.764891373343981]}, "roddy_events": {"overlaps_before_p_now": [0.5295744680851064, 0.5263829787234042, 0.5124468085106383, 0.5238297872340425, 0.525], "overlaps_before_p_future": [0.5581914893617022, 0.5457446808510639, 0.5464893617021277, 0.5831914893617022, 0.5755319148936171], "overlaps_after_p_now": [0.4788297872340425, 0.4948936170212766, 0.5008510638297872, 0.49808510638297876, 0.4888297872340425], "overlaps_after_p_future": [0.5419148936170213, 0.5854255319148935, 0.5578723404255319, 0.6112765957446809, 0.5725531914893617], "overlap_spred_before_p_future": [0.6006703910614525, 0.6405027932960894, 0.6043016759776536, 0.6141620111731844, 0.6430167597765364]}, "gap_0": {"gap_0_p_future": [0.6602155463093738, 0.6563563257879401, 0.6629486836915168, 0.6431614306981716, 0.6595755239149521],