{"f1_score": {"ekstedt_events": {"shift_hold_p_future_after": [[0.689754068851471, 0.8792341947555542, 0.0], [0.7039947509765625, 0.8608463406562805, 0.13301663100719452], [0.689754068851471, 0.8792341947555542, 0.0], [0.689754068851471, 0.8792341947555542, 0.0]], "shift_hold_p_future_before": [[0.689754068851471, 0.8792341947555542, 0.0], [0.6964922547340393, 0.8399999737739563, 0.17408907413482666], [0.689754068851471, 0.8792341947555542, 0.0], [0.689754068851471, 0.8792341947555542, 0.0]], "s_pred_p_future": [[0.5520241856575012, 0.498113214969635, 0.5957446694374084], [0.5503271818161011, 0.48249027132987976, 0.6053412556648254], [0.4441929757595062, 0.13071896135807037, 0.6984127163887024], [0.49534446001052856, 0.25, 0.6943128108978271]], "shift_hold_p_now_after": [[0.689754068851471, 0.8792341947555542, 0.0], [0.689754068851471, 0.8792341947555542, 0.0], [0.689754068851471, 0.8792341947555542, 0.0], [0.689754068851471, 0.8792341947555542, 0.0]], "shift_hold_p_now_before": [[0.689754068851471, 0.8792341947555542, 0.0], [0.6929333806037903, 0.8347139954566956, 0.17681728303432465], [0.689754068851471, 0.8792341947555542, 0.0], [0.689754068851471, 0.8792341947555542, 0.0]], "s_pred_p_now": [[0.5445131063461304, 0.48275861144065857, 0.5945945978164673], [0.5424890518188477, 0.43644067645072937, 0.6284916400909424], [0.41540825366973877, 0.05054151639342308, 0.7113062739372253], [0.4949527382850647, 0.24633431434631348, 0.6965761780738831]], "backchannel": [[0.5342782735824585, 0.6086956262588501, 0.3835616409778595], [0.5571850538253784, 0.783796489238739, 0.09823182970285416], [0.5578449964523315, 0.7185877561569214, 0.23229461908340454], [0.5566544532775879, 0.7153284549713135, 0.23529411852359772]], "short_long": [[0.43136924505233765, 0.06648199260234833, 0.7165685296058655], [0.4312741160392761, 0.07103825360536575, 0.712837815284729], [0.41804879903793335, 0.27967479825019836, 0.5262032151222229], [0.4333576560020447, 0.07162534445524216, 0.716090977191925]]}, "roddy_events": {"overlaps_before_p_now": [[0.7040293216705322, 0.8857142925262451, 0.0], [0.7040293216705322, 0.8857142925262451, 0.0], [0.7040293216705322, 0.8857142925262451, 0.0], [0.7040293216705322, 0.8857142925262451, 0.0]], "overlaps_before_p_future": [[0.7040293216705322, 0.8857142925262451, 0.0], [0.7040293216705322, 0.8857142925262451, 0.0], [0.7040293216705322, 0.8857142925262451, 0.0], [0.7040293216705322, 0.8857142925262451, 0.0]], "overlaps_after_p_now": [[0.7040293216705322, 0.8857142925262451, 0.0], [0.7040293216705322, 0.8857142925262451, 0.0], [0.7040293216705322, 0.8857142925262451, 0.0], [0.7040293216705322, 0.8857142925262451, 0.0]], "overlaps_after_p_future": [[0.7040293216705322, 0.8857142925262451, 0.0], [0.7040293216705322, 0.8857142925262451, 0.0], [0.7040293216705322, 0.8857142925262451, 0.0], [0.7040293216705322, 0.8857142925262451, 0.0]], "overlap_spred_before_p_future": [[0.916016697883606, 0.9709091186523438, 0.0], [0.916016697883606, 0.9709091186523438, 0.0], [0.916016697883606, 0.9709091186523438, 0.0], [0.916016697883606, 0.9709091186523438, 0.0]]}, "gap_0": {"gap_0_p_future": [[0.8602596521377563, 0.9502798914909363, 0.0], [0.8602596521377563, 0.9502798914909363, 0.0], [0.8602596521377563, 0.9502798914909363, 0.0], [0.8602596521377563, 0.9502798914909363, 0.0]], "gap_0_p_now": [[0.8602596521377563, 0.9502798914909363, 0.0], [0.8602596521377563, 0.9502798914909363, 0.0], [0.8602596521377563, 0.9502798914909363, 0.0], [0.8602596521377563, 0.9502798914909363, 0.0]], "s_pred_p_now": [[0.5764572024345398, 0.4992743134498596, 0.6394984126091003], [0.5686942338943481, 0.509695291519165, 0.6168830990791321], [0.4205091893672943, 0.07901234924793243, 0.6994359493255615], [0.5680345296859741, 0.5042017102241516, 0.6201716661453247]], "s_pred_p_future": [[0.573664128780365, 0.5275908708572388, 0.6112957000732422], [0.565414547920227, 0.5, 0.618843674659729], [0.4187205135822296, 0.07444168627262115, 0.6999195218086243], [0.5670724511146545, 0.5048814415931702, 0.6178686618804932]], "superset_p_future": [[0.8675425052642822, 0.9530389308929443, 0.0], [0.8675425052642822, 0.9530389308929443, 0.0], [0.8675425052642822, 0.9530389308929443, 0.0], [0.8675425052642822, 0.9530389308929443, 0.0]]}, "fast_shift": {}, "slow_shift": {}, "short_long": {}}, "bal_Accs": {"ekstedt_events": {"shift_hold_p_future_after": [0.5785916370470238, 0.5514947706009723, 0.49788832373248354, 0.5804173305552152], "shift_hold_p_future_before": [0.5796972668219145, 0.5516479756506107, 0.5078875066388855, 0.5719910528251011], "s_pred_p_future": [0.5737094260040345, 0.5440583165230148, 0.5071061800843573, 0.5247684760682194], "shift_hold_p_now_after": [0.5754585937819178, 0.5475931486701802, 0.5116231564325693, 0.5804173305552152], "shift_hold_p_now_before": [0.5781396821505904, 0.5552636148220779, 0.5105507210851002, 0.570734771418066], "s_pred_p_now": [0.5711191087474785, 0.5444136255272327, 0.5, 0.5275651017788373], "backchannel": [0.5033804323717823, 0.49697574595222255, 0.47268386238208926, 0.49930329954205643], "short_long": [0.48235294117647054, 0.49283299526707236, 0.5073022312373225, 0.5076233941852604]}, "roddy_events": {"overlaps_before_p_now": [0.6975806451612903, 0.6602822580645161, 0.7056451612903225, 0.5], "overlaps_before_p_future": [0.6360887096774194, 0.6602822580645161, 0.7056451612903225, 0.5], "overlaps_after_p_now": [0.5, 0.6290322580645161, 0.6512096774193548, 0.5], "overlaps_after_p_future": [0.7288306451612903, 0.6008064516129032, 0.6512096774193548, 0.5], "overlap_spred_before_p_future": [0.7045880149812733, 0.6539091760299626, 0.6763810861423221, 0.50187265917603]}, "gap_0": {"gap_0_p_future": [0.5524867710298174, 0.5568252919246297, 0.5106367192459907, 0.5722984828945095], "gap_0_p_now": [0.5587750256624429, 0.5394107811326354, 0.512651469605112, 0.5725562546754599], "s_pred_p_now": [0.5965395859435594, 0.5632181850724898, 0.5607213173438339, 0.5755682835153033], "s_pred_p_future": [0.5695006264542688, 0.5595250880019093, 0.5628154644710937, 0.5613716365371995], "superset_p_future": [0.557679064826559, 0.5525022502532515, 0.5083648040229913, 0.5771589326205404]}, "fast_shift": {}, "slow_shift": {}, "short_long": {}}}