{"f1_score": {"ekstedt_events": {"shift_hold_p_future_after": [[0.6894301772117615, 0.8788213729858398, 0.0], [0.6986753940582275, 0.8438719511032104, 0.17012448608875275], [0.689754068851471, 0.8792341947555542, 0.0], [0.689754068851471, 0.8792341947555542, 0.0]], "shift_hold_p_future_before": [[0.689754068851471, 0.8792341947555542, 0.0], [0.6864376068115234, 0.8213568925857544, 0.19529837369918823], [0.689754068851471, 0.8792341947555542, 0.0], [0.689754068851471, 0.8792341947555542, 0.0]], "s_pred_p_future": [[0.5718592405319214, 0.5502645373344421, 0.5893719792366028], [0.565327525138855, 0.5113636255264282, 0.6090909242630005], [0.5106750130653381, 0.31524547934532166, 0.6691635251045227], [0.4901309311389923, 0.22560974955558777, 0.7046511769294739]], "shift_hold_p_now_after": [[0.689754068851471, 0.8792341947555542, 0.0], [0.6939247846603394, 0.8780487775802612, 0.023668639361858368], [0.689754068851471, 0.8792341947555542, 0.0], [0.689754068851471, 0.8792341947555542, 0.0]], "shift_hold_p_now_before": [[0.68878173828125, 0.8779948353767395, 0.0], [0.6875097155570984, 0.8204509019851685, 0.20357142388820648], [0.689754068851471, 0.8792341947555542, 0.0], [0.689754068851471, 0.8792341947555542, 0.0]], "s_pred_p_now": [[0.5735291242599487, 0.5448028445243835, 0.5968254208564758], [0.5358355045318604, 0.44262295961380005, 0.6114285588264465], [0.4894134998321533, 0.23598819971084595, 0.6949352025985718], [0.48838186264038086, 0.22085890173912048, 0.7053364515304565]], "backchannel": [[0.552918016910553, 0.6730123162269592, 0.3096926808357239], [0.5597003698348999, 0.788560688495636, 0.0961923822760582], [0.5656750798225403, 0.7487537264823914, 0.194888174533844], [0.5542314052581787, 0.7097113132476807, 0.23933975398540497]], "short_long": [[0.43068233132362366, 0.06629834324121475, 0.7154881954193115], [0.4319692552089691, 0.0712328776717186, 0.7139240503311157], [0.4238255023956299, 0.36901408433914185, 0.46666666865348816], [0.43068233132362366, 0.06629834324121475, 0.7154881954193115]]}, "roddy_events": {"overlaps_before_p_now": [[0.7040293216705322, 0.8857142925262451, 0.0], [0.7040293216705322, 0.8857142925262451, 0.0], [0.7040293216705322, 0.8857142925262451, 0.0], [0.7040293216705322, 0.8857142925262451, 0.0]], "overlaps_before_p_future": [[0.7040293216705322, 0.8857142925262451, 0.0], [0.7040293216705322, 0.8857142925262451, 0.0], [0.7040293216705322, 0.8857142925262451, 0.0], [0.7040293216705322, 0.8857142925262451, 0.0]], "overlaps_after_p_now": [[0.7040293216705322, 0.8857142925262451, 0.0], [0.7040293216705322, 0.8857142925262451, 0.0], [0.7040293216705322, 0.8857142925262451, 0.0], [0.7040293216705322, 0.8857142925262451, 0.0]], "overlaps_after_p_future": [[0.7040293216705322, 0.8857142925262451, 0.0], [0.7040293216705322, 0.8857142925262451, 0.0], [0.7040293216705322, 0.8857142925262451, 0.0], [0.7040293216705322, 0.8857142925262451, 0.0]], "overlap_spred_before_p_future": [[0.916016697883606, 0.9709091186523438, 0.0], [0.916016697883606, 0.9709091186523438, 0.0], [0.916016697883606, 0.9709091186523438, 0.0], [0.916016697883606, 0.9709091186523438, 0.0]]}, "gap_0": {"gap_0_p_future": [[0.8602596521377563, 0.9502798914909363, 0.0], [0.8602596521377563, 0.9502798914909363, 0.0], [0.8602596521377563, 0.9502798914909363, 0.0], [0.8602596521377563, 0.9502798914909363, 0.0]], "gap_0_p_now": [[0.8602596521377563, 0.9502798914909363, 0.0], [0.8602596521377563, 0.9502798914909363, 0.0], [0.8602596521377563, 0.9502798914909363, 0.0], [0.8602596521377563, 0.9502798914909363, 0.0]], "s_pred_p_now": [[0.574158251285553, 0.5350993275642395, 0.6060606241226196], [0.5810455083847046, 0.536912739276886, 0.6170921325683594], [0.49887824058532715, 0.2749004065990448, 0.6818181872367859], [0.5644234418869019, 0.4862518012523651, 0.6282722353935242]], "s_pred_p_future": [[0.5805600881576538, 0.5642317533493042, 0.5938966870307922], [0.5770494937896729, 0.5284552574157715, 0.6167401075363159], [0.49410563707351685, 0.2650602459907532, 0.6811846494674683], [0.5651180744171143, 0.49067431688308716, 0.6259220242500305]], "superset_p_future": [[0.8675425052642822, 0.9530389308929443, 0.0], [0.8675425052642822, 0.9530389308929443, 0.0], [0.8675425052642822, 0.9530389308929443, 0.0], [0.8675425052642822, 0.9530389308929443, 0.0]]}, "fast_shift": {}, "slow_shift": {}, "short_long": {}}, "bal_Accs": {"ekstedt_events": {"shift_hold_p_future_after": [0.568574580218164, 0.5696853168280427, 0.5219721575356457, 0.573566511418883], "shift_hold_p_future_before": [0.5709364914000898, 0.5586315724966295, 0.5304801446255668, 0.5676527965028394], "s_pred_p_future": [0.5646662387676509, 0.5601618375206309, 0.5231982395011919, 0.5257312488538419], "shift_hold_p_now_after": [0.571421640723945, 0.5587311557788945, 0.5328088613800711, 0.5716233607059689], "shift_hold_p_now_before": [0.5706351881358009, 0.5783286350451444, 0.5274645585651836, 0.5676527965028394], "s_pred_p_now": [0.564310929763433, 0.5721506510177884, 0.5017765450210893, 0.5271066385475884], "backchannel": [0.49166438347228203, 0.5037574856158754, 0.4772319855963052, 0.4998708364319543], "short_long": [0.49019607843137253, 0.48989181879648414, 0.5073022312373225, 0.5061528059499663]}, "roddy_events": {"overlaps_before_p_now": [0.7288306451612903, 0.5967741935483871, 0.7288306451612903, 0.5], "overlaps_before_p_future": [0.6199596774193548, 0.5967741935483871, 0.7288306451612903, 0.5], "overlaps_after_p_now": [0.5, 0.5967741935483871, 0.6824596774193548, 0.5], "overlaps_after_p_future": [0.7288306451612903, 0.6461693548387097, 0.6824596774193548, 0.5], "overlap_spred_before_p_future": [0.7395833333333333, 0.6464185393258427, 0.6226591760299626, 0.50187265917603]}, "gap_0": {"gap_0_p_future": [0.5818735189596116, 0.5748425450412205, 0.5345024086745941, 0.5824632579599467], "gap_0_p_now": [0.5799352587432058, 0.5429147945704237, 0.534951405812333, 0.5830545267631361], "s_pred_p_now": [0.5899170693872681, 0.5771135373784381, 0.573781397291331, 0.5789929001849532], "s_pred_p_future": [0.581952150826323, 0.5725642861404451, 0.5756279458266214, 0.5588956506175049], "superset_p_future": [0.5845660629103155, 0.5575330055811657, 0.537161325124744, 0.589096139689987]}, "fast_shift": {}, "slow_shift": {}, "short_long": {}}}