{"f1_score": {"ekstedt_events": {"shift_hold_p_future_after": [[0.689754068851471, 0.8792341947555542, 0.0], [0.6917329430580139, 0.8768946528434753, 0.017699114978313446], [0.689754068851471, 0.8792341947555542, 0.0], [0.689754068851471, 0.8792341947555542, 0.0]], "shift_hold_p_future_before": [[0.689754068851471, 0.8792341947555542, 0.0], [0.6927591562271118, 0.8736998438835144, 0.034090910106897354], [0.689754068851471, 0.8792341947555542, 0.0], [0.689754068851471, 0.8792341947555542, 0.0]], "s_pred_p_future": [[0.5322741270065308, 0.3761904835700989, 0.6588541865348816], [0.47591277956962585, 0.21364985406398773, 0.6886016726493835], [0.40456077456474304, 0.029197080060839653, 0.7089715600013733], [0.4062134325504303, 0.029411764815449715, 0.7117903828620911]], "shift_hold_p_now_after": [[0.689754068851471, 0.8792341947555542, 0.0], [0.689754068851471, 0.8792341947555542, 0.0], [0.689754068851471, 0.8792341947555542, 0.0], [0.689754068851471, 0.8792341947555542, 0.0]], "shift_hold_p_now_before": [[0.689754068851471, 0.8792341947555542, 0.0], [0.6945945620536804, 0.8730926513671875, 0.04481792822480202], [0.689754068851471, 0.8792341947555542, 0.0], [0.689754068851471, 0.8792341947555542, 0.0]], "s_pred_p_now": [[0.5256173610687256, 0.3569682240486145, 0.6623876690864563], [0.4333035945892334, 0.1066666692495346, 0.6981981992721558], [0.4041512608528137, 0.022304832935333252, 0.7138193845748901], [0.4025285243988037, 0.022140221670269966, 0.7110141515731812]], "backchannel": [[0.5309706926345825, 0.6449026465415955, 0.30022573471069336], [0.5365378260612488, 0.8014571666717529, 0.0], [0.5493367910385132, 0.7650167942047119, 0.1125226840376854], [0.5279059410095215, 0.7575322985649109, 0.0628465786576271]], "short_long": [[0.43136924505233765, 0.06648199260234833, 0.7165685296058655], [0.43136924505233765, 0.06648199260234833, 0.7165685296058655], [0.46386298537254333, 0.26003822684288025, 0.6231743097305298], [0.43136924505233765, 0.06648199260234833, 0.7165685296058655]]}, "roddy_events": {"overlaps_before_p_now": [[0.7040293216705322, 0.8857142925262451, 0.0], [0.7040293216705322, 0.8857142925262451, 0.0], [0.7040293216705322, 0.8857142925262451, 0.0], [0.7040293216705322, 0.8857142925262451, 0.0]], "overlaps_before_p_future": [[0.7040293216705322, 0.8857142925262451, 0.0], [0.7040293216705322, 0.8857142925262451, 0.0], [0.7040293216705322, 0.8857142925262451, 0.0], [0.7040293216705322, 0.8857142925262451, 0.0]], "overlaps_after_p_now": [[0.7040293216705322, 0.8857142925262451, 0.0], [0.7040293216705322, 0.8857142925262451, 0.0], [0.7040293216705322, 0.8857142925262451, 0.0], [0.7040293216705322, 0.8857142925262451, 0.0]], "overlaps_after_p_future": [[0.7040293216705322, 0.8857142925262451, 0.0], [0.7040293216705322, 0.8857142925262451, 0.0], [0.7040293216705322, 0.8857142925262451, 0.0], [0.7040293216705322, 0.8857142925262451, 0.0]], "overlap_spred_before_p_future": [[0.916016697883606, 0.9709091186523438, 0.0], [0.916016697883606, 0.9709091186523438, 0.0], [0.916016697883606, 0.9709091186523438, 0.0], [0.916016697883606, 0.9709091186523438, 0.0]]}, "gap_0": {"gap_0_p_future": [[0.8602596521377563, 0.9502798914909363, 0.0], [0.8602596521377563, 0.9502798914909363, 0.0], [0.8602596521377563, 0.9502798914909363, 0.0], [0.8602596521377563, 0.9502798914909363, 0.0]], "gap_0_p_now": [[0.8602596521377563, 0.9502798914909363, 0.0], [0.8602596521377563, 0.9502798914909363, 0.0], [0.8602596521377563, 0.9502798914909363, 0.0], [0.8602596521377563, 0.9502798914909363, 0.0]], "s_pred_p_now": [[0.5109864473342896, 0.302325576543808, 0.6814159154891968], [0.4939834475517273, 0.2531120479106903, 0.6907216310501099], [0.39569664001464844, 0.010723860934376717, 0.7101335525512695], [0.5136541724205017, 0.2998027503490448, 0.6883230805397034]], "s_pred_p_future": [[0.5622432231903076, 0.42737895250320435, 0.6723973155021667], [0.4687469005584717, 0.19956615567207336, 0.6886075735092163], [0.3962668776512146, 0.01075268816202879, 0.7111459970474243], [0.518241286277771, 0.31128403544425964, 0.6872791647911072]], "superset_p_future": [[0.8675425052642822, 0.9530389308929443, 0.0], [0.8675425052642822, 0.9530389308929443, 0.0], [0.8675425052642822, 0.9530389308929443, 0.0], [0.8675425052642822, 0.9530389308929443, 0.0]]}, "fast_shift": {}, "slow_shift": {}, "short_long": {}}, "bal_Accs": {"ekstedt_events": {"shift_hold_p_future_after": [0.5672851043837072, 0.5010520080075173, 0.5041876046901173, 0.5710718225272705], "shift_hold_p_future_before": [0.5703670792989337, 0.4943365199983658, 0.5029645177105038, 0.5597959308738816], "s_pred_p_future": [0.5600930680359435, 0.5143155143957454, 0.5014212360168715, 0.5065674857876399], "shift_hold_p_now_after": [0.566999121624382, 0.4959272990971116, 0.5014401274666013, 0.5710718225272705], "shift_hold_p_now_before": [0.5795976835396495, 0.5110179964864976, 0.5022776484046247, 0.5607509090166278], "s_pred_p_now": [0.5564368237667339, 0.5251352466532184, 0.5018796992481203, 0.5057078672290483], "backchannel": [0.4723968322308766, 0.49930329954205643, 0.4768797213198168, 0.4987357626521586], "short_long": [0.4767579445571332, 0.5, 0.5073022312373225, 0.5073022312373225]}, "roddy_events": {"overlaps_before_p_now": [0.689516129032258, 0.7096774193548387, 0.7137096774193548, 0.5], "overlaps_before_p_future": [0.6209677419354839, 0.7096774193548387, 0.7137096774193548, 0.5], "overlaps_after_p_now": [0.5, 0.717741935483871, 0.7298387096774194, 0.5], "overlaps_after_p_future": [0.6502016129032258, 0.625, 0.7298387096774194, 0.5], "overlap_spred_before_p_future": [0.678370786516854, 0.7295177902621723, 0.6382256554307116, 0.50187265917603]}, "gap_0": {"gap_0_p_future": [0.539788642437649, 0.5008819313455075, 0.50320799658548, 0.537500057367607], "gap_0_p_now": [0.5425728836324863, 0.521620703739909, 0.5041319975094809, 0.5310855939995013], "s_pred_p_now": [0.56471570908657, 0.5261410417039556, 0.5327844400692083, 0.5610434938249508], "s_pred_p_future": [0.5614939442754012, 0.5124932879899767, 0.5299683789750015, 0.5374679315076666], "superset_p_future": [0.5414317659145214, 0.5448108420763531, 0.5034207433698735, 0.5446204274159476]}, "fast_shift": {}, "slow_shift": {}, "short_long": {}}}