{"f1_score": {"ekstedt_events": {"shift_hold_p_future_after": [[0.689754068851471, 0.8792341947555542, 0.0], [0.7017985582351685, 0.878754198551178, 0.05763688683509827], [0.689754068851471, 0.8792341947555542, 0.0], [0.689754068851471, 0.8792341947555542, 0.0]], "shift_hold_p_future_before": [[0.689754068851471, 0.8792341947555542, 0.0], [0.7051122784614563, 0.8660106062889099, 0.11940298229455948], [0.689754068851471, 0.8792341947555542, 0.0], [0.689754068851471, 0.8792341947555542, 0.0]], "s_pred_p_future": [[0.5615850687026978, 0.5038167834281921, 0.608433723449707], [0.5556998252868652, 0.4570230543613434, 0.6357243061065674], [0.3958759009838104, 0.007462686393409967, 0.710869550704956], [0.45984962582588196, 0.1607716977596283, 0.7023945450782776]], "shift_hold_p_now_after": [[0.689754068851471, 0.8792341947555542, 0.0], [0.689754068851471, 0.8792341947555542, 0.0], [0.689754068851471, 0.8792341947555542, 0.0], [0.689754068851471, 0.8792341947555542, 0.0]], "shift_hold_p_now_before": [[0.689754068851471, 0.8792341947555542, 0.0], [0.7080841064453125, 0.8642069101333618, 0.13975903391838074], [0.689754068851471, 0.8792341947555542, 0.0], [0.689754068851471, 0.8792341947555542, 0.0]], "s_pred_p_now": [[0.5620352029800415, 0.4951266944408417, 0.6162962913513184], [0.5184023976325989, 0.347188264131546, 0.6572529077529907], [0.392880380153656, 0.0, 0.7114967703819275], [0.4536362290382385, 0.14886730909347534, 0.700796365737915]], "backchannel": [[0.4535767138004303, 0.47058823704719543, 0.41912350058555603], [0.5453593134880066, 0.7897911667823792, 0.050314463675022125], [0.5440578460693359, 0.703723132610321, 0.22068965435028076], [0.5518473386764526, 0.7141371965408325, 0.22316384315490723]], "short_long": [[0.43136924505233765, 0.06648199260234833, 0.7165685296058655], [0.4293067157268524, 0.06593406945466995, 0.713322103023529], [0.4434017837047577, 0.23529411852359772, 0.6060606241226196], [0.43068233132362366, 0.06629834324121475, 0.7154881954193115]]}, "roddy_events": {"overlaps_before_p_now": [[0.7040293216705322, 0.8857142925262451, 0.0], [0.7040293216705322, 0.8857142925262451, 0.0], [0.7040293216705322, 0.8857142925262451, 0.0], [0.7040293216705322, 0.8857142925262451, 0.0]], "overlaps_before_p_future": [[0.7040293216705322, 0.8857142925262451, 0.0], [0.7040293216705322, 0.8857142925262451, 0.0], [0.7040293216705322, 0.8857142925262451, 0.0], [0.7040293216705322, 0.8857142925262451, 0.0]], "overlaps_after_p_now": [[0.7040293216705322, 0.8857142925262451, 0.0], [0.7040293216705322, 0.8857142925262451, 0.0], [0.7040293216705322, 0.8857142925262451, 0.0], [0.7040293216705322, 0.8857142925262451, 0.0]], "overlaps_after_p_future": [[0.7040293216705322, 0.8857142925262451, 0.0], [0.7040293216705322, 0.8857142925262451, 0.0], [0.7040293216705322, 0.8857142925262451, 0.0], [0.7040293216705322, 0.8857142925262451, 0.0]], "overlap_spred_before_p_future": [[0.916016697883606, 0.9709091186523438, 0.0], [0.916016697883606, 0.9709091186523438, 0.0], [0.916016697883606, 0.9709091186523438, 0.0], [0.916016697883606, 0.9709091186523438, 0.0]]}, "gap_0": {"gap_0_p_future": [[0.8602596521377563, 0.9502798914909363, 0.0], [0.8602596521377563, 0.9502798914909363, 0.0], [0.8602596521377563, 0.9502798914909363, 0.0], [0.8602596521377563, 0.9502798914909363, 0.0]], "gap_0_p_now": [[0.8602596521377563, 0.9502798914909363, 0.0], [0.8602596521377563, 0.9502798914909363, 0.0], [0.8602596521377563, 0.9502798914909363, 0.0], [0.8602596521377563, 0.9502798914909363, 0.0]], "s_pred_p_now": [[0.5471909046173096, 0.42492014169692993, 0.6470588445663452], [0.5577456951141357, 0.4556574821472168, 0.6411290168762207], [0.3929857015609741, 0.005376344081014395, 0.7095761299133301], [0.573510468006134, 0.49343064427375793, 0.6389178037643433]], "s_pred_p_future": [[0.569926381111145, 0.5028248429298401, 0.6247334480285645], [0.5549755096435547, 0.4391785264015198, 0.6495558023452759], [0.3929857015609741, 0.005376344081014395, 0.7095761299133301], [0.5728939771652222, 0.4956521689891815, 0.6359832882881165]], "superset_p_future": [[0.8675425052642822, 0.9530389308929443, 0.0], [0.8675425052642822, 0.9530389308929443, 0.0], [0.8675425052642822, 0.9530389308929443, 0.0], [0.8675425052642822, 0.9530389308929443, 0.0]]}, "fast_shift": {}, "slow_shift": {}, "short_long": {}}, "bal_Accs": {"ekstedt_events": {"shift_hold_p_future_after": [0.5613203211177841, 0.5482646974710953, 0.49847560975609756, 0.5703160109490543], "shift_hold_p_future_before": [0.5675685337255383, 0.538602565673898, 0.5014069330391796, 0.5726268537811006], "s_pred_p_future": [0.5644599303135889, 0.549399413167064, 0.5003553090042179, 0.5192783788740143], "shift_hold_p_now_after": [0.5661105323364792, 0.5437272745843036, 0.5005694121011561, 0.5703160109490543], "shift_hold_p_now_before": [0.5682222086039956, 0.5550312538301263, 0.5022444539772031, 0.5748381133308821], "s_pred_p_now": [0.5618696130570329, 0.5477718686961306, 0.5, 0.5338116633046031], "backchannel": [0.48618080290161386, 0.49585502367998746, 0.48003966234816753, 0.4987357626521586], "short_long": [0.4660074374577417, 0.49411764705882355, 0.5073022312373225, 0.5061528059499663]}, "roddy_events": {"overlaps_before_p_now": [0.720766129032258, 0.6844758064516129, 0.7137096774193548, 0.5], "overlaps_before_p_future": [0.6522177419354839, 0.6844758064516129, 0.7137096774193548, 0.5], "overlaps_after_p_now": [0.5, 0.6844758064516129, 0.6592741935483871, 0.5], "overlaps_after_p_future": [0.7368951612903225, 0.59375, 0.6592741935483871, 0.5], "overlap_spred_before_p_future": [0.7433286516853932, 0.6926498127340823, 0.617626404494382, 0.50187265917603]}, "gap_0": {"gap_0_p_future": [0.5603040636153219, 0.5605503618748652, 0.5034007517451226, 0.5742879915065345], "gap_0_p_now": [0.5631525565300399, 0.5382037666805879, 0.5044402527846237, 0.5720950191148867], "s_pred_p_now": [0.5690591253505161, 0.5523447288347951, 0.5389028100948631, 0.5893293956207863], "s_pred_p_future": [0.5639400990394368, 0.5509724956744825, 0.5419873515900007, 0.5666219199331782], "superset_p_future": [0.5643538827341394, 0.5478762940916346, 0.5022959527699956, 0.5806137266120392]}, "fast_shift": {}, "slow_shift": {}, "short_long": {}}}