{"f1_score": {"ekstedt_events": {"shift_hold_p_future_after": [[0.7201085090637207, 0.8928847312927246, 0.0], [0.7201085090637207, 0.8928847312927246, 0.0], [0.7201085090637207, 0.8928847312927246, 0.0], [0.7201085090637207, 0.8928847312927246, 0.0]], "shift_hold_p_future_before": [[0.7201085090637207, 0.8928847312927246, 0.0], [0.7201085090637207, 0.8928847312927246, 0.0], [0.7201085090637207, 0.8928847312927246, 0.0], [0.7201085090637207, 0.8928847312927246, 0.0]], "s_pred_p_future": [[0.3950900137424469, 0.0011524056317284703, 0.7126398682594299], [0.3946284353733063, 0.0, 0.712735116481781], [0.3966362476348877, 0.005163511261343956, 0.7121991515159607], [0.3946284353733063, 0.0, 0.712735116481781]], "shift_hold_p_now_after": [[0.7201085090637207, 0.8928847312927246, 0.0], [0.7201085090637207, 0.8928847312927246, 0.0], [0.7201085090637207, 0.8928847312927246, 0.0], [0.7201085090637207, 0.8928847312927246, 0.0]], "shift_hold_p_now_before": [[0.7201085090637207, 0.8928847312927246, 0.0], [0.7201085090637207, 0.8928847312927246, 0.0], [0.7201085090637207, 0.8928847312927246, 0.0], [0.7201085090637207, 0.8928847312927246, 0.0]], "s_pred_p_now": [[0.3950900137424469, 0.0011524056317284703, 0.7126398682594299], [0.3946284353733063, 0.0, 0.712735116481781], [0.3966362476348877, 0.005163511261343956, 0.7121991515159607], [0.3946284353733063, 0.0, 0.712735116481781]], "backchannel": [[0.597032904624939, 0.8304943442344666, 0.014734950847923756], [0.605394721031189, 0.8152841925621033, 0.08188976347446442], [0.5981131196022034, 0.8292335271835327, 0.021654242649674416], [0.595701277256012, 0.8304859399795532, 0.010102832689881325]], "short_long": [[0.47914350032806396, 0.25616082549095154, 0.6613522171974182], [0.4657209515571594, 0.22563417255878448, 0.6619061231613159], [0.4166034758090973, 0.06101984158158302, 0.7071661353111267], [0.4158608019351959, 0.05902480706572533, 0.707446813583374]]}, "roddy_events": {"overlaps_before_p_now": [[0.7434503436088562, 0.9030612111091614, 0.0], [0.7434503436088562, 0.9030612111091614, 0.0], [0.7434503436088562, 0.9030612111091614, 0.0], [0.7434503436088562, 0.9030612111091614, 0.0]], "overlaps_before_p_future": [[0.7434503436088562, 0.9030612111091614, 0.0], [0.7434503436088562, 0.9030612111091614, 0.0], [0.7434503436088562, 0.9030612111091614, 0.0], [0.7434503436088562, 0.9030612111091614, 0.0]], "overlaps_after_p_now": [[0.7434503436088562, 0.9030612111091614, 0.0], [0.7434503436088562, 0.9030612111091614, 0.0], [0.7434503436088562, 0.9030612111091614, 0.0], [0.7434503436088562, 0.9030612111091614, 0.0]], "overlaps_after_p_future": [[0.7434503436088562, 0.9030612111091614, 0.0], [0.7434503436088562, 0.9030612111091614, 0.0], [0.7434503436088562, 0.9030612111091614, 0.0], [0.7434503436088562, 0.9030612111091614, 0.0]], "overlap_spred_before_p_future": [[0.9379263520240784, 0.9787174463272095, 0.0], [0.9379263520240784, 0.9787174463272095, 0.0], [0.9379263520240784, 0.9787174463272095, 0.0], [0.9379263520240784, 0.9787174463272095, 0.0]]}, "gap_0": {"gap_0_p_future": [[0.8667518496513367, 0.9527403712272644, 0.0], [0.8667518496513367, 0.9527403712272644, 0.0], [0.8667518496513367, 0.9527403712272644, 0.0], [0.8667518496513367, 0.9527403712272644, 0.0]], "gap_0_p_now": [[0.8667518496513367, 0.9527403712272644, 0.0], [0.8667518496513367, 0.9527403712272644, 0.0], [0.8667518496513367, 0.9527403712272644, 0.0], [0.8667518496513367, 0.9527403712272644, 0.0]], "s_pred_p_now": [[0.4023723006248474, 0.0009313154732808471, 0.7177901864051819], [0.40200406312942505, 0.0, 0.7178643941879272], [0.40682268142700195, 0.014628571458160877, 0.7149751782417297], [0.4022355377674103, 0.00046598323388025165, 0.7179116010665894]], "s_pred_p_future": [[0.4021410346031189, 0.0004657661775127053, 0.7177429795265198], [0.40200406312942505, 0.0, 0.7178643941879272], [0.40682268142700195, 0.014628571458160877, 0.7149751782417297], [0.40228280425071716, 0.0004660918202716857, 0.7179959416389465]], "superset_p_future": [[0.8736826181411743, 0.9553496241569519, 0.0], [0.8736826181411743, 0.9553496241569519, 0.0], [0.8736826181411743, 0.9553496241569519, 0.0], [0.8736826181411743, 0.9553496241569519, 0.0]]}, "fast_shift": {}, "slow_shift": {}, "short_long": {}}, "bal_Accs": {"ekstedt_events": {"shift_hold_p_future_after": [0.49996642011412595, 0.50015290586117, 0.4997237473969752, 0.49769555601274124], "shift_hold_p_future_before": [0.4997292337977959, 0.5008262026767774, 0.49930616484940554, 0.4973791735654158], "s_pred_p_future": [0.5069216400932243, 0.5009727683213978, 0.4991004298877509, 0.5006715927306634], "shift_hold_p_now_after": [0.4999617378666171, 0.5002644756480716, 0.49976080330039047, 0.49769555601274124], "shift_hold_p_now_before": [0.5003752412816617, 0.5007657355358176, 0.4993387395436399, 0.4970208519288382], "s_pred_p_now": [0.5075084664140261, 0.5008285514191768, 0.4986913514857292, 0.4995739213725828], "backchannel": [0.4999965670229175, 0.49872445829290446, 0.5001531966023063, 0.49824689303653974], "short_long": [0.506132577100319, 0.506132577100319, 0.506132577100319, 0.506132577100319]}, "roddy_events": {"overlaps_before_p_now": [0.49632024977698486, 0.49654326494201606, 0.4666964020220042, 0.4964875111507583], "overlaps_before_p_future": [0.48214020220041626, 0.49301219149568837, 0.46976286054118344, 0.4931980374665478], "overlaps_after_p_now": [0.4736470413321439, 0.49959113886410944, 0.47188150460898004, 0.4943688670829616], "overlaps_after_p_future": [0.46346268212905145, 0.4849093071662206, 0.4610466845078799, 0.49507508177222714], "overlap_spred_before_p_future": [0.5040546645583917, 0.49142007378962427, 0.49084782772381597, 0.5127672991491604]}, "gap_0": {"gap_0_p_future": [0.49984196158518424, 0.5006429225013425, 0.499931426835635, 0.49949431035084063], "gap_0_p_now": [0.4997692818846246, 0.5005044716651665, 0.499911805978744, 0.49893615421088344], "s_pred_p_now": [0.5001665001665002, 0.49996669996669996, 0.49866799866799866, 0.49679487179487175], "s_pred_p_future": [0.5003496503496504, 0.5003330003330003, 0.49815184815184815, 0.49676157176157176], "superset_p_future": [0.4998279739550336, 0.5007167278799625, 0.49825521004544004, 0.49969022917863226]}, "fast_shift": {}, "slow_shift": {}, "short_long": {}}}