{"f1_score": {"ekstedt_events": {"shift_hold_p_future_after": [[0.689754068851471, 0.8792341947555542, 0.0], [0.7010648250579834, 0.8765799403190613, 0.06214689090847969], [0.689754068851471, 0.8792341947555542, 0.0], [0.689754068851471, 0.8792341947555542, 0.0]], "shift_hold_p_future_before": [[0.689754068851471, 0.8792341947555542, 0.0], [0.6981646418571472, 0.8527489304542542, 0.1354401856660843], [0.689754068851471, 0.8792341947555542, 0.0], [0.689754068851471, 0.8792341947555542, 0.0]], "s_pred_p_future": [[0.5468847155570984, 0.4914933741092682, 0.5918057560920715], [0.5536671876907349, 0.4674796760082245, 0.6235632300376892], [0.3958759009838104, 0.007462686393409967, 0.710869550704956], [0.47262904047966003, 0.19254659116268158, 0.6997690796852112]], "shift_hold_p_now_after": [[0.689754068851471, 0.8792341947555542, 0.0], [0.689754068851471, 0.8792341947555542, 0.0], [0.689754068851471, 0.8792341947555542, 0.0], [0.689754068851471, 0.8792341947555542, 0.0]], "shift_hold_p_now_before": [[0.689754068851471, 0.8792341947555542, 0.0], [0.6918975114822388, 0.8424737453460693, 0.1437632143497467], [0.689754068851471, 0.8792341947555542, 0.0], [0.689754068851471, 0.8792341947555542, 0.0]], "s_pred_p_now": [[0.5487633347511292, 0.48155340552330017, 0.6032689213752747], [0.537672221660614, 0.3916083872318268, 0.6561264991760254], [0.392880380153656, 0.0, 0.7114967703819275], [0.4707511067390442, 0.1875, 0.7004608511924744]], "backchannel": [[0.48762670159339905, 0.5194985866546631, 0.42307692766189575], [0.5664599537849426, 0.7925058603286743, 0.10865191370248795], [0.5505746603012085, 0.702645480632782, 0.2425875961780548], [0.5535014271736145, 0.7161390781402588, 0.22411347925662994]], "short_long": [[0.43136924505233765, 0.06648199260234833, 0.7165685296058655], [0.4293067157268524, 0.06593406945466995, 0.713322103023529], [0.4242255985736847, 0.2242647111415863, 0.5805168747901917], [0.4326637089252472, 0.0714285746216774, 0.7150084376335144]]}, "roddy_events": {"overlaps_before_p_now": [[0.7040293216705322, 0.8857142925262451, 0.0], [0.7040293216705322, 0.8857142925262451, 0.0], [0.7040293216705322, 0.8857142925262451, 0.0], [0.7040293216705322, 0.8857142925262451, 0.0]], "overlaps_before_p_future": [[0.7040293216705322, 0.8857142925262451, 0.0], [0.7040293216705322, 0.8857142925262451, 0.0], [0.7040293216705322, 0.8857142925262451, 0.0], [0.7040293216705322, 0.8857142925262451, 0.0]], "overlaps_after_p_now": [[0.7040293216705322, 0.8857142925262451, 0.0], [0.7040293216705322, 0.8857142925262451, 0.0], [0.7040293216705322, 0.8857142925262451, 0.0], [0.7040293216705322, 0.8857142925262451, 0.0]], "overlaps_after_p_future": [[0.7040293216705322, 0.8857142925262451, 0.0], [0.7040293216705322, 0.8857142925262451, 0.0], [0.7040293216705322, 0.8857142925262451, 0.0], [0.7040293216705322, 0.8857142925262451, 0.0]], "overlap_spred_before_p_future": [[0.916016697883606, 0.9709091186523438, 0.0], [0.916016697883606, 0.9709091186523438, 0.0], [0.916016697883606, 0.9709091186523438, 0.0], [0.916016697883606, 0.9709091186523438, 0.0]]}, "gap_0": {"gap_0_p_future": [[0.8602596521377563, 0.9502798914909363, 0.0], [0.8602596521377563, 0.9502798914909363, 0.0], [0.8602596521377563, 0.9502798914909363, 0.0], [0.8602596521377563, 0.9502798914909363, 0.0]], "gap_0_p_now": [[0.8602596521377563, 0.9502798914909363, 0.0], [0.8602596521377563, 0.9502798914909363, 0.0], [0.8602596521377563, 0.9502798914909363, 0.0], [0.8602596521377563, 0.9502798914909363, 0.0]], "s_pred_p_now": [[0.5676946640014648, 0.4636785089969635, 0.6526526808738708], [0.5538349747657776, 0.46449702978134155, 0.6268041133880615], [0.39026230573654175, 0.0, 0.7090196013450623], [0.565414547920227, 0.5, 0.618843674659729]], "s_pred_p_future": [[0.5682452321052551, 0.515688955783844, 0.6111719608306885], [0.5491892099380493, 0.4501510560512543, 0.630081295967102], [0.39026230573654175, 0.0, 0.7090196013450623], [0.5589471459388733, 0.49861496686935425, 0.6082251071929932]], "superset_p_future": [[0.8675425052642822, 0.9530389308929443, 0.0], [0.8675425052642822, 0.9530389308929443, 0.0], [0.8675425052642822, 0.9530389308929443, 0.0], [0.8675425052642822, 0.9530389308929443, 0.0]]}, "fast_shift": {}, "slow_shift": {}, "short_long": {}}, "bal_Accs": {"ekstedt_events": {"shift_hold_p_future_after": [0.5659777546267925, 0.5483642807533603, 0.5004187604690117, 0.5782060710054336], "shift_hold_p_future_before": [0.571120337459656, 0.5471948155411203, 0.5001506516321444, 0.5753743310046165], "s_pred_p_future": [0.5514051898037777, 0.5469580964606638, 0.5003553090042179, 0.5125733541169999], "shift_hold_p_now_after": [0.5713373779466437, 0.5466407239449279, 0.5001506516321444, 0.5782060710054336], "shift_hold_p_now_before": [0.573566511418883, 0.5512113412591413, 0.5009881725701679, 0.5756424398414839], "s_pred_p_now": [0.5537433522831469, 0.5533078122134605, 0.5, 0.5188772235466715], "backchannel": [0.5024958576330449, 0.4964225605698853, 0.4749605333542083, 0.4987357626521586], "short_long": [0.4885226504394861, 0.4943035835023665, 0.5073022312373225, 0.506473968897904]}, "roddy_events": {"overlaps_before_p_now": [0.7368951612903225, 0.6290322580645161, 0.7056451612903225, 0.5], "overlaps_before_p_future": [0.6280241935483871, 0.6290322580645161, 0.7056451612903225, 0.5], "overlaps_after_p_now": [0.5, 0.6290322580645161, 0.6824596774193548, 0.5], "overlaps_after_p_future": [0.7449596774193548, 0.5856854838709677, 0.6824596774193548, 0.5], "overlap_spred_before_p_future": [0.7227294007490637, 0.6245318352059925, 0.6432584269662922, 0.50187265917603]}, "gap_0": {"gap_0_p_future": [0.55717179227113, 0.5513470679033593, 0.5015527498971207, 0.5808202496944219], "gap_0_p_now": [0.5553360288459626, 0.5421827839046383, 0.5014884981772398, 0.5693734998370761], "s_pred_p_now": [0.5727313406121353, 0.5477030010142593, 0.5289899170693872, 0.5880914026609391], "s_pred_p_future": [0.5633524252729551, 0.5435147067597399, 0.5347771612672275, 0.5533977686295567], "superset_p_future": [0.5613007516674724, 0.5622763467804913, 0.5005098632553917, 0.5872327642249833]}, "fast_shift": {}, "slow_shift": {}, "short_long": {}}}