{"f1_score": {"ekstedt_events": {"shift_hold_p_future_after": [[0.689754068851471, 0.8792341947555542, 0.0], [0.6894301772117615, 0.8788213729858398, 0.0], [0.689754068851471, 0.8792341947555542, 0.0], [0.689754068851471, 0.8792341947555542, 0.0]], "shift_hold_p_future_before": [[0.689754068851471, 0.8792341947555542, 0.0], [0.6894301772117615, 0.8788213729858398, 0.0], [0.689754068851471, 0.8792341947555542, 0.0], [0.689754068851471, 0.8792341947555542, 0.0]], "s_pred_p_future": [[0.4300011098384857, 0.08965517580509186, 0.7060133814811707], [0.4000837802886963, 0.021897809579968452, 0.7067833542823792], [0.392880380153656, 0.0, 0.7114967703819275], [0.392880380153656, 0.0, 0.7114967703819275]], "shift_hold_p_now_after": [[0.689754068851471, 0.8792341947555542, 0.0], [0.689754068851471, 0.8792341947555542, 0.0], [0.689754068851471, 0.8792341947555542, 0.0], [0.689754068851471, 0.8792341947555542, 0.0]], "shift_hold_p_now_before": [[0.689754068851471, 0.8792341947555542, 0.0], [0.6891061067581177, 0.8784082531929016, 0.0], [0.689754068851471, 0.8792341947555542, 0.0], [0.689754068851471, 0.8792341947555542, 0.0]], "s_pred_p_now": [[0.4231939911842346, 0.0763888880610466, 0.7044444680213928], [0.3921078145503998, 0.0, 0.7100977301597595], [0.392880380153656, 0.0, 0.7114967703819275], [0.392880380153656, 0.0, 0.7114967703819275]], "backchannel": [[0.5369159579277039, 0.7574591040611267, 0.09025270491838455], [0.5369030237197876, 0.8020027279853821, 0.0], [0.5344255566596985, 0.7939421534538269, 0.008830022066831589], [0.5366819500923157, 0.7972540259361267, 0.008948545902967453]], "short_long": [[0.43136924505233765, 0.06648199260234833, 0.7165685296058655], [0.43136924505233765, 0.06648199260234833, 0.7165685296058655], [0.45949265360832214, 0.5266821384429932, 0.40697672963142395], [0.43068233132362366, 0.06629834324121475, 0.7154881954193115]]}, "roddy_events": {"overlaps_before_p_now": [[0.7040293216705322, 0.8857142925262451, 0.0], [0.7040293216705322, 0.8857142925262451, 0.0], [0.7040293216705322, 0.8857142925262451, 0.0], [0.7040293216705322, 0.8857142925262451, 0.0]], "overlaps_before_p_future": [[0.7040293216705322, 0.8857142925262451, 0.0], [0.7040293216705322, 0.8857142925262451, 0.0], [0.7040293216705322, 0.8857142925262451, 0.0], [0.7040293216705322, 0.8857142925262451, 0.0]], "overlaps_after_p_now": [[0.7040293216705322, 0.8857142925262451, 0.0], [0.7040293216705322, 0.8857142925262451, 0.0], [0.7040293216705322, 0.8857142925262451, 0.0], [0.7040293216705322, 0.8857142925262451, 0.0]], "overlaps_after_p_future": [[0.7040293216705322, 0.8857142925262451, 0.0], [0.7040293216705322, 0.8857142925262451, 0.0], [0.7040293216705322, 0.8857142925262451, 0.0], [0.7040293216705322, 0.8857142925262451, 0.0]], "overlap_spred_before_p_future": [[0.916016697883606, 0.9709091186523438, 0.0], [0.916016697883606, 0.9709091186523438, 0.0], [0.916016697883606, 0.9709091186523438, 0.0], [0.916016697883606, 0.9709091186523438, 0.0]]}, "gap_0": {"gap_0_p_future": [[0.8602596521377563, 0.9502798914909363, 0.0], [0.8602596521377563, 0.9502798914909363, 0.0], [0.8602596521377563, 0.9502798914909363, 0.0], [0.8602596521377563, 0.9502798914909363, 0.0]], "gap_0_p_now": [[0.8602596521377563, 0.9502798914909363, 0.0], [0.8602596521377563, 0.9502798914909363, 0.0], [0.8602596521377563, 0.9502798914909363, 0.0], [0.8602596521377563, 0.9502798914909363, 0.0]], "s_pred_p_now": [[0.4034267067909241, 0.03141361102461815, 0.7072784900665283], [0.39283329248428345, 0.010582010261714458, 0.7050473093986511], [0.3908191919326782, 0.0, 0.7100313305854797], [0.40462517738342285, 0.031578946858644485, 0.7093207240104675]], "s_pred_p_future": [[0.41386568546295166, 0.06060606241226196, 0.7024000287055969], [0.3907229006290436, 0.005319148767739534, 0.7055118083953857], [0.3908191919326782, 0.0, 0.7100313305854797], [0.40725651383399963, 0.036745406687259674, 0.7098814249038696]], "superset_p_future": [[0.8675425052642822, 0.9530389308929443, 0.0], [0.8675425052642822, 0.9530389308929443, 0.0], [0.8675425052642822, 0.9530389308929443, 0.0], [0.8675425052642822, 0.9530389308929443, 0.0]]}, "fast_shift": {}, "slow_shift": {}, "short_long": {}}, "bal_Accs": {"ekstedt_events": {"shift_hold_p_future_after": [0.5031202761776361, 0.49892756465253096, 0.5, 0.4820316010949054], "shift_hold_p_future_before": [0.4951459533439555, 0.5005694121011561, 0.5004187604690117, 0.4816256077133636], "s_pred_p_future": [0.49253851091142486, 0.4980171465248487, 0.5, 0.49401705483220243], "shift_hold_p_now_after": [0.486584344486661, 0.4975206316133513, 0.5004187604690117, 0.48286912203292887], "shift_hold_p_now_before": [0.4952812844711362, 0.49949697675368715, 0.5008375209380235, 0.48048678351105123], "s_pred_p_now": [0.4920342013570511, 0.49649275628094625, 0.5, 0.49595406198422887], "backchannel": [0.47538716453351076, 0.5009915587041893, 0.480509348050152, 0.4987357626521586], "short_long": [0.49839418526031104, 0.5, 0.5073022312373225, 0.5061528059499663]}, "roddy_events": {"overlaps_before_p_now": [0.4717741935483871, 0.5756048387096775, 0.4495967741935484, 0.5], "overlaps_before_p_future": [0.49294354838709675, 0.5756048387096775, 0.4495967741935484, 0.5], "overlaps_after_p_now": [0.5, 0.5836693548387097, 0.43548387096774194, 0.5], "overlaps_after_p_future": [0.4959677419354839, 0.5, 0.43548387096774194, 0.5], "overlap_spred_before_p_future": [0.5079588014981273, 0.5914091760299626, 0.5145131086142323, 0.50187265917603]}, "gap_0": {"gap_0_p_future": [0.5053634888071974, 0.4993322410540954, 0.5006930006930007, 0.4975836763916234], "gap_0_p_now": [0.5048754816966737, 0.4957226712193599, 0.5006930006930007, 0.5013967100059815], "s_pred_p_now": [0.47634985979356836, 0.49608018614641136, 0.49303740826919634, 0.4813018316329575], "s_pred_p_future": [0.5007636775848696, 0.4958325875544419, 0.48972614999105063, 0.5050444484219319], "superset_p_future": [0.5073513499951388, 0.4884687121830884, 0.5004202563563774, 0.49996572536112704]}, "fast_shift": {}, "slow_shift": {}, "short_long": {}}}