{"f1_score": {"ekstedt_events": {"shift_hold_p_future_after": [[0.7201085090637207, 0.8928847312927246, 0.0], [0.7201085090637207, 0.8928847312927246, 0.0], [0.7201085090637207, 0.8928847312927246, 0.0], [0.7201085090637207, 0.8928847312927246, 0.0]], "shift_hold_p_future_before": [[0.7201085090637207, 0.8928847312927246, 0.0], [0.7201085090637207, 0.8928847312927246, 0.0], [0.7201085090637207, 0.8928847312927246, 0.0], [0.7201085090637207, 0.8928847312927246, 0.0]], "s_pred_p_future": [[0.3950900137424469, 0.0011524056317284703, 0.7126398682594299], [0.3946284353733063, 0.0, 0.712735116481781], [0.39705485105514526, 0.005173900630325079, 0.7129468321800232], [0.3946284353733063, 0.0, 0.712735116481781]], "shift_hold_p_now_after": [[0.7201085090637207, 0.8928847312927246, 0.0], [0.7201085090637207, 0.8928847312927246, 0.0], [0.7201085090637207, 0.8928847312927246, 0.0], [0.7201085090637207, 0.8928847312927246, 0.0]], "shift_hold_p_now_before": [[0.7201085090637207, 0.8928847312927246, 0.0], [0.7201085090637207, 0.8928847312927246, 0.0], [0.7201085090637207, 0.8928847312927246, 0.0], [0.7201085090637207, 0.8928847312927246, 0.0]], "s_pred_p_now": [[0.3950900137424469, 0.0011524056317284703, 0.7126398682594299], [0.3946284353733063, 0.0, 0.712735116481781], [0.39705485105514526, 0.005173900630325079, 0.7129468321800232], [0.3946284353733063, 0.0, 0.712735116481781]], "backchannel": [[0.5957802534103394, 0.8305943608283997, 0.010108303278684616], [0.6041448712348938, 0.8177458047866821, 0.07138263434171677], [0.5985962152481079, 0.8313759565353394, 0.017998559400439262], [0.5947762131690979, 0.8306267261505127, 0.0065193772315979]], "short_long": [[0.4811771512031555, 0.26787129044532776, 0.6554784774780273], [0.4835510551929474, 0.26295337080955505, 0.6638109087944031], [0.41945552825927734, 0.06676589697599411, 0.7076533436775208], [0.41602030396461487, 0.05942710489034653, 0.7074078917503357]]}, "roddy_events": {"overlaps_before_p_now": [[0.7434503436088562, 0.9030612111091614, 0.0], [0.7434503436088562, 0.9030612111091614, 0.0], [0.7434503436088562, 0.9030612111091614, 0.0], [0.7434503436088562, 0.9030612111091614, 0.0]], "overlaps_before_p_future": [[0.7434503436088562, 0.9030612111091614, 0.0], [0.7434503436088562, 0.9030612111091614, 0.0], [0.7434503436088562, 0.9030612111091614, 0.0], [0.7434503436088562, 0.9030612111091614, 0.0]], "overlaps_after_p_now": [[0.7434503436088562, 0.9030612111091614, 0.0], [0.7434503436088562, 0.9030612111091614, 0.0], [0.7434503436088562, 0.9030612111091614, 0.0], [0.7434503436088562, 0.9030612111091614, 0.0]], "overlaps_after_p_future": [[0.7434503436088562, 0.9030612111091614, 0.0], [0.7434503436088562, 0.9030612111091614, 0.0], [0.7434503436088562, 0.9030612111091614, 0.0], [0.7434503436088562, 0.9030612111091614, 0.0]], "overlap_spred_before_p_future": [[0.9379263520240784, 0.9787174463272095, 0.0], [0.9379263520240784, 0.9787174463272095, 0.0], [0.9379263520240784, 0.9787174463272095, 0.0], [0.9379263520240784, 0.9787174463272095, 0.0]]}, "gap_0": {"gap_0_p_future": [[0.8667518496513367, 0.9527403712272644, 0.0], [0.8667518496513367, 0.9527403712272644, 0.0], [0.8667518496513367, 0.9527403712272644, 0.0], [0.8667518496513367, 0.9527403712272644, 0.0]], "gap_0_p_now": [[0.8667518496513367, 0.9527403712272644, 0.0], [0.8667518496513367, 0.9527403712272644, 0.0], [0.8667518496513367, 0.9527403712272644, 0.0], [0.8667518496513367, 0.9527403712272644, 0.0]], "s_pred_p_now": [[0.4026508629322052, 0.0013969732681289315, 0.7179217338562012], [0.40228280425071716, 0.0004660918202716857, 0.7179959416389465], [0.4107249975204468, 0.021033378317952156, 0.716911256313324], [0.40200406312942505, 0.0, 0.7178643941879272]], "s_pred_p_future": [[0.4026508629322052, 0.0013969732681289315, 0.7179217338562012], [0.40228280425071716, 0.0004660918202716857, 0.7179959416389465], [0.41062015295028687, 0.020160365849733353, 0.7174099683761597], [0.40205127000808716, 0.0, 0.7179487347602844]], "superset_p_future": [[0.8736826181411743, 0.9553496241569519, 0.0], [0.8736826181411743, 0.9553496241569519, 0.0], [0.8736826181411743, 0.9553496241569519, 0.0], [0.8736826181411743, 0.9553496241569519, 0.0]]}, "fast_shift": {}, "slow_shift": {}, "short_long": {}}, "bal_Accs": {"ekstedt_events": {"shift_hold_p_future_after": [0.5007152360048595, 0.4991860347207978, 0.4996215421050913, 0.5005513573420481], "shift_hold_p_future_before": [0.5002919660181413, 0.49986869603142303, 0.5005802549804133, 0.49940268270214083], "s_pred_p_future": [0.513102177658458, 0.5005445101779042, 0.5008074604097611, 0.5005992663279453], "shift_hold_p_now_after": [0.5009058008844286, 0.4992418196142487, 0.4991703796716476, 0.5005792497887736], "shift_hold_p_now_before": [0.5004218627184226, 0.49989658847814844, 0.5004686851935116, 0.49985812530643753], "s_pred_p_now": [0.514377731059385, 0.5002560763734624, 0.5012960408520446, 0.4979870995449372], "backchannel": [0.49970223691833093, 0.4984675094943272, 0.5016151680370762, 0.49837601111903135], "short_long": [0.506132577100319, 0.506132577100319, 0.506132577100319, 0.506132577100319]}, "roddy_events": {"overlaps_before_p_now": [0.4589466250371692, 0.4812853107344633, 0.4744647636039251, 0.5], "overlaps_before_p_future": [0.47156556645851916, 0.4768064228367529, 0.4747063633660422, 0.4992937853107345], "overlaps_after_p_now": [0.46002453166815344, 0.4798542967588463, 0.4709522747546833, 0.48424026167112694], "overlaps_after_p_future": [0.4698000297353553, 0.48325527802557244, 0.4690566458519179, 0.48424026167112694], "overlap_spred_before_p_future": [0.47931255176568033, 0.49084782772381597, 0.49084782772381597, 0.5023228672539719]}, "gap_0": {"gap_0_p_future": [0.5006054445348725, 0.5001247002627917, 0.5006927333876967, 0.5006476879469103], "gap_0_p_now": [0.5006886601297532, 0.5001421447220561, 0.5007654130882564, 0.5006676881758646], "s_pred_p_now": [0.4989510489510489, 0.5007908757908758, 0.49970029970029967, 0.5004578754578755], "s_pred_p_future": [0.498992673992674, 0.5005328005328006, 0.4993173493173493, 0.5002331002331002], "superset_p_future": [0.5005953331346323, 0.4999798737983277, 0.498853215181151, 0.5003597809327668]}, "fast_shift": {}, "slow_shift": {}, "short_long": {}}}