{"f1_score": {"ekstedt_events": {"shift_hold_p_future_after": [[0.689754068851471, 0.8792341947555542, 0.0], [0.7028656005859375, 0.8773234486579895, 0.06779661029577255], [0.689754068851471, 0.8792341947555542, 0.0], [0.689754068851471, 0.8792341947555542, 0.0]], "shift_hold_p_future_before": [[0.689754068851471, 0.8792341947555542, 0.0], [0.7136456370353699, 0.8740127682685852, 0.12987013161182404], [0.689754068851471, 0.8792341947555542, 0.0], [0.689754068851471, 0.8792341947555542, 0.0]], "s_pred_p_future": [[0.586000919342041, 0.5393258333206177, 0.6238532066345215], [0.5511431097984314, 0.42081448435783386, 0.6568364500999451], [0.4017150402069092, 0.022058824077248573, 0.7096070051193237], [0.4293753206729889, 0.0839160829782486, 0.7095343470573425]], "shift_hold_p_now_after": [[0.689754068851471, 0.8792341947555542, 0.0], [0.689754068851471, 0.8792341947555542, 0.0], [0.689754068851471, 0.8792341947555542, 0.0], [0.689754068851471, 0.8792341947555542, 0.0]], "shift_hold_p_now_before": [[0.689754068851471, 0.8792341947555542, 0.0], [0.7125054597854614, 0.8717948794364929, 0.13265305757522583], [0.689754068851471, 0.8792341947555542, 0.0], [0.689754068851471, 0.8792341947555542, 0.0]], "s_pred_p_now": [[0.5851920247077942, 0.5305343270301819, 0.6295180916786194], [0.5085610151290894, 0.29946523904800415, 0.6781326532363892], [0.392880380153656, 0.0, 0.7114967703819275], [0.43029627203941345, 0.08421052992343903, 0.7109634280204773]], "backchannel": [[0.4517139196395874, 0.47421202063560486, 0.40614888072013855], [0.5398750305175781, 0.7955902814865112, 0.021978022530674934], [0.5457099676132202, 0.7255200147628784, 0.18154311180114746], [0.527340829372406, 0.7089514136314392, 0.15952733159065247]], "short_long": [[0.43136924505233765, 0.06648199260234833, 0.7165685296058655], [0.43136924505233765, 0.06648199260234833, 0.7165685296058655], [0.45499593019485474, 0.23320157825946808, 0.6283524632453918], [0.43136924505233765, 0.06648199260234833, 0.7165685296058655]]}, "roddy_events": {"overlaps_before_p_now": [[0.7040293216705322, 0.8857142925262451, 0.0], [0.7040293216705322, 0.8857142925262451, 0.0], [0.7040293216705322, 0.8857142925262451, 0.0], [0.7040293216705322, 0.8857142925262451, 0.0]], "overlaps_before_p_future": [[0.7040293216705322, 0.8857142925262451, 0.0], [0.7040293216705322, 0.8857142925262451, 0.0], [0.7040293216705322, 0.8857142925262451, 0.0], [0.7040293216705322, 0.8857142925262451, 0.0]], "overlaps_after_p_now": [[0.7040293216705322, 0.8857142925262451, 0.0], [0.7040293216705322, 0.8857142925262451, 0.0], [0.7040293216705322, 0.8857142925262451, 0.0], [0.7040293216705322, 0.8857142925262451, 0.0]], "overlaps_after_p_future": [[0.7040293216705322, 0.8857142925262451, 0.0], [0.7040293216705322, 0.8857142925262451, 0.0], [0.7040293216705322, 0.8857142925262451, 0.0], [0.7040293216705322, 0.8857142925262451, 0.0]], "overlap_spred_before_p_future": [[0.916016697883606, 0.9709091186523438, 0.0], [0.916016697883606, 0.9709091186523438, 0.0], [0.916016697883606, 0.9709091186523438, 0.0], [0.916016697883606, 0.9709091186523438, 0.0]]}, "gap_0": {"gap_0_p_future": [[0.8602596521377563, 0.9502798914909363, 0.0], [0.8602596521377563, 0.9502798914909363, 0.0], [0.8602596521377563, 0.9502798914909363, 0.0], [0.8602596521377563, 0.9502798914909363, 0.0]], "gap_0_p_now": [[0.8602596521377563, 0.9502798914909363, 0.0], [0.8602596521377563, 0.9502798914909363, 0.0], [0.8602596521377563, 0.9502798914909363, 0.0], [0.8602596521377563, 0.9502798914909363, 0.0]], "s_pred_p_now": [[0.5705437660217285, 0.46841293573379517, 0.6539618968963623], [0.5760878324508667, 0.4651898741722107, 0.6666666865348816], [0.3962668776512146, 0.01075268816202879, 0.7111459970474243], [0.5582932233810425, 0.438400000333786, 0.6562193632125854]], "s_pred_p_future": [[0.58399498462677, 0.5327869057655334, 0.6258205771446228], [0.5642820000648499, 0.4318936765193939, 0.6724137663841248], [0.3962668776512146, 0.01075268816202879, 0.7111459970474243], [0.5697525143623352, 0.46081504225730896, 0.658730149269104]], "superset_p_future": [[0.8675425052642822, 0.9530389308929443, 0.0], [0.8675425052642822, 0.9530389308929443, 0.0], [0.8675425052642822, 0.9530389308929443, 0.0], [0.8675425052642822, 0.9530389308929443, 0.0]]}, "fast_shift": {}, "slow_shift": {}, "short_long": {}}, "bal_Accs": {"ekstedt_events": {"shift_hold_p_future_after": [0.5687073579278507, 0.554280549086898, 0.5008375209380235, 0.5754585937819178], "shift_hold_p_future_before": [0.5644022960330106, 0.5227586101237897, 0.5003013032642889, 0.5752900682273154], "s_pred_p_future": [0.5677608655785806, 0.5482876398312855, 0.5010659270126536, 0.5160232899321474], "shift_hold_p_now_after": [0.5665292928054908, 0.5451035666135555, 0.5018256935081914, 0.5754585937819178], "shift_hold_p_now_before": [0.5667310127875148, 0.5624872329125301, 0.4991956734893982, 0.5759769375331945], "s_pred_p_now": [0.5689299468182651, 0.5512332660920594, 0.5, 0.5298459563543003], "backchannel": [0.4763604576826229, 0.4970044489673438, 0.48567197672446405, 0.4987357626521586], "short_long": [0.4472447599729547, 0.5, 0.5073022312373225, 0.5073022312373225]}, "roddy_events": {"overlaps_before_p_now": [0.7298387096774194, 0.6774193548387097, 0.7540322580645161, 0.5], "overlaps_before_p_future": [0.6995967741935484, 0.6774193548387097, 0.7540322580645161, 0.5], "overlaps_after_p_now": [0.5, 0.6693548387096775, 0.7701612903225806, 0.5], "overlaps_after_p_future": [0.7772177419354839, 0.5231854838709677, 0.7701612903225806, 0.5], "overlap_spred_before_p_future": [0.7270599250936329, 0.6763810861423221, 0.6251170411985019, 0.50187265917603]}, "gap_0": {"gap_0_p_future": [0.567015308737163, 0.550605878420448, 0.5039652489983616, 0.5713500051248395], "gap_0_p_now": [0.5705055539492625, 0.5201842188597156, 0.5036699970474805, 0.569118787661834], "s_pred_p_now": [0.5742169321639521, 0.5717170813197303, 0.5530039973748584, 0.583923990215381], "s_pred_p_future": [0.5791868026967364, 0.563092894218722, 0.5653003997374858, 0.5650945647634389], "superset_p_future": [0.5728609377093161, 0.5420050260509657, 0.5035412646490479, 0.5771806622935514]}, "fast_shift": {}, "slow_shift": {}, "short_long": {}}}