{"f1_score": {"ekstedt_events": {"shift_hold_p_future_after": [[0.516481876373291, 0.5555970072746277, 0.41629934310913086], [0.45901280641555786, 0.4753399193286896, 0.41719546914100647], [0.5443536639213562, 0.6024147272109985, 0.3956466019153595], [0.5665121078491211, 0.6370250582695007, 0.3859129250049591], [0.4910058081150055, 0.5218058824539185, 0.4121200740337372]], "shift_hold_p_future_before": [[0.46512076258659363, 0.48121026158332825, 0.42391207814216614], [0.42200803756713867, 0.42195308208465576, 0.42214885354042053], [0.47581246495246887, 0.5005483031272888, 0.41245853900909424], [0.5298552513122559, 0.5793879628181458, 0.4029911756515503], [0.4551970958709717, 0.46996039152145386, 0.41738513112068176]], "s_pred_p_future": [[0.46717000007629395, 0.1846625804901123, 0.6960896253585815], [0.44723761081695557, 0.12665782868862152, 0.7070077657699585], [0.4751526117324829, 0.20952944457530975, 0.6903906464576721], [0.5353186726570129, 0.3813997209072113, 0.6600412726402283], [0.4849543571472168, 0.23250433802604675, 0.6895180344581604]], "shift_hold_p_now_after": [[0.5158863067626953, 0.5642852187156677, 0.3919261693954468], [0.4958969056606293, 0.5331726670265198, 0.40042558312416077], [0.4676320254802704, 0.4889100193977356, 0.4131344258785248], [0.5486138463020325, 0.6106796264648438, 0.3896499276161194], [0.5138595700263977, 0.5565487146377563, 0.4045233726501465]], "shift_hold_p_now_before": [[0.3911978602409363, 0.37894368171691895, 0.42258355021476746], [0.3403051495552063, 0.306338369846344, 0.4273015260696411], [0.2991015315055847, 0.248996764421463, 0.42743077874183655], [0.47087961435317993, 0.4941750764846802, 0.4112149477005005], [0.37952351570129395, 0.36037328839302063, 0.4285714328289032]], "s_pred_p_now": [[0.46300506591796875, 0.16243980824947357, 0.7065572142601013], [0.43150919675827026, 0.08440878987312317, 0.7127694487571716], [0.445064902305603, 0.11537156254053116, 0.7122198939323425], [0.5105501413345337, 0.2823595106601715, 0.6954561471939087], [0.4667854309082031, 0.16996805369853973, 0.70730060338974]], "backchannel": [[0.4998365640640259, 0.7720323204994202, 0.03002421371638775], [0.5662413835525513, 0.7214521765708923, 0.2983461320400238], [0.5320160984992981, 0.7551690340042114, 0.14685218036174774], [0.5384900569915771, 0.7566689252853394, 0.1619112640619278], [0.5274552702903748, 0.7717756032943726, 0.10575615614652634]], "short_long": [[0.2068982571363449, 0.5315037965774536, 0.021735550835728645], [0.39155328273773193, 0.510614812374115, 0.3236377537250519], [0.25160786509513855, 0.528730034828186, 0.09353078901767731], [0.2684043049812317, 0.5272220373153687, 0.12076852470636368], [0.23554947972297668, 0.5362041592597961, 0.06404892355203629]]}, "roddy_events": {"overlaps_before_p_now": [[0.5540177226066589, 0.6186299920082092, 0.3823416531085968], [0.5078988671302795, 0.5467217564582825, 0.40474575757980347], [0.4989641606807709, 0.5284423232078552, 0.42064011096954346], [0.5793848037719727, 0.6463044881820679, 0.4015779197216034], [0.5419880151748657, 0.5920237898826599, 0.40904197096824646]], "overlaps_before_p_future": [[0.5424706935882568, 0.6000484824180603, 0.3894853889942169], [0.4464399516582489, 0.45854485034942627, 0.41427698731422424], [0.5426338911056519, 0.5875847935676575, 0.4231985807418823], [0.5734584927558899, 0.6429898142814636, 0.38871222734451294], [0.5358700752258301, 0.5865741968154907, 0.4011482000350952]], "overlaps_after_p_now": [[0.612334132194519, 0.7055543661117554, 0.36464598774909973], [0.6097233295440674, 0.7044724822044373, 0.35797303915023804], [0.6308718919754028, 0.7152461409568787, 0.40668776631355286], [0.6329901218414307, 0.733180582523346, 0.366782009601593], [0.6138032078742981, 0.7107051610946655, 0.3563326895236969]], "overlaps_after_p_future": [[0.5620601773262024, 0.6263008713722229, 0.39137133955955505], [0.48497945070266724, 0.5131086111068726, 0.4102397859096527], [0.5866910815238953, 0.6500821113586426, 0.418259859085083], [0.594792902469635, 0.6758866906166077, 0.3793250620365143], [0.5508555769920349, 0.6053658723831177, 0.40602055191993713]], "overlap_spred_before_p_future": [[0.36942264437675476, 0.36169013381004333, 0.3918411135673523], [0.2682757079601288, 0.22348126769065857, 0.3981458842754364], [0.3673754334449768, 0.3574468195438385, 0.3961610198020935], [0.4578489065170288, 0.48265382647514343, 0.3859332799911499], [0.33086904883384705, 0.31070801615715027, 0.38932088017463684]]}, "gap_0": {"gap_0_p_future": [[0.49845749139785767, 0.5387672185897827, 0.345243364572525], [0.47258517146110535, 0.5073089003562927, 0.34060296416282654], [0.5331112146377563, 0.5855304598808289, 0.33386972546577454], [0.5744485259056091, 0.6382154226303101, 0.33207547664642334], [0.5301628708839417, 0.5813615322113037, 0.33556094765663147]], "gap_0_p_now": [[0.4563872218132019, 0.48640286922454834, 0.34230008721351624], [0.36608999967575073, 0.3709590435028076, 0.3475831151008606], [0.3705822229385376, 0.3769035041332245, 0.34655553102493286], [0.520770251750946, 0.5678582191467285, 0.34179258346557617], [0.40937909483909607, 0.4258718490600586, 0.34669142961502075]], "s_pred_p_now": [[0.5016369819641113, 0.2562803328037262, 0.6991717219352722], [0.48902615904808044, 0.21071836352348328, 0.7130895853042603], [0.4813954830169678, 0.19218240678310394, 0.714238703250885], [0.5389122366905212, 0.353512704372406, 0.6881759166717529], [0.5076090693473816, 0.26635807752609253, 0.7018383741378784]], "s_pred_p_future": [[0.491087943315506, 0.24211853742599487, 0.691531240940094], [0.45379331707954407, 0.14370125532150269, 0.7034460306167603], [0.4925166666507721, 0.2576463520526886, 0.6816089153289795], [0.533793568611145, 0.3853675127029419, 0.6532902121543884], [0.5028800964355469, 0.28113245964050293, 0.6814073920249939]], "superset_p_future": [[0.5322024822235107, 0.582069993019104, 0.3180720806121826], [0.4929249584674835, 0.5346810817718506, 0.31362468004226685], [0.569685161113739, 0.6300896406173706, 0.31030893325805664], [0.5999226570129395, 0.6684908866882324, 0.30549156665802], [0.5334691405296326, 0.5853915214538574, 0.3105149269104004]]}, "fast_shift": {}, "slow_shift": {}, "short_long": {}}, "bal_Accs": {"ekstedt_events": {"shift_hold_p_future_after": [0.514989709115447, 0.5071548669116139, 0.5127249830521041, 0.5313779658462792, 0.5125994095470946], "shift_hold_p_future_before": [0.5109761682685677, 0.5058284002279888, 0.5117739941088219, 0.526183327446132, 0.5134494141702164], "s_pred_p_future": [0.5180710816453972, 0.5169247971850347, 0.5157232944396085, 0.5366527640792037, 0.5206220654062831], "shift_hold_p_now_after": [0.5169170040977477, 0.5136771082465272, 0.5113438520362401, 0.525386850904108, 0.5229669555443162], "shift_hold_p_now_before": [0.5051940880285005, 0.5025207376485595, 0.5022360002141834, 0.5164074664766855, 0.5096431148791093], "s_pred_p_now": [0.5243200631373952, 0.5160259288007352, 0.5194877898005992, 0.5359191016209485, 0.5225939305677203], "backchannel": [0.5061904174725352, 0.4970571261322799, 0.5115896215237611, 0.529671039560736, 0.5244722511090297], "short_long": [0.5002284726540385, 0.50451566010035, 0.5038250791922163, 0.4998273609193309, 0.5034301629927307]}, "roddy_events": {"overlaps_before_p_now": [0.5242685935923926, 0.5129702577751721, 0.5166299379957776, 0.5502763405532518, 0.5436878785009513], "overlaps_before_p_future": [0.5238334269384805, 0.5004401387517959, 0.5316244881441407, 0.5420626510274733, 0.5213955857282632], "overlaps_after_p_now": [0.5429388211458567, 0.5415719265841644, 0.5665977923020684, 0.5538303096492855, 0.5485620476742039], "overlaps_after_p_future": [0.5319829115481081, 0.5153555676903567, 0.5266521740822264, 0.5494920461566332, 0.5416992555256221], "overlap_spred_before_p_future": [0.49990490398274007, 0.4966466766913718, 0.5004608194503054, 0.5185147983271026, 0.5022361432225266]},