{"f1_score": {"ekstedt_events": {"shift_hold_p_future_after": [[0.6827050447463989, 0.7654822468757629, 0.48552337288856506], [0.6837345957756042, 0.8193202018737793, 0.3607594966888428], [0.7198655009269714, 0.8245125412940979, 0.47058823704719543], [0.708854079246521, 0.8292682766914368, 0.4220183491706848], [0.7162413597106934, 0.8229842185974121, 0.46197181940078735]], "shift_hold_p_future_before": [[0.6918773055076599, 0.7879377603530884, 0.46305418014526367], [0.6781339049339294, 0.7684630751609802, 0.46296295523643494], [0.7049200534820557, 0.8045758008956909, 0.4675324559211731], [0.6978744864463806, 0.8244824409484863, 0.396284818649292], [0.7200407981872559, 0.8209934234619141, 0.47956404089927673]], "s_pred_p_future": [[0.648018479347229, 0.5903614163398743, 0.6964285969734192], [0.6672457456588745, 0.6560846567153931, 0.676616907119751], [0.6775358319282532, 0.6631016135215759, 0.6896551847457886], [0.6249896287918091, 0.6929824352264404, 0.5679012537002563], [0.6634659767150879, 0.6978922486305237, 0.6345608830451965]], "shift_hold_p_now_after": [[0.6936098337173462, 0.8125, 0.41040462255477905], [0.6658095717430115, 0.8165785074234009, 0.30666667222976685], [0.7170678973197937, 0.8136882185935974, 0.48691099882125854], [0.6881594061851501, 0.8248888850212097, 0.36245954036712646], [0.7086566686630249, 0.8248175382614136, 0.43195265531539917]], "shift_hold_p_now_before": [[0.6824546456336975, 0.7849566340446472, 0.4382871389389038], [0.6834453344345093, 0.7939508557319641, 0.4202127754688263], [0.701532244682312, 0.794946551322937, 0.4790123403072357], [0.6928386688232422, 0.8128440380096436, 0.40697672963142395], [0.7020791172981262, 0.8133704662322998, 0.43697479367256165]], "s_pred_p_now": [[0.6876749992370605, 0.6666666865348816, 0.7053139805793762], [0.7206847667694092, 0.6963788270950317, 0.7410926222801208], [0.7440361976623535, 0.72826087474823, 0.7572815418243408], [0.6754938364028931, 0.6881188154220581, 0.664893627166748], [0.6523975729942322, 0.7069351077079773, 0.6066066026687622]], "backchannel": [[0.6088117361068726, 0.671521008014679, 0.5245901346206665], [0.6869940161705017, 0.681640625, 0.694183886051178], [0.6649813055992126, 0.7017841935157776, 0.6155531406402588], [0.6295483708381653, 0.6711864471435547, 0.5736263990402222], [0.6495188474655151, 0.621564507484436, 0.6870629191398621]], "short_long": [[0.5671865940093994, 0.35840708017349243, 0.6697039008140564], [0.6124029755592346, 0.27184465527534485, 0.779627799987793], [0.5371214151382446, 0.34854772686958313, 0.6297169923782349], [0.49675431847572327, 0.37613019347190857, 0.5559845566749573], [0.6189400553703308, 0.32463768124580383, 0.7634517550468445]]}, "roddy_events": {"overlaps_before_p_now": [[0.6063336133956909, 0.7837837934494019, 0.27272728085517883], [0.5961905121803284, 0.7866666913032532, 0.2380952388048172], [0.6051706075668335, 0.7656612396240234, 0.30344828963279724], [0.5874925255775452, 0.772009015083313, 0.24060150980949402], [0.5602724552154541, 0.7661470174789429, 0.17322835326194763]], "overlaps_before_p_future": [[0.6435388922691345, 0.7461928725242615, 0.450549453496933], [0.6454247832298279, 0.7801418304443359, 0.3921568691730499], [0.6787400245666504, 0.7883211970329285, 0.4727272689342499], [0.6229786276817322, 0.7699530720710754, 0.3466666638851166], [0.638367235660553, 0.7793427109718323, 0.3733333349227905]], "overlaps_after_p_now": [[0.5770240426063538, 0.7750557065010071, 0.20472441613674164], [0.5711556077003479, 0.7629796862602234, 0.21052631735801697], [0.6548354029655457, 0.7962962985038757, 0.3888888955116272], [0.5719516277313232, 0.7860261797904968, 0.16949152946472168], [0.6124777793884277, 0.7818182110786438, 0.29411765933036804]], "overlaps_after_p_future": [[0.6418135166168213, 0.7639902830123901, 0.4121212065219879], [0.6286258697509766, 0.7795823812484741, 0.3448275923728943], [0.6575942635536194, 0.7990761995315552, 0.3916083872318268], [0.6179637312889099, 0.7835990786552429, 0.30656933784484863], [0.6854217052459717, 0.811188817024231, 0.44897958636283875]], "overlap_spred_before_p_future": [[0.6716207265853882, 0.7401130199432373, 0.5490196347236633], [0.6348992586135864, 0.7232876420021057, 0.47668394446372986], [0.7222515940666199, 0.8142493367195129, 0.5575757622718811], [0.6964588761329651, 0.8010075688362122, 0.5093167424201965], [0.7297760248184204, 0.801075279712677, 0.602150559425354]]}, "gap_0": {"gap_0_p_future": [[0.7400544881820679, 0.8289530277252197, 0.42877697944641113], [0.7529211640357971, 0.8560885787010193, 0.39168110489845276], [0.7597024440765381, 0.84657883644104, 0.45550528168678284], [0.759725034236908, 0.8669354915618896, 0.38432836532592773], [0.7744114995002747, 0.8755537867546082, 0.4202626645565033]], "gap_0_p_now": [[0.7541846036911011, 0.8563218116760254, 0.3965517282485962], [0.7546045780181885, 0.8580777049064636, 0.3922942280769348], [0.770411491394043, 0.8563000559806824, 0.46967339515686035], [0.7616863250732422, 0.8570244312286377, 0.42786070704460144], [0.767713725566864, 0.8683996796607971, 0.41516244411468506]], "s_pred_p_now": [[0.7206910848617554, 0.7443946003913879, 0.7005254030227661], [0.7341217398643494, 0.7461300492286682, 0.7239057421684265], [0.800000011920929, 0.800000011920929, 0.800000011920929], [0.7134678363800049, 0.7407407164573669, 0.6902654767036438], [0.7181761860847473, 0.7666666507720947, 0.6769230961799622]], "s_pred_p_future": [[0.6833937168121338, 0.6382189393043518, 0.7218259572982788], [0.6877764463424683, 0.650994598865509, 0.7190684080123901], [0.730365514755249, 0.7336522936820984, 0.7275693416595459], [0.6551098823547363, 0.6920821070671082, 0.6236559152603149], [0.695831298828125, 0.7232142686843872, 0.672535240650177]], "superset_p_future": [[0.7380529642105103, 0.8242272734642029, 0.41047120094299316], [0.7627037763595581, 0.8635963797569275, 0.3791722357273102], [0.7718691825866699, 0.8591210246086121, 0.440191388130188], [0.7631208300590515, 0.870268702507019, 0.35581061244010925], [0.7816517353057861, 0.8815903067588806, 0.4017467200756073]]}, "fast_shift": {}, "slow_shift": {}, "short_long": {}}, "bal_Accs": {"ekstedt_events": {"shift_hold_p_future_after": [0.6181627124976649, 0.6373855781804596, 0.6351718662432282, 0.6249906594433028, 0.6452269755277414], "shift_hold_p_future_before": [0.6219783299084625, 0.6313235568839903, 0.635638894078087, 0.6294414347095088, 0.6483093592378106], "s_pred_p_future": [0.6432054271782912, 0.6690693237227051, 0.678503285986856, 0.6608013567945727, 0.6826902692389231], "shift_hold_p_now_after": [0.6197739585279283, 0.6227115636091911, 0.643536334765552, 0.5989351765365216, 0.6427797496730805], "shift_hold_p_now_before": [0.6233233700728563, 0.6200308238371007, 0.6327012889968242, 0.6158696058285074, 0.6334578740892958], "s_pred_p_now": [0.6870362518549926, 0.7190481238075048, 0.7443290226839092, 0.685499258002968, 0.6820277718889124], "backchannel": [0.5975317607073074, 0.6267751933341819, 0.6595559115716029, 0.6330281410721905, 0.6859919746662974], "short_long": [0.5062759792780064, 0.5761410406044597, 0.5277555951430268, 0.4908982943260233, 0.5346765771853308]}, "roddy_events": {"overlaps_before_p_now": [0.5702127659574469, 0.5661702127659575, 0.5488297872340425, 0.5458510638297872, 0.5656382978723404], "overlaps_before_p_future": [0.561595744680851, 0.5588297872340425, 0.6280851063829787, 0.6029787234042553, 0.6273404255319148], "overlaps_after_p_now": [0.549468085106383, 0.5445744680851063, 0.5811702127659575, 0.5507446808510639, 0.5691489361702128], "overlaps_after_p_future": [0.5931914893617021, 0.5813829787234043, 0.632127659574468, 0.6103191489361702, 0.6478723404255319], "overlap_spred_before_p_future": [0.636536312849162, 0.6422625698324023, 0.669022346368715, 0.6093016759776536, 0.6962011173184357]}, "gap_0": {"gap_0_p_future": [0.639753915842781, 0.6606252624346299, 0.6597689302846381, 0.646743265768345, 0.6721138552760495],