{"f1_score": {"ekstedt_events": {"shift_hold_p_future_after": [[0.314650297164917, 0.2759534418582916, 0.4137614071369171], [0.30862754583358765, 0.2669847309589386, 0.4152839183807373], [0.42873072624206543, 0.44401293992996216, 0.3895896375179291], [0.41409385204315186, 0.42274677753448486, 0.39193183183670044], [0.29600921273231506, 0.2472982108592987, 0.42076870799064636]], "shift_hold_p_future_before": [[0.24896813929080963, 0.1812039315700531, 0.4225270748138428], [0.2760113477706909, 0.21843208372592926, 0.4234844148159027], [0.3281943202018738, 0.2972697913646698, 0.4073987305164337], [0.34820401668548584, 0.3255561590194702, 0.40621018409729004], [0.24298042058944702, 0.1708657294511795, 0.42768195271492004]], "s_pred_p_future": [[0.4069541394710541, 0.033849477767944336, 0.7092859745025635], [0.3986493647098541, 0.01534526888281107, 0.7092458605766296], [0.4149583578109741, 0.05847546085715294, 0.7038213014602661], [0.4365489184856415, 0.12416427582502365, 0.6896784901618958], [0.39757466316223145, 0.01246334332972765, 0.7096356749534607]], "shift_hold_p_now_after": [[0.41292524337768555, 0.42501020431518555, 0.38197311758995056], [0.3618687093257904, 0.34498709440231323, 0.40510624647140503], [0.3106878399848938, 0.2716774046421051, 0.4106021225452423], [0.44009608030319214, 0.4614284634590149, 0.38545915484428406], [0.31826847791671753, 0.2807547152042389, 0.41434937715530396]], "shift_hold_p_now_before": [[0.22189494967460632, 0.14260099828243256, 0.4249840974807739], [0.1845785230398178, 0.08768635988235474, 0.4327405095100403], [0.1500985473394394, 0.03968525305390358, 0.4328911006450653], [0.32688644528388977, 0.2942982017993927, 0.41035205125808716], [0.1585044115781784, 0.05060705915093422, 0.43485307693481445]], "s_pred_p_now": [[0.3968375027179718, 0.01100513618439436, 0.709482729434967], [0.3949013650417328, 0.004446091130375862, 0.711292564868927], [0.39572468400001526, 0.00592592591419816, 0.7115839123725891], [0.4114059805870056, 0.05409153923392296, 0.7009427547454834], [0.39333009719848633, 0.0014836795162409544, 0.7108485698699951]], "backchannel": [[0.494917631149292, 0.7720134854316711, 0.01664762571454048], [0.5063158869743347, 0.7539120316505432, 0.07896270602941513], [0.4963555634021759, 0.7697623372077942, 0.024453025311231613], [0.4942203462123871, 0.7729454040527344, 0.013138446025550365], [0.49295786023139954, 0.7739599347114563, 0.007945704273879528]], "short_long": [[0.20083706080913544, 0.5319817662239075, 0.011944260448217392], [0.23871374130249023, 0.524547815322876, 0.07566718757152557], [0.20172862708568573, 0.5326838493347168, 0.012943909503519535], [0.19806130230426788, 0.5324339270591736, 0.007327227387577295], [0.1958610713481903, 0.5327798128128052, 0.003674628445878625]]}, "roddy_events": {"overlaps_before_p_now": [[0.44472774863243103, 0.4617949426174164, 0.3993798494338989], [0.28207501769065857, 0.23382748663425446, 0.41026970744132996], [0.2762925326824188, 0.22343696653842926, 0.4167308211326599], [0.42324525117874146, 0.4299655556678772, 0.4053892195224762], [0.2697594165802002, 0.21653005480766296, 0.4111909568309784]], "overlaps_before_p_future": [[0.34560176730155945, 0.32417237758636475, 0.40254002809524536], [0.2604631185531616, 0.2018730491399765, 0.41613802313804626], [0.37797024846076965, 0.36513257026672363, 0.41208016872406006], [0.3757164478302002, 0.36418816447257996, 0.406347393989563], [0.31598496437072754, 0.28182700276374817, 0.4067433774471283]], "overlaps_after_p_now": [[0.5310598611831665, 0.5930204391479492, 0.3664293885231018], [0.48311176896095276, 0.5235142111778259, 0.3757616877555847], [0.4908965229988098, 0.5313386917114258, 0.3834407925605774], [0.5174928903579712, 0.5735329985618591, 0.3685932457447052], [0.49418187141418457, 0.5440844297409058, 0.36158987879753113]], "overlaps_after_p_future": [[0.38210228085517883, 0.37300392985343933, 0.40627673268318176], [0.291856050491333, 0.24741581082344055, 0.4099346399307251], [0.4298900067806244, 0.4400908648967743, 0.4027861952781677], [0.41272562742233276, 0.41832324862480164, 0.39785265922546387], [0.33606457710266113, 0.3117128610610962, 0.4007675349712372]], "overlap_spred_before_p_future": [[0.18076300621032715, 0.10587431490421295, 0.3978840708732605], [0.14010322093963623, 0.05160834267735481, 0.39667192101478577], [0.21241062879562378, 0.1498844474554062, 0.39368966221809387], [0.24060717225074768, 0.18818239867687225, 0.3925997018814087], [0.13064923882484436, 0.03978685662150383, 0.39408203959465027]]}, "gap_0": {"gap_0_p_future": [[0.25247347354888916, 0.23058708012104034, 0.33566194772720337], [0.2887020707130432, 0.2780388295650482, 0.32923227548599243], [0.3819115161895752, 0.39872682094573975, 0.3179977536201477], [0.3710341453552246, 0.3842029571533203, 0.3209805190563202], [0.30417996644973755, 0.29702228307724, 0.3313857614994049]], "gap_0_p_now": [[0.2649349272251129, 0.2476329207420349, 0.3306984603404999], [0.14888331294059753, 0.09847418963909149, 0.34048447012901306], [0.15072299540042877, 0.10088571906089783, 0.3401506245136261], [0.3452623784542084, 0.35069942474365234, 0.3245965838432312], [0.12780071794986725, 0.07134979963302612, 0.3423662483692169]], "s_pred_p_now": [[0.41069018840789795, 0.04163413867354393, 0.7078143358230591], [0.4002189338207245, 0.015495591796934605, 0.709956705570221], [0.3993802070617676, 0.011834319680929184, 0.7113904356956482], [0.4346925914287567, 0.11316287517547607, 0.6935536861419678], [0.3973613381385803, 0.008604463189840317, 0.7103464603424072]], "s_pred_p_future": [[0.4107125997543335, 0.042564235627651215, 0.7071059942245483], [0.40323224663734436, 0.024795567616820335, 0.7079086899757385], [0.42139577865600586, 0.0790766179561615, 0.6969941854476929], [0.436452716588974, 0.1271517127752304, 0.6854685544967651], [0.40144583582878113, 0.020148461684584618, 0.7084253430366516]], "superset_p_future": [[0.287880003452301, 0.2834002375602722, 0.3071160912513733], [0.3066085875034332, 0.30692625045776367, 0.3052445352077484], [0.4320906102657318, 0.46420416235923767, 0.2941955029964447], [0.4051312506198883, 0.43054860830307007, 0.2959894835948944], [0.29718250036239624, 0.29545217752456665, 0.30461251735687256]]}, "fast_shift": {}, "slow_shift": {}, "short_long": {}}, "bal_Accs": {"ekstedt_events": {"shift_hold_p_future_after": [0.49548372128498075, 0.4992677394013689, 0.49115668164671766, 0.4954772411026919, 0.49927253296087026], "shift_hold_p_future_before": [0.4970738514951005, 0.49890367743420855, 0.4970895104561381, 0.4948392005791472, 0.4995098141561837], "s_pred_p_future": [0.5006901724471532, 0.5001093142472602, 0.5010756903520188, 0.4972327446226144, 0.5004653711768633], "shift_hold_p_now_after": [0.49216057728375473, 0.4985156476695418, 0.49383351179577817, 0.49099345206873696, 0.499220904549649], "shift_hold_p_now_before": [0.4974817479008115, 0.49975851112467984, 0.4996293513270064, 0.4971940455611142, 0.4981401344213506], "s_pred_p_now": [0.4998365336743998, 0.4999102141706281, 0.5005839445877776, 0.4965710230601435, 0.499165889645135], "backchannel": [0.4978997394190947, 0.47822471429686203, 0.4971626965484218, 0.4982705887174516, 0.49958387721909536], "short_long": [0.49918123051786906, 0.5003349522693016, 0.5003763050083625, 0.4998532002348796, 0.5001674761346508]}, "roddy_events": {"overlaps_before_p_now": [0.5028963551063661, 0.4890810568691262, 0.49137470724071486, 0.5060668241308448, 0.49455598517363647], "overlaps_before_p_future": [0.4942734403069384, 0.49288406321568484, 0.49043627780970006, 0.49213068229721296, 0.48618816061346176], "overlaps_after_p_now": [0.5113627569115403, 0.49402526776908884, 0.5203479863219749, 0.5099208485252542, 0.48827449612111506], "overlaps_after_p_future": [0.4992124629308485, 0.492066477381062, 0.4886502137785912, 0.4970180383387659, 0.4884593284554891], "overlap_spred_before_p_future": [0.4870120633260228, 0.48630855091500197, 0.48631132454883874, 0.4880521760148033, 0.48340693368835846]},