{"f1_score": {"ekstedt_events": {"shift_hold_p_future_after": [[0.7595009803771973, 0.8480894565582275, 0.5484764575958252], [0.7439724206924438, 0.8558719158172607, 0.47741934657096863], [0.7748202681541443, 0.8667271137237549, 0.555891215801239], [0.7545658349990845, 0.8550724387168884, 0.5151515007019043], [0.7912849187850952, 0.8617731332778931, 0.6233766078948975]], "shift_hold_p_future_before": [[0.7408881783485413, 0.8512544631958008, 0.4779874086380005], [0.7809549570083618, 0.8571428656578064, 0.5994694828987122], [0.7875649333000183, 0.8622641563415527, 0.6096256971359253], [0.7452144622802734, 0.845096230506897, 0.5072886347770691], [0.8002310991287231, 0.8610567450523376, 0.655339777469635]], "s_pred_p_future": [[0.8173482418060303, 0.7942029237747192, 0.8367816209793091], [0.7634197473526001, 0.7699999809265137, 0.75789475440979], [0.7899094820022583, 0.787564754486084, 0.7918781638145447], [0.7485758066177368, 0.7673860788345337, 0.7327823638916016], [0.8105559945106506, 0.8052631616592407, 0.8149999976158142]], "shift_hold_p_now_after": [[0.7458250522613525, 0.8509485125541687, 0.4954128563404083], [0.7065784931182861, 0.8397887349128723, 0.38926175236701965], [0.7692782282829285, 0.8581951856613159, 0.5574712753295898], [0.7318587303161621, 0.8471850156784058, 0.4571428596973419], [0.7784322500228882, 0.8603351712226868, 0.5833333134651184]], "shift_hold_p_now_before": [[0.7375953197479248, 0.8373382687568665, 0.5], [0.7231108546257019, 0.8372513651847839, 0.45121949911117554], [0.7435580492019653, 0.8376865386962891, 0.519336998462677], [0.7212008237838745, 0.8334850072860718, 0.45373135805130005], [0.7468239068984985, 0.8358490467071533, 0.5347593426704407]], "s_pred_p_now": [[0.7859452366828918, 0.755162239074707, 0.8117913603782654], [0.8029348850250244, 0.7924528121948242, 0.8117359280586243], [0.8131321668624878, 0.8073878884315491, 0.8179551362991333], [0.7873824238777161, 0.784415602684021, 0.7898734211921692], [0.772286057472229, 0.7874395847320557, 0.7595628499984741]], "backchannel": [[0.5843056440353394, 0.5295454263687134, 0.6578512191772461], [0.7486549615859985, 0.7507109045982361, 0.7458937168121338], [0.7135072946548462, 0.7305281758308411, 0.6906474828720093], [0.7258380651473999, 0.7400721907615662, 0.7067209482192993], [0.677137017250061, 0.6518987417221069, 0.711033284664154]], "short_long": [[0.5798069834709167, 0.1862068921327591, 0.7730769515037537], [0.6047336459159851, 0.2344827651977539, 0.7865384817123413], [0.5838049650192261, 0.33415234088897705, 0.706392228603363], [0.5666411519050598, 0.3476297855377197, 0.674182653427124], [0.6399841904640198, 0.3301587402820587, 0.7921182513237]]}, "roddy_events": {"overlaps_before_p_now": [[0.5431612133979797, 0.7765726447105408, 0.104347825050354], [0.5297958254814148, 0.7820512652397156, 0.0555555559694767], [0.6063336133956909, 0.7837837934494019, 0.27272728085517883], [0.586396336555481, 0.7858719825744629, 0.21138212084770203], [0.5675870776176453, 0.7869565486907959, 0.1551724076271057]], "overlaps_before_p_future": [[0.612989068031311, 0.7703016400337219, 0.317241370677948], [0.61760014295578, 0.7873303294181824, 0.2985074520111084], [0.6833546757698059, 0.8120649456977844, 0.4413793087005615], [0.6806692481040955, 0.8009478449821472, 0.4545454680919647], [0.6609179377555847, 0.8090909123420715, 0.38235294818878174]], "overlaps_after_p_now": [[0.5422729849815369, 0.7827957272529602, 0.09009008854627609], [0.5544803142547607, 0.7772925496101379, 0.1355932205915451], [0.6088405847549438, 0.7865168452262878, 0.2748091518878937], [0.5533771514892578, 0.7896995544433594, 0.1090909093618393], [0.579365074634552, 0.7777777910232544, 0.2063492089509964]], "overlaps_after_p_future": [[0.6119979619979858, 0.7855530381202698, 0.2857142984867096], [0.6361579895019531, 0.8026905655860901, 0.32307693362236023], [0.6926335692405701, 0.823798656463623, 0.4460431635379791], [0.6626800298690796, 0.8009259104728699, 0.4027777910232544], [0.699921727180481, 0.8169013857841492, 0.47999998927116394]], "overlap_spred_before_p_future": [[0.738689661026001, 0.8235294222831726, 0.5868263244628906], [0.7010173797607422, 0.8079800605773926, 0.5095541477203369], [0.7030988335609436, 0.8203883767127991, 0.4931506812572479], [0.7163852453231812, 0.8131313323974609, 0.5432098507881165], [0.77164226770401, 0.8283378481864929, 0.6701570749282837]]}, "gap_0": {"gap_0_p_future": [[0.8067852258682251, 0.89494788646698, 0.49808427691459656], [0.7997502088546753, 0.888529896736145, 0.4888888895511627], [0.8207886815071106, 0.8978428840637207, 0.5509839057922363], [0.7955834865570068, 0.8866478204727173, 0.4767225384712219], [0.8182953596115112, 0.8991121649742126, 0.535315990447998]], "gap_0_p_now": [[0.7945142388343811, 0.8914512991905212, 0.455089807510376], [0.7879544496536255, 0.8878281712532043, 0.43824702501296997], [0.8093219995498657, 0.8954983949661255, 0.5075757503509521], [0.7915453314781189, 0.8817554116249084, 0.47567567229270935], [0.8027063608169556, 0.8913043737411499, 0.49248120188713074]], "s_pred_p_now": [[0.8494879007339478, 0.8544601202011108, 0.8452578783035278], [0.8105575442314148, 0.8174726963043213, 0.8046744465827942], [0.8709999322891235, 0.8705501556396484, 0.8713826537132263], [0.8197953701019287, 0.8294931054115295, 0.8115450143814087], [0.834547221660614, 0.8425925970077515, 0.8277027010917664]], "s_pred_p_future": [[0.8195436000823975, 0.8068965673446655, 0.8303030133247375], [0.8003004789352417, 0.7891156673431396, 0.8098159432411194], [0.8123889565467834, 0.8176100850105286, 0.807947039604187], [0.7573345899581909, 0.7745839357376099, 0.7426597476005554], [0.8324326872825623, 0.8295081853866577, 0.8349206447601318]], "superset_p_future": [[0.8058455586433411, 0.8940836787223816, 0.4704184830188751], [0.7996344566345215, 0.8922104239463806, 0.44771721959114075], [0.822208821773529, 0.9026293158531189, 0.5164992809295654], [0.8025104403495789, 0.8927953839302063, 0.4593023359775543], [0.8204853534698486, 0.9038185477256775, 0.5037037134170532]]}, "fast_shift": {}, "slow_shift": {}, "short_long": {}}, "bal_Accs": {"ekstedt_events": {"shift_hold_p_future_after": [0.7270736035867738, 0.7397113767980572, 0.7670231645806089, 0.7195077526620587, 0.7700821968989351], "shift_hold_p_future_before": [0.7094292919858023, 0.7540631421632729, 0.7493788529796376, 0.765509994395666, 0.7725527741453391], "s_pred_p_future": [0.8140767436930252, 0.7722069111723553, 0.7948908204367182, 0.7631174475302098, 0.8142092431630273], "shift_hold_p_now_after": [0.7165934989725388, 0.7210769661871848, 0.7134223799738464, 0.646950308238371, 0.7526387072669531], "shift_hold_p_now_before": [0.6975481038669905, 0.687824584345227, 0.6881468335512797, 0.7040117691014385, 0.7122781617784419], "s_pred_p_now": [0.7817203731185075, 0.8044307822768709, 0.8165677337290651, 0.7555914776340895, 0.7856953572185712], "backchannel": [0.6406791588372249, 0.7064333680199435, 0.7331632691256729, 0.7388846882322555, 0.71308683381121], "short_long": [0.486961729835985, 0.6016391260724451, 0.5593658496631653, 0.4875504228351455, 0.593300161762598]}, "roddy_events": {"overlaps_before_p_now": [0.4878723404255319, 0.5257446808510639, 0.5527659574468085, 0.549468085106383, 0.548936170212766], "overlaps_before_p_future": [0.6184042553191489, 0.5979787234042553, 0.6259574468085106, 0.6262765957446809, 0.652340425531915], "overlaps_after_p_now": [0.5080851063829788, 0.5138297872340425, 0.5468085106382978, 0.5351063829787234, 0.5371276595744681], "overlaps_after_p_future": [0.6536170212765957, 0.6331914893617021, 0.6762765957446808, 0.6545744680851064, 0.6785106382978723], "overlap_spred_before_p_future": [0.7504748603351955, 0.6944413407821228, 0.7166480446927375, 0.6789944134078212, 0.7445810055865922]}, "gap_0": {"gap_0_p_future": [0.7657174485628125, 0.7610171648153097, 0.7642109147357841, 0.764425952081027, 0.7912992581847794],