{"f1_score": {"ekstedt_events": {"shift_hold_p_future_after": [[0.754887580871582, 0.8322017192840576, 0.5707195997238159], [0.706475555896759, 0.8384819030761719, 0.3920265734195709], [0.7441835403442383, 0.8485947251319885, 0.49546828866004944], [0.7178995609283447, 0.8376681804656982, 0.4326018691062927], [0.7644768953323364, 0.8452041745185852, 0.5721784830093384]], "shift_hold_p_future_before": [[0.736446738243103, 0.8311444520950317, 0.510869562625885], [0.7223258018493652, 0.811957597732544, 0.508816123008728], [0.7339727878570557, 0.8357933759689331, 0.49142858386039734], [0.7119349837303162, 0.8310749530792236, 0.428134560585022], [0.75565105676651, 0.8357348442077637, 0.5648854970932007]], "s_pred_p_future": [[0.727597713470459, 0.6954023241996765, 0.7546296119689941], [0.7063992023468018, 0.7178217768669128, 0.6968085169792175], [0.7267731428146362, 0.738916277885437, 0.7165775299072266], [0.6471953988075256, 0.7092511057853699, 0.5950919985771179], [0.7272177934646606, 0.7363184094429016, 0.7195767164230347]], "shift_hold_p_now_after": [[0.7313026189804077, 0.83699631690979, 0.4795321524143219], [0.6879407167434692, 0.8368055820465088, 0.3333333432674408], [0.723648190498352, 0.8308823704719543, 0.46820810437202454], [0.7096835374832153, 0.8402471542358398, 0.39867109060287476], [0.7433788776397705, 0.8443223237991333, 0.5029239654541016]], "shift_hold_p_now_before": [[0.7264885306358337, 0.8244131207466125, 0.4932249188423157], [0.7177611589431763, 0.8302919864654541, 0.4497041404247284], [0.7192263007164001, 0.8296703100204468, 0.45614033937454224], [0.7047449946403503, 0.8321428298950195, 0.4012738764286041], [0.7221839427947998, 0.8266913890838623, 0.4732394218444824]], "s_pred_p_now": [[0.7559454441070557, 0.7277936935424805, 0.7795823812484741], [0.7357046604156494, 0.7379134893417358, 0.7338501214981079], [0.7657282948493958, 0.774193525314331, 0.7586206793785095], [0.6960974335670471, 0.7079207897186279, 0.686170220375061], [0.6928935050964355, 0.7310344576835632, 0.6608695387840271]], "backchannel": [[0.6096963882446289, 0.5970149040222168, 0.6267281174659729], [0.7420574426651001, 0.7448015213012695, 0.7383720874786377], [0.6856828927993774, 0.7130434513092041, 0.6489361524581909], [0.6618882417678833, 0.6910356879234314, 0.6227417588233948], [0.6798886060714722, 0.6569037437438965, 0.71075838804245]], "short_long": [[0.5775123834609985, 0.2151898741722107, 0.7554240822792053], [0.6296294927597046, 0.30420711636543274, 0.7894221544265747], [0.5403783917427063, 0.30454546213150024, 0.6561797857284546], [0.5183759927749634, 0.3536345660686493, 0.5992692112922668], [0.6542910933494568, 0.3680981695652008, 0.7948207259178162]]}, "roddy_events": {"overlaps_before_p_now": [[0.5480504631996155, 0.7692307829856873, 0.13223139941692352], [0.5544803142547607, 0.7772925496101379, 0.1355932205915451], [0.5770240426063538, 0.7750557065010071, 0.20472441613674164], [0.5871080160140991, 0.7921225428581238, 0.20168067514896393], [0.5697230696678162, 0.783369779586792, 0.16806723177433014]], "overlaps_before_p_future": [[0.6219983696937561, 0.761904776096344, 0.3589743673801422], [0.612989068031311, 0.7703016400337219, 0.317241370677948], [0.6598994731903076, 0.7981438636779785, 0.4000000059604645], [0.6286258697509766, 0.7795823812484741, 0.3448275923728943], [0.6338724493980408, 0.7963801026344299, 0.3283582031726837]], "overlaps_after_p_now": [[0.5370090007781982, 0.7685589790344238, 0.10169491171836853], [0.5925396680831909, 0.7876105904579163, 0.22580644488334656], [0.6034521460533142, 0.7947019934654236, 0.24390244483947754], [0.5673235058784485, 0.7931034564971924, 0.1428571492433548], [0.5732569098472595, 0.7760531902313232, 0.19200000166893005]], "overlaps_after_p_future": [[0.636748731136322, 0.7917619943618774, 0.34532374143600464], [0.6260066032409668, 0.7881549000740051, 0.32116788625717163], [0.6324094533920288, 0.8070953488349915, 0.30399999022483826], [0.6312463283538818, 0.7936508059501648, 0.32592591643333435], [0.6339801549911499, 0.7852193713188171, 0.3496503531932831]], "overlap_spred_before_p_future": [[0.7034448385238647, 0.7958656549453735, 0.5380116701126099], [0.6674885749816895, 0.7743589878082275, 0.4761904776096344], [0.6840580105781555, 0.8077858686447144, 0.4625850319862366], [0.6867612600326538, 0.801980197429657, 0.48051947355270386], [0.7049173712730408, 0.7883597612380981, 0.5555555820465088]]}, "gap_0": {"gap_0_p_future": [[0.7928869724273682, 0.8795081973075867, 0.4895833432674408], [0.772920548915863, 0.8711905479431152, 0.4288288354873657], [0.7943239212036133, 0.8821851015090942, 0.48667851090431213], [0.7747573852539062, 0.8772070407867432, 0.41603052616119385], [0.8050740957260132, 0.8924688100814819, 0.4990619122982025]], "gap_0_p_now": [[0.791933000087738, 0.8852195143699646, 0.4652908146381378], [0.7729593515396118, 0.8770524859428406, 0.4084778428077698], [0.7839906215667725, 0.8819277286529541, 0.44106462597846985], [0.7776901721954346, 0.8753036260604858, 0.43589743971824646], [0.7769731879234314, 0.8795518279075623, 0.41779497265815735]], "s_pred_p_now": [[0.7970667481422424, 0.8079876899719238, 0.7877758741378784], [0.7908454537391663, 0.8089552521705627, 0.7754386067390442], [0.8150822520256042, 0.8240740895271301, 0.8074324131011963], [0.7523398399353027, 0.7776141166687012, 0.7308377623558044], [0.7718188166618347, 0.7958884239196777, 0.751341700553894]], "s_pred_p_future": [[0.7663910388946533, 0.7504302859306335, 0.7799696326255798], [0.7681195139884949, 0.7583892345428467, 0.7763975262641907], [0.759361207485199, 0.7743902206420898, 0.7465753555297852], [0.7013638615608215, 0.7323529124259949, 0.675000011920929], [0.7627335786819458, 0.7648000121116638, 0.7609755992889404]], "superset_p_future": [[0.795987606048584, 0.8799526691436768, 0.47680413722991943], [0.7798501253128052, 0.8787264823913574, 0.403982937335968], [0.7964328527450562, 0.8872137069702148, 0.4513399004936218], [0.7831417322158813, 0.8848797082901001, 0.3963963985443115], [0.806377112865448, 0.896789014339447, 0.46268656849861145]]}, "fast_shift": {}, "slow_shift": {}, "short_long": {}}, "bal_Accs": {"ekstedt_events": {"shift_hold_p_future_after": [0.6829861759760882, 0.6925976088174856, 0.6980711750420325, 0.6606902671399215, 0.7033439192975901], "shift_hold_p_future_before": [0.6727956286194657, 0.6931767233327106, 0.6871240425929386, 0.6770222305249393, 0.6969923407435084], "s_pred_p_future": [0.7243216027135891, 0.7162656349374603, 0.7373860504557981, 0.6810207759168964, 0.7364850540597838], "shift_hold_p_now_after": [0.6852325798617598, 0.6691014384457314, 0.6746076966187184, 0.6169017373435457, 0.6811834485335326], "shift_hold_p_now_before": [0.6705258733420512, 0.65, 0.6417336073229964, 0.6483980945264338, 0.6619045395105548], "s_pred_p_now": [0.7529679881280475, 0.7422090311638754, 0.7754663981344074, 0.6920182319270722, 0.7154971380114479], "backchannel": [0.631583281552962, 0.6874723941996002, 0.6942362831924658, 0.6725278303899623, 0.7138972278161659], "short_long": [0.4925517537932305, 0.5885547842824088, 0.5191709154943998, 0.5198415136064869, 0.5798062944079284]}, "roddy_events": {"overlaps_before_p_now": [0.5252127659574468, 0.5241489361702127, 0.5277659574468085, 0.5418085106382978, 0.5472340425531915], "overlaps_before_p_future": [0.5871276595744681, 0.6079787234042553, 0.6239361702127659, 0.5962765957446808, 0.6029787234042553], "overlaps_after_p_now": [0.49978723404255315, 0.5241489361702127, 0.5530851063829787, 0.5334042553191489, 0.5118085106382979], "overlaps_after_p_future": [0.578404255319149, 0.6022340425531916, 0.6182978723404255, 0.6192553191489362, 0.6152127659574469], "overlap_spred_before_p_future": [0.6629888268156425, 0.6409217877094973, 0.6856145251396648, 0.6656145251396648, 0.6662011173184357]}, "gap_0": {"gap_0_p_future": [0.700066165336998, 0.7220076090137548, 0.7147510529195455, 0.6887366237864387, 0.712412362738736],