{"f1_score": {"ekstedt_events": {"shift_hold_p_future_after": [[0.6505551934242249, 0.7401226758956909, 0.42115330696105957], [0.6234991550445557, 0.7036871314048767, 0.41812020540237427], [0.6282979249954224, 0.7109478712081909, 0.4166134297847748], [0.6501117944717407, 0.7548196315765381, 0.38193202018737793], [0.651089608669281, 0.7531664371490479, 0.38964858651161194]], "shift_hold_p_future_before": [[0.6387215852737427, 0.7187935709953308, 0.43363961577415466], [0.6029806137084961, 0.6743801832199097, 0.42011067271232605], [0.6070616245269775, 0.6727882027626038, 0.43872153759002686], [0.6366916298866272, 0.7277548313140869, 0.40345898270606995], [0.6523549556732178, 0.75034499168396, 0.40138110518455505]], "s_pred_p_future": [[0.5899702310562134, 0.4849267899990082, 0.6750882863998413], [0.5638318657875061, 0.3992045819759369, 0.6972315907478333], [0.5817760229110718, 0.450276255607605, 0.6883320212364197], [0.5823789238929749, 0.5353834629058838, 0.620460033416748], [0.606005072593689, 0.5656639933586121, 0.6386939287185669]], "shift_hold_p_now_after": [[0.6495459079742432, 0.7485758662223816, 0.3959083557128906], [0.6321123242378235, 0.7288362979888916, 0.3843810558319092], [0.6174982786178589, 0.6908663511276245, 0.429586797952652], [0.6392768025398254, 0.7382088303565979, 0.3858903646469116], [0.6531188488006592, 0.7673384547233582, 0.36057767271995544]], "shift_hold_p_now_before": [[0.6234196424484253, 0.6970997452735901, 0.43470874428749084], [0.5799239873886108, 0.6418534517288208, 0.42130911350250244], [0.5438910722732544, 0.584513247013092, 0.4398488700389862], [0.6118914484977722, 0.6856769323348999, 0.4229106605052948], [0.6251432299613953, 0.7138484716415405, 0.39794978499412537]], "s_pred_p_now": [[0.6149604916572571, 0.5070796608924866, 0.7023777961730957], [0.6041244864463806, 0.4488348662853241, 0.7299578189849854], [0.6108999252319336, 0.4681059718132019, 0.7266077995300293], [0.6085740327835083, 0.5124494433403015, 0.6864650249481201], [0.6347706317901611, 0.5563786029815674, 0.6982927322387695]], "backchannel": [[0.5414586067199707, 0.7667658925056458, 0.15257614850997925], [0.6180627942085266, 0.6711772680282593, 0.5263867974281311], [0.6142615079879761, 0.6981541514396667, 0.4694620966911316], [0.6055037379264832, 0.6966869831085205, 0.4481205642223358], [0.6471619606018066, 0.7179713249206543, 0.5249443650245667]], "short_long": [[0.27648961544036865, 0.52975994348526, 0.13201820850372314], [0.5644416809082031, 0.46905702352523804, 0.6188513040542603], [0.466244101524353, 0.48680534958839417, 0.4545154571533203], [0.45358115434646606, 0.4615708887577057, 0.44902363419532776], [0.5070830583572388, 0.5076185464859009, 0.5067776441574097]]}, "roddy_events": {"overlaps_before_p_now": [[0.6641323566436768, 0.7963525652885437, 0.31282052397727966], [0.6400110125541687, 0.7583598494529724, 0.32555556297302246], [0.6406440138816833, 0.7431986927986145, 0.3681541681289673], [0.6565852761268616, 0.7750688195228577, 0.3417721390724182], [0.660716712474823, 0.7955277562141418, 0.3025210201740265]], "overlaps_before_p_future": [[0.657454252243042, 0.7717628479003906, 0.3537338674068451], [0.6221857666969299, 0.7084598541259766, 0.39295393228530884], [0.6358554363250732, 0.7239237427711487, 0.4018561542034149], [0.6558660268783569, 0.7696282863616943, 0.3535973131656647], [0.659633994102478, 0.787459135055542, 0.3199999928474426]], "overlaps_after_p_now": [[0.6674546599388123, 0.8135030269622803, 0.2794012725353241], [0.6546375155448914, 0.7954074740409851, 0.2806088626384735], [0.6749946475028992, 0.7960678339004517, 0.35330072045326233], [0.6706095933914185, 0.8122448921203613, 0.2942817211151123], [0.6636963486671448, 0.8069196343421936, 0.28314918279647827]], "overlaps_after_p_future": [[0.6616690158843994, 0.7780401706695557, 0.35246843099594116], [0.6289144158363342, 0.7197778820991516, 0.38748833537101746], [0.6577434539794922, 0.7547481656074524, 0.4000000059604645], [0.6729661226272583, 0.7911404967308044, 0.3589743673801422], [0.6707972288131714, 0.7957030534744263, 0.3389199376106262]], "overlap_spred_before_p_future": [[0.5806040167808533, 0.6540505886077881, 0.3676642179489136], [0.49587762355804443, 0.530073344707489, 0.3967357277870178], [0.5401694774627686, 0.5920660495758057, 0.38970839977264404], [0.5860122442245483, 0.6642931699752808, 0.35905638337135315], [0.6071627140045166, 0.6954765915870667, 0.3511187732219696]]}, "gap_0": {"gap_0_p_future": [[0.6836019158363342, 0.7644094228744507, 0.3764588236808777], [0.65821772813797, 0.7358173131942749, 0.36326783895492554], [0.6627969145774841, 0.7382119297981262, 0.37615033984184265], [0.6931653618812561, 0.7820128202438354, 0.35546308755874634], [0.7152543663978577, 0.8110852241516113, 0.3510088324546814]], "gap_0_p_now": [[0.6880788803100586, 0.7698713541030884, 0.3771922290325165], [0.6440190076828003, 0.7145902514457703, 0.37578317523002625], [0.6348102688789368, 0.6996182203292847, 0.38848021626472473], [0.6765838265419006, 0.7570188045501709, 0.3708565831184387], [0.692447304725647, 0.77985680103302, 0.36021074652671814]], "s_pred_p_now": [[0.6467242240905762, 0.5865329504013062, 0.6951837539672852], [0.6602851152420044, 0.5770125389099121, 0.727327287197113], [0.6601293683052063, 0.5589203238487244, 0.7416120171546936], [0.6416208744049072, 0.576113760471344, 0.6943601369857788], [0.6615691781044006, 0.627869725227356, 0.6887003183364868]], "s_pred_p_future": [[0.609009861946106, 0.5328434705734253, 0.670330822467804], [0.5830820202827454, 0.4396941363811493, 0.6985225081443787], [0.6020931601524353, 0.4961092472076416, 0.6874199509620667], [0.59837806224823, 0.5614732503890991, 0.6280899047851562], [0.6118954420089722, 0.5912399291992188, 0.6285250186920166]], "superset_p_future": [[0.7013013362884521, 0.7845860123634338, 0.3436777591705322], [0.6752645969390869, 0.7546553015708923, 0.334361732006073], [0.6821852326393127, 0.7611246109008789, 0.34322062134742737], [0.7112610936164856, 0.8017187118530273, 0.32283705472946167], [0.7262169122695923, 0.8196375966072083, 0.325069785118103]]}, "fast_shift": {}, "slow_shift": {}, "short_long": {}}, "bal_Accs": {"ekstedt_events": {"shift_hold_p_future_after": [0.5894221836275585, 0.5689844876153597, 0.571832003990514, 0.5787028258707909, 0.5879084485527498], "shift_hold_p_future_before": [0.5895969710101145, 0.5599679974866125, 0.5740078539099183, 0.5810089718390097, 0.5859205949354163], "s_pred_p_future": [0.5848361049470645, 0.572479049599039, 0.5849893020184304, 0.5779945930973552, 0.605441728323344], "shift_hold_p_now_after": [0.5864553076208222, 0.5677296935232407, 0.5708113841569946, 0.5760613792924195, 0.5766610003242577], "shift_hold_p_now_before": [0.586732073543287, 0.5555123484223223, 0.5561359017438189, 0.5696453596852697, 0.5808383211207641], "s_pred_p_now": [0.6110307278533151, 0.6133291889690926, 0.614336698206932, 0.602208147794658, 0.6249007866585441], "backchannel": [0.5345911344640957, 0.5602783919418012, 0.5864253962721626, 0.5908388864309329, 0.6393516411539921], "short_long": [0.5027209954789311, 0.5334911457442623, 0.5133423801259818, 0.5041456243835811, 0.5277732567853649]}, "roddy_events": {"overlaps_before_p_now": [0.5601429283581225, 0.5605195107282739, 0.5599660946159962, 0.5553530686707248, 0.5506700009987431], "overlaps_before_p_future": [0.5694515603091694, 0.5525098933938979, 0.5721693522480584, 0.5672387605727338, 0.5663011958543944], "overlaps_after_p_now": [0.5528903669710887, 0.543196505523136, 0.580801562708747, 0.5625416413197764, 0.5529070126900908], "overlaps_after_p_future": [0.5810464925740637, 0.5750964046544025, 0.5819373628079296, 0.5819457937565151, 0.5766059768075413], "overlap_spred_before_p_future": [0.540618084488849, 0.5370721917452694, 0.5353610577846987, 0.5387807501887061, 0.5386573234829708]}, "gap_0": {"gap_0_p_future": [0.6015674293374544, 0.5711661245961341, 0.5901739223303029, 0.5942355094383951, 0.6061876171253358],