{"f1_score": {"ekstedt_events": {"shift_hold_p_future_after": [[0.7879190444946289, 0.8638497591018677, 0.6070460677146912], [0.7347922921180725, 0.8518189787864685, 0.4560260474681854], [0.789284348487854, 0.8682745695114136, 0.601123571395874], [0.7781908512115479, 0.8587464690208435, 0.5863013863563538], [0.7929723262786865, 0.8585271239280701, 0.6368159055709839]], "shift_hold_p_future_before": [[0.7613630890846252, 0.8584392070770264, 0.5301204919815063], [0.7717919945716858, 0.8517469167709351, 0.581333339214325], [0.7944138050079346, 0.8615384697914124, 0.6345177888870239], [0.7806470394134521, 0.8608776926994324, 0.589531660079956], [0.8145785927772522, 0.8705882430076599, 0.6811594367027283]], "s_pred_p_future": [[0.804410994052887, 0.7790697813034058, 0.8256880640983582], [0.7845134139060974, 0.7857142686843872, 0.7835051417350769], [0.7660657167434692, 0.7377521395683289, 0.7898383140563965], [0.7813414335250854, 0.7880299091339111, 0.7757256031036377], [0.8054980039596558, 0.7956989407539368, 0.813725471496582]], "shift_hold_p_now_after": [[0.7536515593528748, 0.8568856716156006, 0.5077399611473083], [0.7002035975456238, 0.840174674987793, 0.366782009601593], [0.7774438858032227, 0.8574109077453613, 0.5869565010070801], [0.7542963027954102, 0.8489871025085449, 0.5287356376647949], [0.7828339338302612, 0.8614231944084167, 0.5956284403800964]], "shift_hold_p_now_before": [[0.7219455242156982, 0.8331813812255859, 0.45697328448295593], [0.7030309438705444, 0.8340727686882019, 0.39087948203086853], [0.7241445779800415, 0.8222013115882874, 0.49056604504585266], [0.7256678342819214, 0.8299445509910583, 0.47727271914482117], [0.7509336471557617, 0.8388313055038452, 0.5415549874305725]], "s_pred_p_now": [[0.8278773427009583, 0.8080229163169861, 0.8445475697517395], [0.7283202409744263, 0.7039105892181396, 0.7488151788711548], [0.7977740168571472, 0.7847411632537842, 0.8087167143821716], [0.7952289581298828, 0.782608687877655, 0.8058252334594727], [0.7673555612564087, 0.7815533876419067, 0.7554348111152649]], "backchannel": [[0.5924898386001587, 0.5356321930885315, 0.6688524484634399], [0.7466808557510376, 0.7483381032943726, 0.7444551587104797], [0.7335504293441772, 0.7370405197143555, 0.728863000869751], [0.7584847211837769, 0.7624413371086121, 0.7531707286834717], [0.6741172075271606, 0.6460554599761963, 0.7118055820465088]], "short_long": [[0.583562970161438, 0.17921146750450134, 0.7821123003959656], [0.6009148955345154, 0.23569023609161377, 0.780251681804657], [0.644879937171936, 0.3978494703769684, 0.7661795616149902], [0.6076080799102783, 0.34554973244667053, 0.7362869381904602], [0.6353261470794678, 0.31270357966423035, 0.793743908405304]]}, "roddy_events": {"overlaps_before_p_now": [[0.5457446575164795, 0.7729257345199585, 0.11864406615495682], [0.5442623496055603, 0.7854077219963074, 0.09090909361839294], [0.5721108317375183, 0.7590909004211426, 0.22058823704719543], [0.5755622386932373, 0.778761088848114, 0.19354838132858276], [0.558845043182373, 0.7763158082962036, 0.15000000596046448]], "overlaps_before_p_future": [[0.6649163365364075, 0.800000011920929, 0.4109589159488678], [0.6501448154449463, 0.8054298758506775, 0.35820895433425903], [0.6992577314376831, 0.8086124658584595, 0.49367088079452515], [0.6888161897659302, 0.8009592294692993, 0.4779874086380005], [0.694832980632782, 0.8229885101318359, 0.45390069484710693]], "overlaps_after_p_now": [[0.545207679271698, 0.7792207598686218, 0.10526315867900848], [0.5544803142547607, 0.7772925496101379, 0.1355932205915451], [0.5956609845161438, 0.7765237092971802, 0.25563910603523254], [0.5675870776176453, 0.7869565486907959, 0.1551724076271057], [0.5585846900939941, 0.769911527633667, 0.16129031777381897]], "overlaps_after_p_future": [[0.6474311947822571, 0.7990867495536804, 0.36231884360313416], [0.6742638349533081, 0.8154897689819336, 0.40875911712646484], [0.6812084913253784, 0.8129330277442932, 0.4335664212703705], [0.6922274827957153, 0.8122065663337708, 0.46666666865348816], [0.7038130760192871, 0.8105515837669373, 0.5031446814537048]], "overlap_spred_before_p_future": [[0.7778816819190979, 0.8421052694320679, 0.6629213690757751], [0.7211841344833374, 0.8199999928474426, 0.5443037748336792], [0.7457584142684937, 0.8341708779335022, 0.5874999761581421], [0.7621750831604004, 0.8324607610702515, 0.6363636255264282], [0.7891994714736938, 0.8338028192520142, 0.7093595862388611]]}, "gap_0": {"gap_0_p_future": [[0.8237380385398865, 0.9030181169509888, 0.5461393594741821], [0.8058340549468994, 0.8968538641929626, 0.48712870478630066], [0.8386030197143555, 0.9035995006561279, 0.6110183596611023], [0.8270612359046936, 0.9009376168251038, 0.5683836340904236], [0.8293731212615967, 0.9039319157600403, 0.568306028842926]], "gap_0_p_now": [[0.7875349521636963, 0.8906434774398804, 0.4265010356903076], [0.7670857310295105, 0.8815426826477051, 0.3663157820701599], [0.8026936054229736, 0.8858895897865295, 0.5113835334777832], [0.7961756587028503, 0.8790755271911621, 0.5059021711349487], [0.8155378103256226, 0.8962723016738892, 0.5328466892242432]], "s_pred_p_now": [[0.8673204183578491, 0.8714733719825745, 0.8637873530387878], [0.819354772567749, 0.8193548321723938, 0.8193548321723938], [0.8904189467430115, 0.8823529481887817, 0.8972809910774231], [0.8531650900840759, 0.8539325594902039, 0.8525121808052063], [0.8348050713539124, 0.84112149477005, 0.829431414604187]], "s_pred_p_future": [[0.8373013734817505, 0.8267581462860107, 0.8462709188461304], [0.833892285823822, 0.8196147084236145, 0.8460388779640198], [0.8357514142990112, 0.8282828330993652, 0.8421052694320679], [0.8289859890937805, 0.8295819759368896, 0.828478991985321], [0.8292102217674255, 0.8262295126914978, 0.8317460417747498]], "superset_p_future": [[0.8280107378959656, 0.9049826264381409, 0.5354107618331909], [0.8105430006980896, 0.9018492102622986, 0.4634525775909424], [0.8369569778442383, 0.9056159853935242, 0.575957715511322], [0.8276930451393127, 0.9038070440292358, 0.5383542776107788], [0.8324757218360901, 0.9088811874389648, 0.5420289635658264]]}, "fast_shift": {}, "slow_shift": {}, "short_long": {}}, "bal_Accs": {"ekstedt_events": {"shift_hold_p_future_after": [0.776980198019802, 0.737642443489632, 0.778026340369886, 0.7646086306743882, 0.7613160844386325], "shift_hold_p_future_before": [0.7460302634036988, 0.7318139361105922, 0.7517046515972352, 0.7719409676816739, 0.7697272557444423], "s_pred_p_future": [0.8009327962688149, 0.7910748357006572, 0.7628524485902056, 0.7905183379266483, 0.8072397710409158], "shift_hold_p_now_after": [0.7235241920418457, 0.7066925088735289, 0.715225107416402, 0.6782785354007099, 0.7466981132075472], "shift_hold_p_now_before": [0.7104193909957033, 0.6444376984868299, 0.6744302260414721, 0.7045908836166636, 0.7045021483280403], "s_pred_p_now": [0.825312698749205, 0.7265740937036251, 0.7983623065507738, 0.7778248887004452, 0.7800773796904812], "backchannel": [0.6518899211690635, 0.6983481437672653, 0.7391523241276567, 0.7725413057637168, 0.7125627914985364], "short_long": [0.5381473063455986, 0.6122611954051231, 0.6022124618629318, 0.5478018715318305, 0.6146415627495546]}, "roddy_events": {"overlaps_before_p_now": [0.5164893617021277, 0.5147872340425532, 0.5191489361702127, 0.5631914893617022, 0.5417021276595745], "overlaps_before_p_future": [0.681063829787234, 0.6073404255319148, 0.6627659574468086, 0.6723404255319149, 0.6651063829787234], "overlaps_after_p_now": [0.49244680851063827, 0.4975531914893617, 0.5502127659574468, 0.5477659574468084, 0.5164893617021277], "overlaps_after_p_future": [0.6909574468085107, 0.6428723404255319, 0.6741489361702128, 0.7046808510638298, 0.7048936170212765], "overlap_spred_before_p_future": [0.787094972067039, 0.6853351955307263, 0.7384357541899441, 0.7772346368715084, 0.7734078212290503]}, "gap_0": {"gap_0_p_future": [0.7874603962285758, 0.7823389446628749, 0.7814927917954982, 0.7959906350599941, 0.7938580753521396],