{"f1_score": {"ekstedt_events": {"shift_hold_p_future_after": [[0.3191426992416382, 0.2804924249649048, 0.418134480714798], [0.2984696626663208, 0.25169408321380615, 0.41827213764190674], [0.4270845651626587, 0.44354838132858276, 0.38491711020469666], [0.41224461793899536, 0.4201819598674774, 0.39191535115242004], [0.29169750213623047, 0.24013352394104004, 0.4237641394138336]], "shift_hold_p_future_before": [[0.25220057368278503, 0.1845744103193283, 0.42540597915649414], [0.2663325369358063, 0.20455920696258545, 0.42454758286476135], [0.335122287273407, 0.3056349754333496, 0.4106457829475403], [0.3459024131298065, 0.3226449191570282, 0.4054698646068573], [0.2339588701725006, 0.15781201422214508, 0.4289875626564026]], "s_pred_p_future": [[0.404480904340744, 0.02821997180581093, 0.7093702554702759], [0.3985995054244995, 0.014641288667917252, 0.709726095199585], [0.4072718322277069, 0.04097491875290871, 0.7040871977806091], [0.4323689043521881, 0.11824539303779602, 0.6869074702262878], [0.39532074332237244, 0.006639616563916206, 0.710274338722229]], "shift_hold_p_now_after": [[0.42344236373901367, 0.43675729632377625, 0.3893399238586426], [0.3480800986289978, 0.323320597410202, 0.4114946126937866], [0.3074955642223358, 0.2667427659034729, 0.41187241673469543], [0.4348835051059723, 0.4562435448169708, 0.38017576932907104], [0.31274014711380005, 0.2705443501472473, 0.4208127558231354]], "shift_hold_p_now_before": [[0.2296367585659027, 0.15134906768798828, 0.4301486313343048], [0.1696966290473938, 0.06715165078639984, 0.4323367178440094], [0.15484094619750977, 0.04494638368487358, 0.43630486726760864], [0.32496246695518494, 0.28973278403282166, 0.4151933789253235], [0.15135714411735535, 0.04026078060269356, 0.43589916825294495]], "s_pred_p_now": [[0.3992050290107727, 0.015384615398943424, 0.7102199196815491], [0.39378082752227783, 0.0022255193907767534, 0.7110633850097656], [0.3937135338783264, 0.0014864362310618162, 0.7115405201911926], [0.4177367687225342, 0.0667814090847969, 0.7021206617355347], [0.3940112590789795, 0.00222799857147038, 0.711478590965271]], "backchannel": [[0.49331504106521606, 0.7715528607368469, 0.01307403203099966], [0.5092278122901917, 0.7566937208175659, 0.08209940046072006], [0.49560025334358215, 0.7714393734931946, 0.019499512389302254], [0.4930649697780609, 0.7728216648101807, 0.010202402248978615], [0.49174371361732483, 0.7733856439590454, 0.005627275910228491]], "short_long": [[0.19896665215492249, 0.532600998878479, 0.008653686381876469], [0.23891228437423706, 0.5254579186439514, 0.07545983046293259], [0.19804747402668, 0.5329674482345581, 0.007001166697591543], [0.19697049260139465, 0.5323402881622314, 0.005667611490935087], [0.19534635543823242, 0.5331141352653503, 0.002675585215911269]]}, "roddy_events": {"overlaps_before_p_now": [[0.43180051445961, 0.4464986026287079, 0.3927474021911621], [0.274823397397995, 0.2223738133907318, 0.4141829311847687], [0.26525965332984924, 0.20849154889583588, 0.41609370708465576], [0.4125993251800537, 0.4146767556667328, 0.40707963705062866], [0.25420260429382324, 0.195847749710083, 0.40925267338752747]], "overlaps_before_p_future": [[0.321603387594223, 0.2880258858203888, 0.41081950068473816], [0.2352059781551361, 0.17162872850894928, 0.40413200855255127], [0.3598339855670929, 0.3419913351535797, 0.4072423279285431], [0.3578311502933502, 0.3400309085845947, 0.40512678027153015], [0.29460304975509644, 0.25565388798713684, 0.39809170365333557]], "overlaps_after_p_now": [[0.5142894387245178, 0.5716385245323181, 0.36191171407699585], [0.460610955953598, 0.49790576100349426, 0.3615179657936096], [0.4794226288795471, 0.5168187618255615, 0.38006022572517395], [0.5103852152824402, 0.561456024646759, 0.3746889531612396], [0.47086450457572937, 0.5169686079025269, 0.3483648896217346]], "overlaps_after_p_future": [[0.3509826064109802, 0.3288443386554718, 0.40980446338653564], [0.2686022222042084, 0.21601362526416779, 0.4083311855792999], [0.41591838002204895, 0.41958853602409363, 0.40616661310195923], [0.40360227227211, 0.4018856883049011, 0.40816327929496765], [0.3178209364414215, 0.28881096839904785, 0.39490100741386414]], "overlap_spred_before_p_future": [[0.17288784682750702, 0.09553264826536179, 0.3971598744392395], [0.1311894953250885, 0.04048295319080353, 0.3941704034805298], [0.1989395171403885, 0.12987886369228363, 0.3991635739803314], [0.233149915933609, 0.17757615447044373, 0.3942720890045166], [0.12339989095926285, 0.029380150139331818, 0.3959866166114807]]}, "gap_0": {"gap_0_p_future": [[0.24264679849147797, 0.21892522275447845, 0.33281058073043823], [0.28260475397109985, 0.26879140734672546, 0.3351082503795624], [0.3838300108909607, 0.40056782960891724, 0.3202107548713684], [0.3685636818408966, 0.38060224056243896, 0.3228060007095337], [0.3001401126384735, 0.2915979325771332, 0.3326082229614258]], "gap_0_p_now": [[0.2641140818595886, 0.24575941264629364, 0.33387860655784607], [0.13875125348567963, 0.08557083457708359, 0.34088584780693054], [0.14189986884593964, 0.08974707871675491, 0.3401285409927368], [0.3418283462524414, 0.3454282879829407, 0.32814526557922363], [0.11532573401927948, 0.05548746511340141, 0.34276631474494934]], "s_pred_p_now": [[0.4096072018146515, 0.04005201533436775, 0.7071332335472107], [0.3982847034931183, 0.010215053334832191, 0.7107165455818176], [0.39670440554618835, 0.005411255639046431, 0.711731493473053], [0.43964844942092896, 0.12219863384962082, 0.6952248215675354], [0.39670440554618835, 0.005411255639046431, 0.711731493473053]], "s_pred_p_future": [[0.4129490256309509, 0.04619776830077171, 0.7082175612449646], [0.40309450030326843, 0.02130492590367794, 0.7104703187942505], [0.42291802167892456, 0.07749627530574799, 0.7010143399238586], [0.4485788941383362, 0.1479114294052124, 0.6906439065933228], [0.40309450030326843, 0.02130492590367794, 0.7104703187942505]], "superset_p_future": [[0.2749571204185486, 0.26770085096359253, 0.3061155676841736], [0.29585516452789307, 0.2932372987270355, 0.30709633231163025], [0.42850857973098755, 0.4596049189567566, 0.2949812412261963], [0.40207886695861816, 0.4260116517543793, 0.29931187629699707], [0.29424795508384705, 0.2915602922439575, 0.3057888150215149]]}, "fast_shift": {}, "slow_shift": {}, "short_long": {}}, "bal_Accs": {"ekstedt_events": {"shift_hold_p_future_after": [0.500750955480686, 0.49891330006105933, 0.4975082367555371, 0.49570972873850416, 0.49991170973555604], "shift_hold_p_future_before": [0.5006307969225205, 0.49920103790860476, 0.4973364142783023, 0.49432797633529746, 0.5007965830655686], "s_pred_p_future": [0.5020921220566522, 0.5001638030224603, 0.4946334448622977, 0.4934470373594347, 0.4992172920324504], "shift_hold_p_now_after": [0.4978327074720017, 0.4970096000438593, 0.49786143332116123, 0.4985843198478787, 0.49581953675893164], "shift_hold_p_now_before": [0.4981581724082147, 0.4999897914936547, 0.499971167627296, 0.49732320535878766, 0.5001922394899255], "s_pred_p_now": [0.5009530204626395, 0.49968883598508296, 0.4999198100311422, 0.4998049964018329, 0.5001058911625155], "backchannel": [0.4983948795398732, 0.4811635743274718, 0.4982612772653699, 0.49912328534810024, 0.49743725438201325], "short_long": [0.49991522934347093, 0.5000206763695304, 0.5001044144368558, 0.5002718905715067, 0.5000837380673254]}, "roddy_events": {"overlaps_before_p_now": [0.5082379014806908, 0.4831685839508463, 0.4940367252120384, 0.5047699712958628, 0.486759087157417], "overlaps_before_p_future": [0.4883551305780993, 0.4871099443254744, 0.4984573525870257, 0.49446432563004045, 0.48899436942341395], "overlaps_after_p_now": [0.4983101352540331, 0.49299344936912726, 0.5036132019143009, 0.5179244128709023, 0.4818027702799983], "overlaps_after_p_future": [0.4924181992617948, 0.485543084957588, 0.4988840882923524, 0.4948510683741283, 0.4886551858764749], "overlap_spred_before_p_future": [0.4864202887352824, 0.4839800853090522, 0.48954399478556837, 0.49193248975241355, 0.4853284675871169]},