{"f1_score": {"ekstedt_events": {"shift_hold_p_future_after": [[0.33715349435806274, 0.3101428151130676, 0.40633371472358704], [0.31658586859703064, 0.27681201696395874, 0.41845542192459106], [0.4528656005859375, 0.476175457239151, 0.3931639492511749], [0.43153515458106995, 0.4512779414653778, 0.3809695541858673], [0.3183062672615051, 0.27987509965896606, 0.416736900806427]], "shift_hold_p_future_before": [[0.2753012180328369, 0.21857596933841705, 0.4205869436264038], [0.2782038748264313, 0.2217361032962799, 0.42283016443252563], [0.35192376375198364, 0.32920098304748535, 0.41012173891067505], [0.37205401062965393, 0.3619396388530731, 0.3979591727256775], [0.26159387826919556, 0.1980137825012207, 0.4244363605976105]], "s_pred_p_future": [[0.4044446349143982, 0.03086862899363041, 0.7071583271026611], [0.4034392833709717, 0.02405247837305069, 0.7108615636825562], [0.41650503873825073, 0.06180555373430252, 0.7039228677749634], [0.44669848680496216, 0.15849970281124115, 0.680229902267456], [0.4054009020328522, 0.030335862189531326, 0.7093212008476257]], "shift_hold_p_now_after": [[0.42763790488243103, 0.443204790353775, 0.3877677917480469], [0.3759647309780121, 0.3627718687057495, 0.40975451469421387], [0.3310193419456482, 0.29783663153648376, 0.41600745916366577], [0.4447852671146393, 0.4721224308013916, 0.37476876378059387], [0.3384537994861603, 0.3094075322151184, 0.412847638130188]], "shift_hold_p_now_before": [[0.2443261444568634, 0.17363476753234863, 0.42538222670555115], [0.19221915304660797, 0.09842174500226974, 0.43245479464530945], [0.16534794867038727, 0.06019614636898041, 0.43466466665267944], [0.32876795530319214, 0.2994751036167145, 0.4037933945655823], [0.17193065583705902, 0.06998322904109955, 0.4330402910709381]], "s_pred_p_now": [[0.4019416868686676, 0.021849963814020157, 0.709935188293457], [0.3949013650417328, 0.004446091130375862, 0.711292564868927], [0.3951970338821411, 0.005183265544474125, 0.7112305164337158], [0.42488712072372437, 0.08721905201673508, 0.6985041499137878], [0.39838576316833496, 0.011799409985542297, 0.7116419076919556]], "backchannel": [[0.4947037994861603, 0.7720479965209961, 0.016005225479602814], [0.5135499238967896, 0.7501080632209778, 0.1052483469247818], [0.49794408679008484, 0.7705857753753662, 0.027361983433365822], [0.49598461389541626, 0.7725604176521301, 0.018612245097756386], [0.4937639534473419, 0.7740888595581055, 0.009920635260641575]], "short_long": [[0.20190154016017914, 0.5331448316574097, 0.012952507473528385], [0.2541050910949707, 0.5210922360420227, 0.10180926322937012], [0.20223039388656616, 0.532348096370697, 0.013923421502113342], [0.1983434110879898, 0.5320568084716797, 0.007985359989106655], [0.19604633748531342, 0.532706618309021, 0.004007346928119659]]}, "roddy_events": {"overlaps_before_p_now": [[0.44801127910614014, 0.4680616855621338, 0.3947368562221527], [0.2905091941356659, 0.24455611407756805, 0.41260746121406555], [0.2849019169807434, 0.2393048107624054, 0.40605428814888], [0.44243669509887695, 0.4605153799057007, 0.3944012522697449], [0.2856403589248657, 0.23814329504966736, 0.41184109449386597]], "overlaps_before_p_future": [[0.34642261266708374, 0.32521846890449524, 0.40276244282722473], [0.2641313970088959, 0.20758621394634247, 0.41437309980392456], [0.3870674967765808, 0.37986817955970764, 0.4061962068080902], [0.41238313913345337, 0.41455602645874023, 0.4066096246242523], [0.3168012201786041, 0.28662827610969543, 0.39697134494781494]], "overlaps_after_p_now": [[0.518376350402832, 0.5794573426246643, 0.35608309507369995], [0.5012131929397583, 0.5507028102874756, 0.3697183132171631], [0.5023683309555054, 0.5507173538208008, 0.37390390038490295], [0.5412283539772034, 0.605670690536499, 0.3700038194656372], [0.5018872022628784, 0.5545047521591187, 0.36208125948905945]], "overlaps_after_p_future": [[0.37284335494041443, 0.36292269825935364, 0.39920273423194885], [0.3118482232093811, 0.27254772186279297, 0.4162704646587372], [0.432786762714386, 0.44945698976516724, 0.3884936571121216], [0.4465542733669281, 0.46515485644340515, 0.39713215827941895], [0.341962993144989, 0.32321980595588684, 0.3917640447616577]], "overlap_spred_before_p_future": [[0.18381358683109283, 0.11122414469718933, 0.39426854252815247], [0.1514805257320404, 0.06601123511791229, 0.39927732944488525], [0.22210988402366638, 0.16251638531684875, 0.3948863744735718], [0.26594433188438416, 0.22312499582767487, 0.3900883197784424], [0.14511142671108246, 0.05840957164764404, 0.3964817225933075]]}, "gap_0": {"gap_0_p_future": [[0.27405983209609985, 0.2592325210571289, 0.33041736483573914], [0.2952499985694885, 0.2854709029197693, 0.3324195146560669], [0.4031977355480194, 0.42476457357406616, 0.3212239146232605], [0.4016191363334656, 0.4241505563259125, 0.31597900390625], [0.3315297067165375, 0.33266550302505493, 0.3272126317024231]], "gap_0_p_now": [[0.2801533639431, 0.26648759841918945, 0.3320959210395813], [0.16419540345668793, 0.11764077097177505, 0.34114593267440796], [0.16994953155517578, 0.124873585999012, 0.34127968549728394], [0.3560244143009186, 0.36543646454811096, 0.3202499747276306], [0.14415454864501953, 0.0926167219877243, 0.3400458097457886]], "s_pred_p_now": [[0.41617050766944885, 0.055413033813238144, 0.7066135406494141], [0.403799831867218, 0.024364406242966652, 0.7092803120613098], [0.40498000383377075, 0.02249598316848278, 0.7129148840904236], [0.4475594758987427, 0.1493888646364212, 0.6876143217086792], [0.4053651690483093, 0.026022305712103844, 0.7107711434364319]], "s_pred_p_future": [[0.41426926851272583, 0.05366726219654083, 0.7045871615409851], [0.40724852681159973, 0.031628888100385666, 0.7096570134162903], [0.4327920079231262, 0.10404624044895172, 0.6974626183509827], [0.4521879255771637, 0.17428818345069885, 0.6759228110313416], [0.4147630035877228, 0.05109677463769913, 0.7075479030609131]], "superset_p_future": [[0.30986377596855164, 0.31115856766700745, 0.30430394411087036], [0.3136192262172699, 0.31498828530311584, 0.3077405095100403], [0.4466005563735962, 0.48180970549583435, 0.2954127788543701], [0.43606317043304443, 0.46942979097366333, 0.2927873432636261], [0.3270682692527771, 0.3329158127307892, 0.30195897817611694]]}, "fast_shift": {}, "slow_shift": {}, "short_long": {}}, "bal_Accs": {"ekstedt_events": {"shift_hold_p_future_after": [0.49743191263592224, 0.4992058669759542, 0.4973352425193131, 0.48663147270788676, 0.4996065552884892], "shift_hold_p_future_before": [0.4998492514306467, 0.5004343497525884, 0.4983096133806071, 0.4890325311542309, 0.49959272498163176], "s_pred_p_future": [0.49872997944353437, 0.500657961780866, 0.49960965610680563, 0.4949233408588823, 0.5017648527085915], "shift_hold_p_now_after": [0.4952387526405411, 0.50037071968869, 0.49989432864388283, 0.48355157522046466, 0.5004854633000113], "shift_hold_p_now_before": [0.49752020290036625, 0.4997038467924412, 0.49980296695057325, 0.48960859272881646, 0.499512814569353], "s_pred_p_now": [0.5022459925217383, 0.5000962953020014, 0.5003176734875465, 0.49946195841748886, 0.5013186732527566], "backchannel": [0.49810776830884174, 0.47958092810509223, 0.49980641767377953, 0.49807052250051453, 0.500548181271904], "short_long": [0.500752610016725, 0.500333919680098, 0.5003132433105676, 0.5, 0.500418690336627]}, "roddy_events": {"overlaps_before_p_now": [0.5007127394227264, 0.4888793626375812, 0.4915188980793434, 0.5063443968996592, 0.49476935302629976], "overlaps_before_p_future": [0.49072963158484106, 0.4878475442376196, 0.4964871047560494, 0.4993000150892362, 0.48618816061346176], "overlaps_after_p_now": [0.5027649187797002, 0.4960830677584529, 0.5034932230305844, 0.5095183247748396, 0.4897038661736075], "overlaps_after_p_future": [0.49459684284755073, 0.4949535368261672, 0.5008152078747654, 0.5013119853068022, 0.4845296417019794], "overlap_spred_before_p_future": [0.484498754836524, 0.48691894847578915, 0.4886584131248353, 0.49038341525458984, 0.4867527285622869]},