{"f1_score": {"ekstedt_events": {"shift_hold_p_future_after": [[0.689754068851471, 0.8792341947555542, 0.0], [0.689754068851471, 0.8792341947555542, 0.0]], "shift_hold_p_future_before": [[0.689754068851471, 0.8792341947555542, 0.0], [0.689754068851471, 0.8792341947555542, 0.0]], "s_pred_p_future": [[0.392880380153656, 0.0, 0.7114967703819275], [0.392880380153656, 0.0, 0.7114967703819275]], "shift_hold_p_now_after": [[0.689754068851471, 0.8792341947555542, 0.0], [0.689754068851471, 0.8792341947555542, 0.0]], "shift_hold_p_now_before": [[0.689754068851471, 0.8792341947555542, 0.0], [0.689754068851471, 0.8792341947555542, 0.0]], "s_pred_p_now": [[0.39666131138801575, 0.00749063678085804, 0.7122692465782166], [0.392880380153656, 0.0, 0.7114967703819275]], "backchannel": [[0.25505590438842773, 0.14314515888690948, 0.48170730471611023], [0.33042436838150024, 0.2747156620025635, 0.44325050711631775]], "short_long": [[0.43272459506988525, 0.08465608209371567, 0.7047781348228455], [0.4399084150791168, 0.10362694412469864, 0.7027491331100464]]}, "roddy_events": {"overlaps_before_p_now": [[0.7040293216705322, 0.8857142925262451, 0.0], [0.7040293216705322, 0.8857142925262451, 0.0]], "overlaps_before_p_future": [[0.7040293216705322, 0.8857142925262451, 0.0], [0.7040293216705322, 0.8857142925262451, 0.0]], "overlaps_after_p_now": [[0.7040293216705322, 0.8857142925262451, 0.0], [0.7040293216705322, 0.8857142925262451, 0.0]], "overlaps_after_p_future": [[0.7040293216705322, 0.8857142925262451, 0.0], [0.7040293216705322, 0.8857142925262451, 0.0]], "overlap_spred_before_p_future": [[0.916016697883606, 0.9709091186523438, 0.0], [0.916016697883606, 0.9709091186523438, 0.0]]}, "gap_0": {"gap_0_p_future": [[0.8602596521377563, 0.9502798914909363, 0.0], [0.8602596521377563, 0.9502798914909363, 0.0]], "gap_0_p_now": [[0.8602596521377563, 0.9502798914909363, 0.0], [0.8602596521377563, 0.9502798914909363, 0.0]], "s_pred_p_now": [[0.3908191919326782, 0.0, 0.7100313305854797], [0.3908191919326782, 0.0, 0.7100313305854797]], "s_pred_p_future": [[0.3962668776512146, 0.01075268816202879, 0.7111459970474243], [0.3908191919326782, 0.0, 0.7100313305854797]], "superset_p_future": [[0.8675425052642822, 0.9530389308929443, 0.0], [0.8675425052642822, 0.9530389308929443, 0.0]]}, "fast_shift": {}, "slow_shift": {}, "short_long": {}}, "bal_Accs": {"ekstedt_events": {"shift_hold_p_future_after": [0.5014886423989868, 0.4986594558156637], "shift_hold_p_future_before": [0.5001991665645299, 0.4979725865097847], "s_pred_p_future": [0.5, 0.49766183752063087], "shift_hold_p_now_after": [0.5, 0.5], "shift_hold_p_now_before": [0.49951229725865093, 0.49824069534665194], "s_pred_p_now": [0.49923207408765813, 0.5], "backchannel": [0.488901065925607, 0.5], "short_long": [0.47366463826910077, 0.5073022312373225]}, "roddy_events": {"overlaps_before_p_now": [0.5, 0.49899193548387094], "overlaps_before_p_future": [0.5080645161290323, 0.49899193548387094], "overlaps_after_p_now": [0.5080645161290323, 0.4889112903225806], "overlaps_after_p_future": [0.5080645161290323, 0.4969758064516129], "overlap_spred_before_p_future": [0.5, 0.4776451310861423]}, "gap_0": {"gap_0_p_future": [0.5015015015015015, 0.4984594885257137], "gap_0_p_now": [0.501039501039501, 0.49880598887221406], "s_pred_p_now": [0.5050444484219319, 0.5], "s_pred_p_future": [0.5059006025893443, 0.5], "superset_p_future": [0.5011557049800378, 0.49845181680227924]}, "fast_shift": {}, "slow_shift": {}, "short_long": {}}}