{"f1_score": {"ekstedt_events": {"shift_hold_p_future_after": [[0.689754068851471, 0.8792341947555542, 0.0], [0.689754068851471, 0.8792341947555542, 0.0]], "shift_hold_p_future_before": [[0.689754068851471, 0.8792341947555542, 0.0], [0.689754068851471, 0.8792341947555542, 0.0]], "s_pred_p_future": [[0.39508891105651855, 0.0074349441565573215, 0.709466814994812], [0.392880380153656, 0.0, 0.7114967703819275]], "shift_hold_p_now_after": [[0.689754068851471, 0.8792341947555542, 0.0], [0.689754068851471, 0.8792341947555542, 0.0]], "shift_hold_p_now_before": [[0.689754068851471, 0.8792341947555542, 0.0], [0.689754068851471, 0.8792341947555542, 0.0]], "s_pred_p_now": [[0.3988204300403595, 0.014814814552664757, 0.7102396488189697], [0.40334057807922363, 0.02222222276031971, 0.7124183177947998]], "backchannel": [[0.2862929105758667, 0.190476194024086, 0.4803493320941925], [0.3393690586090088, 0.2886776030063629, 0.44203388690948486]], "short_long": [[0.4345548748970032, 0.08947368711233139, 0.704273521900177], [0.4374089241027832, 0.09870129823684692, 0.7021459341049194]]}, "roddy_events": {"overlaps_before_p_now": [[0.7040293216705322, 0.8857142925262451, 0.0], [0.7040293216705322, 0.8857142925262451, 0.0]], "overlaps_before_p_future": [[0.7040293216705322, 0.8857142925262451, 0.0], [0.7040293216705322, 0.8857142925262451, 0.0]], "overlaps_after_p_now": [[0.7040293216705322, 0.8857142925262451, 0.0], [0.7040293216705322, 0.8857142925262451, 0.0]], "overlaps_after_p_future": [[0.7040293216705322, 0.8857142925262451, 0.0], [0.7040293216705322, 0.8857142925262451, 0.0]], "overlap_spred_before_p_future": [[0.916016697883606, 0.9709091186523438, 0.0], [0.916016697883606, 0.9709091186523438, 0.0]]}, "gap_0": {"gap_0_p_future": [[0.8602596521377563, 0.9502798914909363, 0.0], [0.8602596521377563, 0.9502798914909363, 0.0]], "gap_0_p_now": [[0.8602596521377563, 0.9502798914909363, 0.0], [0.8602596521377563, 0.9502798914909363, 0.0]], "s_pred_p_now": [[0.3983951508998871, 0.01604278013110161, 0.7106918096542358], [0.3908191919326782, 0.0, 0.7100313305854797]], "s_pred_p_future": [[0.4092649817466736, 0.04177545756101608, 0.7094219923019409], [0.3908191919326782, 0.0, 0.7100313305854797]], "superset_p_future": [[0.8675425052642822, 0.9530389308929443, 0.0], [0.8675425052642822, 0.9530389308929443, 0.0]]}, "fast_shift": {}, "slow_shift": {}, "short_long": {}}, "bal_Accs": {"ekstedt_events": {"shift_hold_p_future_after": [0.48783296564121414, 0.4975691465457368], "shift_hold_p_future_before": [0.4952710708011603, 0.4942522572210647], "s_pred_p_future": [0.49883091876031543, 0.507564643315606], "shift_hold_p_now_after": [0.5, 0.5], "shift_hold_p_now_before": [0.49652735220819544, 0.4974184949135923], "s_pred_p_now": [0.5053181734824866, 0.5041147075004585], "backchannel": [0.4877516406382507, 0.5], "short_long": [0.4682048681541582, 0.5073022312373225]}, "roddy_events": {"overlaps_before_p_now": [0.5, 0.4909274193548387], "overlaps_before_p_future": [0.5161290322580645, 0.49899193548387094], "overlaps_after_p_now": [0.5241935483870968, 0.4425403225806452], "overlaps_after_p_future": [0.532258064516129, 0.4264112903225806], "overlap_spred_before_p_future": [0.5, 0.48384831460674155]}, "gap_0": {"gap_0_p_future": [0.5050047500378626, 0.49160444193556774], "gap_0_p_now": [0.5015397465728592, 0.48880643251504174], "s_pred_p_now": [0.5181254101783903, 0.5013513513513513], "s_pred_p_future": [0.5109659328202375, 0.5], "superset_p_future": [0.5016346538552696, 0.49622060501682147]}, "fast_shift": {}, "slow_shift": {}, "short_long": {}}}