{"f1_score": {"ekstedt_events": {"shift_hold_p_future_after": [[0.689754068851471, 0.8792341947555542, 0.0], [0.689754068851471, 0.8792341947555542, 0.0]], "shift_hold_p_future_before": [[0.689754068851471, 0.8792341947555542, 0.0], [0.689754068851471, 0.8792341947555542, 0.0]], "s_pred_p_future": [[0.3921078145503998, 0.0, 0.7100977301597595], [0.392880380153656, 0.0, 0.7114967703819275]], "shift_hold_p_now_after": [[0.689754068851471, 0.8792341947555542, 0.0], [0.689754068851471, 0.8792341947555542, 0.0]], "shift_hold_p_now_before": [[0.689754068851471, 0.8792341947555542, 0.0], [0.689754068851471, 0.8792341947555542, 0.0]], "s_pred_p_now": [[0.3921078145503998, 0.0, 0.7100977301597595], [0.392880380153656, 0.0, 0.7114967703819275]], "backchannel": [[0.2408321499824524, 0.12257405370473862, 0.48033878207206726], [0.2869923710823059, 0.21081577241420746, 0.44127190113067627]], "short_long": [[0.43272459506988525, 0.08465608209371567, 0.7047781348228455], [0.44164833426475525, 0.10824742168188095, 0.7022375464439392]]}, "roddy_events": {"overlaps_before_p_now": [[0.7040293216705322, 0.8857142925262451, 0.0], [0.7040293216705322, 0.8857142925262451, 0.0]], "overlaps_before_p_future": [[0.7040293216705322, 0.8857142925262451, 0.0], [0.7040293216705322, 0.8857142925262451, 0.0]], "overlaps_after_p_now": [[0.7040293216705322, 0.8857142925262451, 0.0], [0.7040293216705322, 0.8857142925262451, 0.0]], "overlaps_after_p_future": [[0.7040293216705322, 0.8857142925262451, 0.0], [0.7040293216705322, 0.8857142925262451, 0.0]], "overlap_spred_before_p_future": [[0.916016697883606, 0.9709091186523438, 0.0], [0.916016697883606, 0.9709091186523438, 0.0]]}, "gap_0": {"gap_0_p_future": [[0.8602596521377563, 0.9502798914909363, 0.0], [0.8602596521377563, 0.9502798914909363, 0.0]], "gap_0_p_now": [[0.8602596521377563, 0.9502798914909363, 0.0], [0.8602596521377563, 0.9502798914909363, 0.0]], "s_pred_p_now": [[0.3908191919326782, 0.0, 0.7100313305854797], [0.3908191919326782, 0.0, 0.7100313305854797]], "s_pred_p_future": [[0.39026230573654175, 0.0, 0.7090196013450623], [0.3908191919326782, 0.0, 0.7100313305854797]], "superset_p_future": [[0.8675425052642822, 0.9530389308929443, 0.0], [0.8675425052642822, 0.9530389308929443, 0.0]]}, "fast_shift": {}, "slow_shift": {}, "short_long": {}}, "bal_Accs": {"ekstedt_events": {"shift_hold_p_future_after": [0.4895284348572129, 0.49668311067532783], "shift_hold_p_future_before": [0.494905932099522, 0.49710187114433957], "s_pred_p_future": [0.49847560975609756, 0.49847560975609756], "shift_hold_p_now_after": [0.5, 0.5], "shift_hold_p_now_before": [0.49616221350655715, 0.5001506516321444], "s_pred_p_now": [0.49923207408765813, 0.5], "backchannel": [0.49176745339021743, 0.5], "short_long": [0.5040906017579445, 0.5073022312373225]}, "roddy_events": {"overlaps_before_p_now": [0.5, 0.47580645161290325], "overlaps_before_p_future": [0.5080645161290323, 0.47580645161290325], "overlaps_after_p_now": [0.5080645161290323, 0.45161290322580644], "overlaps_after_p_future": [0.5080645161290323, 0.48286290322580644], "overlap_spred_before_p_future": [0.5, 0.4544709737827715]}, "gap_0": {"gap_0_p_future": [0.49912724747161835, 0.4974972425303551], "gap_0_p_now": [0.4988962472406181, 0.4976127426458552], "s_pred_p_now": [0.5050444484219319, 0.5], "s_pred_p_future": [0.4980400930732056, 0.5], "superset_p_future": [0.4989339019189765, 0.49764221846968437]}, "fast_shift": {}, "slow_shift": {}, "short_long": {}}}