{"f1_score": {"ekstedt_events": {"shift_hold_p_future_after": [[0.689754068851471, 0.8792341947555542, 0.0], [0.689754068851471, 0.8792341947555542, 0.0]], "shift_hold_p_future_before": [[0.689754068851471, 0.8792341947555542, 0.0], [0.689754068851471, 0.8792341947555542, 0.0]], "s_pred_p_future": [[0.3921078145503998, 0.0, 0.7100977301597595], [0.392880380153656, 0.0, 0.7114967703819275]], "shift_hold_p_now_after": [[0.689754068851471, 0.8792341947555542, 0.0], [0.689754068851471, 0.8792341947555542, 0.0]], "shift_hold_p_now_before": [[0.689754068851471, 0.8792341947555542, 0.0], [0.689754068851471, 0.8792341947555542, 0.0]], "s_pred_p_now": [[0.3921078145503998, 0.0, 0.7100977301597595], [0.39666131138801575, 0.00749063678085804, 0.7122692465782166]], "backchannel": [[0.2425997108221054, 0.12461695820093155, 0.4815486967563629], [0.34826260805130005, 0.29493892192840576, 0.4562584161758423]], "short_long": [[0.43272459506988525, 0.08465608209371567, 0.7047781348228455], [0.4366708993911743, 0.0984455943107605, 0.7010309100151062]]}, "roddy_events": {"overlaps_before_p_now": [[0.7040293216705322, 0.8857142925262451, 0.0], [0.7040293216705322, 0.8857142925262451, 0.0]], "overlaps_before_p_future": [[0.7040293216705322, 0.8857142925262451, 0.0], [0.7040293216705322, 0.8857142925262451, 0.0]], "overlaps_after_p_now": [[0.7040293216705322, 0.8857142925262451, 0.0], [0.7040293216705322, 0.8857142925262451, 0.0]], "overlaps_after_p_future": [[0.7040293216705322, 0.8857142925262451, 0.0], [0.7040293216705322, 0.8857142925262451, 0.0]], "overlap_spred_before_p_future": [[0.916016697883606, 0.9709091186523438, 0.0], [0.916016697883606, 0.9709091186523438, 0.0]]}, "gap_0": {"gap_0_p_future": [[0.8602596521377563, 0.9502798914909363, 0.0], [0.8602596521377563, 0.9502798914909363, 0.0]], "gap_0_p_now": [[0.8602596521377563, 0.9502798914909363, 0.0], [0.8602596521377563, 0.9502798914909363, 0.0]], "s_pred_p_now": [[0.3908191919326782, 0.0, 0.7100313305854797], [0.3908191919326782, 0.0, 0.7100313305854797]], "s_pred_p_future": [[0.39026230573654175, 0.0, 0.7090196013450623], [0.3908191919326782, 0.0, 0.7100313305854797]], "superset_p_future": [[0.8675425052642822, 0.9530389308929443, 0.0], [0.8675425052642822, 0.9530389308929443, 0.0]]}, "fast_shift": {}, "slow_shift": {}, "short_long": {}}, "bal_Accs": {"ekstedt_events": {"shift_hold_p_future_after": [0.49807216979204966, 0.49847560975609756], "shift_hold_p_future_before": [0.5059622298484291, 0.49847560975609756], "s_pred_p_future": [0.49847560975609756, 0.5037593984962406], "shift_hold_p_now_after": [0.5, 0.5], "shift_hold_p_now_before": [0.5061128814805735, 0.49847560975609756], "s_pred_p_now": [0.4922748945534568, 0.5018796992481203], "backchannel": [0.48946860281550486, 0.5], "short_long": [0.49416835699797157, 0.5073022312373225]}, "roddy_events": {"overlaps_before_p_now": [0.5, 0.47580645161290325], "overlaps_before_p_future": [0.5, 0.46774193548387094], "overlaps_after_p_now": [0.5, 0.5060483870967742], "overlaps_after_p_future": [0.5, 0.5060483870967742], "overlap_spred_before_p_future": [0.5, 0.4407771535580524]}, "gap_0": {"gap_0_p_future": [0.4988962472406181, 0.4995892479336188], "gap_0_p_now": [0.4988962472406181, 0.4999357482801191], "s_pred_p_now": [0.5007427957759083, 0.5], "s_pred_p_future": [0.4988962472406181, 0.5], "superset_p_future": [0.4989339019189765, 0.49945922236444823]}, "fast_shift": {}, "slow_shift": {}, "short_long": {}}}