{"f1_score": {"ekstedt_events": {"shift_hold_p_future_after": [[0.689754068851471, 0.8792341947555542, 0.0], [0.689754068851471, 0.8792341947555542, 0.0]], "shift_hold_p_future_before": [[0.689754068851471, 0.8792341947555542, 0.0], [0.689754068851471, 0.8792341947555542, 0.0]], "s_pred_p_future": [[0.3921078145503998, 0.0, 0.7100977301597595], [0.392880380153656, 0.0, 0.7114967703819275]], "shift_hold_p_now_after": [[0.689754068851471, 0.8792341947555542, 0.0], [0.689754068851471, 0.8792341947555542, 0.0]], "shift_hold_p_now_before": [[0.689754068851471, 0.8792341947555542, 0.0], [0.689754068851471, 0.8792341947555542, 0.0]], "s_pred_p_now": [[0.3921078145503998, 0.0, 0.7100977301597595], [0.3921078145503998, 0.0, 0.7100977301597595]], "backchannel": [[0.25003308057785034, 0.135764941573143, 0.48145896196365356], [0.29835885763168335, 0.22465753555297852, 0.4476252496242523]], "short_long": [[0.4334428906440735, 0.08488063514232635, 0.7058823704719543], [0.4366708993911743, 0.0984455943107605, 0.7010309100151062]]}, "roddy_events": {"overlaps_before_p_now": [[0.7040293216705322, 0.8857142925262451, 0.0], [0.7040293216705322, 0.8857142925262451, 0.0]], "overlaps_before_p_future": [[0.7040293216705322, 0.8857142925262451, 0.0], [0.7040293216705322, 0.8857142925262451, 0.0]], "overlaps_after_p_now": [[0.7040293216705322, 0.8857142925262451, 0.0], [0.7040293216705322, 0.8857142925262451, 0.0]], "overlaps_after_p_future": [[0.7040293216705322, 0.8857142925262451, 0.0], [0.7040293216705322, 0.8857142925262451, 0.0]], "overlap_spred_before_p_future": [[0.916016697883606, 0.9709091186523438, 0.0], [0.916016697883606, 0.9709091186523438, 0.0]]}, "gap_0": {"gap_0_p_future": [[0.8602596521377563, 0.9502798914909363, 0.0], [0.8602596521377563, 0.9502798914909363, 0.0]], "gap_0_p_now": [[0.8602596521377563, 0.9502798914909363, 0.0], [0.8602596521377563, 0.9502798914909363, 0.0]], "s_pred_p_now": [[0.39026230573654175, 0.0, 0.7090196013450623], [0.3908191919326782, 0.0, 0.7100313305854797]], "s_pred_p_future": [[0.38970455527305603, 0.0, 0.7080062627792358], [0.3908191919326782, 0.0, 0.7100313305854797]], "superset_p_future": [[0.8675425052642822, 0.9530389308929443, 0.0], [0.8675425052642822, 0.9530389308929443, 0.0]]}, "fast_shift": {}, "slow_shift": {}, "short_long": {}}, "bal_Accs": {"ekstedt_events": {"shift_hold_p_future_after": [0.4986747763206275, 0.5043382563222617], "shift_hold_p_future_before": [0.4973853004861707, 0.5047570167912735], "s_pred_p_future": [0.49847560975609756, 0.49847560975609756], "shift_hold_p_now_after": [0.5, 0.5], "shift_hold_p_now_before": [0.49780406095518237, 0.5043382563222617], "s_pred_p_now": [0.4925270493306437, 0.49847560975609756], "backchannel": [0.48891541743316763, 0.5], "short_long": [0.4856152805949966, 0.5073022312373225]}, "roddy_events": {"overlaps_before_p_now": [0.5, 0.4747983870967742], "overlaps_before_p_future": [0.46875, 0.48286290322580644], "overlaps_after_p_now": [0.46875, 0.4183467741935484], "overlaps_after_p_future": [0.46875, 0.4264112903225806], "overlap_spred_before_p_future": [0.5, 0.5107677902621723]}, "gap_0": {"gap_0_p_future": [0.5009109975997393, 0.5041450008337426], "gap_0_p_now": [0.5002179969067386, 0.5044915011802429], "s_pred_p_now": [0.4980400930732056, 0.5], "s_pred_p_future": [0.4977924944812362, 0.5], "superset_p_future": [0.4998640215307457, 0.5032260723817649]}, "fast_shift": {}, "slow_shift": {}, "short_long": {}}}