{"f1_score": {"ekstedt_events": {"shift_hold_p_future_after": [[0.689754068851471, 0.8792341947555542, 0.0], [0.689754068851471, 0.8792341947555542, 0.0]], "shift_hold_p_future_before": [[0.689754068851471, 0.8792341947555542, 0.0], [0.689754068851471, 0.8792341947555542, 0.0]], "s_pred_p_future": [[0.392880380153656, 0.0, 0.7114967703819275], [0.392880380153656, 0.0, 0.7114967703819275]], "shift_hold_p_now_after": [[0.689754068851471, 0.8792341947555542, 0.0], [0.689754068851471, 0.8792341947555542, 0.0]], "shift_hold_p_now_before": [[0.689754068851471, 0.8792341947555542, 0.0], [0.689754068851471, 0.8792341947555542, 0.0]], "s_pred_p_now": [[0.392880380153656, 0.0, 0.7114967703819275], [0.392880380153656, 0.0, 0.7114967703819275]], "backchannel": [[0.2376823127269745, 0.11860940605401993, 0.4788391888141632], [0.310171902179718, 0.24394619464874268, 0.4442979693412781]], "short_long": [[0.43229395151138306, 0.08021390438079834, 0.7074829936027527], [0.4381464719772339, 0.0989583358168602, 0.7032589912414551]]}, "roddy_events": {"overlaps_before_p_now": [[0.7040293216705322, 0.8857142925262451, 0.0], [0.7040293216705322, 0.8857142925262451, 0.0]], "overlaps_before_p_future": [[0.7040293216705322, 0.8857142925262451, 0.0], [0.7040293216705322, 0.8857142925262451, 0.0]], "overlaps_after_p_now": [[0.7040293216705322, 0.8857142925262451, 0.0], [0.7040293216705322, 0.8857142925262451, 0.0]], "overlaps_after_p_future": [[0.7040293216705322, 0.8857142925262451, 0.0], [0.7040293216705322, 0.8857142925262451, 0.0]], "overlap_spred_before_p_future": [[0.916016697883606, 0.9709091186523438, 0.0], [0.916016697883606, 0.9709091186523438, 0.0]]}, "gap_0": {"gap_0_p_future": [[0.8602596521377563, 0.9502798914909363, 0.0], [0.8602596521377563, 0.9502798914909363, 0.0]], "gap_0_p_now": [[0.8602596521377563, 0.9502798914909363, 0.0], [0.8602596521377563, 0.9502798914909363, 0.0]], "s_pred_p_now": [[0.3908191919326782, 0.0, 0.7100313305854797], [0.3908191919326782, 0.0, 0.7100313305854797]], "s_pred_p_future": [[0.3908191919326782, 0.0, 0.7100313305854797], [0.3908191919326782, 0.0, 0.7100313305854797]], "superset_p_future": [[0.8675425052642822, 0.9530389308929443, 0.0], [0.8675425052642822, 0.9530389308929443, 0.0]]}, "fast_shift": {}, "slow_shift": {}, "short_long": {}}, "bal_Accs": {"ekstedt_events": {"shift_hold_p_future_after": [0.5014222535441435, 0.5005694121011561], "shift_hold_p_future_before": [0.5037509702986477, 0.5005694121011561], "s_pred_p_future": [0.5, 0.49847560975609756], "shift_hold_p_now_after": [0.5, 0.5], "shift_hold_p_now_before": [0.5015397107488663, 0.49931313069412103], "s_pred_p_now": [0.4895814230698698, 0.5], "backchannel": [0.4917818048977781, 0.5], "short_long": [0.5087390128465179, 0.5073022312373225]}, "roddy_events": {"overlaps_before_p_now": [0.5, 0.4838709677419355], "overlaps_before_p_future": [0.5, 0.4838709677419355], "overlaps_after_p_now": [0.5080645161290323, 0.4838709677419355], "overlaps_after_p_future": [0.5080645161290323, 0.4838709677419355], "overlap_spred_before_p_future": [0.5, 0.44323501872659177]}, "gap_0": {"gap_0_p_future": [0.5, 0.4988319955207372], "gap_0_p_now": [0.5, 0.4994094960982378], "s_pred_p_now": [0.49939144442455696, 0.5], "s_pred_p_future": [0.5013513513513513, 0.5], "superset_p_future": [0.5, 0.4984981883725192]}, "fast_shift": {}, "slow_shift": {}, "short_long": {}}}