{"f1_score": {"ekstedt_events": {"shift_hold_p_future_after": [[0.689754068851471, 0.8792341947555542, 0.0], [0.689754068851471, 0.8792341947555542, 0.0]], "shift_hold_p_future_before": [[0.689754068851471, 0.8792341947555542, 0.0], [0.689754068851471, 0.8792341947555542, 0.0]], "s_pred_p_future": [[0.39508891105651855, 0.0074349441565573215, 0.709466814994812], [0.392880380153656, 0.0, 0.7114967703819275]], "shift_hold_p_now_after": [[0.689754068851471, 0.8792341947555542, 0.0], [0.689754068851471, 0.8792341947555542, 0.0]], "shift_hold_p_now_before": [[0.689754068851471, 0.8792341947555542, 0.0], [0.689754068851471, 0.8792341947555542, 0.0]], "s_pred_p_now": [[0.39508891105651855, 0.0074349441565573215, 0.709466814994812], [0.39666131138801575, 0.00749063678085804, 0.7122692465782166]], "backchannel": [[0.2675250172615051, 0.1599999964237213, 0.4852941036224365], [0.34091681241989136, 0.28942808508872986, 0.4451962113380432]], "short_long": [[0.43200579285621643, 0.08443272113800049, 0.7036720514297485], [0.4334333837032318, 0.09326425194740295, 0.699312686920166]]}, "roddy_events": {"overlaps_before_p_now": [[0.7040293216705322, 0.8857142925262451, 0.0], [0.7040293216705322, 0.8857142925262451, 0.0]], "overlaps_before_p_future": [[0.7040293216705322, 0.8857142925262451, 0.0], [0.7040293216705322, 0.8857142925262451, 0.0]], "overlaps_after_p_now": [[0.7040293216705322, 0.8857142925262451, 0.0], [0.7040293216705322, 0.8857142925262451, 0.0]], "overlaps_after_p_future": [[0.7040293216705322, 0.8857142925262451, 0.0], [0.7040293216705322, 0.8857142925262451, 0.0]], "overlap_spred_before_p_future": [[0.916016697883606, 0.9709091186523438, 0.0], [0.916016697883606, 0.9709091186523438, 0.0]]}, "gap_0": {"gap_0_p_future": [[0.8602596521377563, 0.9502798914909363, 0.0], [0.8602596521377563, 0.9502798914909363, 0.0]], "gap_0_p_now": [[0.8602596521377563, 0.9502798914909363, 0.0], [0.8602596521377563, 0.9502798914909363, 0.0]], "s_pred_p_now": [[0.3908191919326782, 0.0, 0.7100313305854797], [0.3908191919326782, 0.0, 0.7100313305854797]], "s_pred_p_future": [[0.39781758189201355, 0.01600000075995922, 0.7096773982048035], [0.3908191919326782, 0.0, 0.7100313305854797]], "superset_p_future": [[0.8675425052642822, 0.9530389308929443, 0.0], [0.8675425052642822, 0.9530389308929443, 0.0]]}, "fast_shift": {}, "slow_shift": {}, "short_long": {}}, "bal_Accs": {"ekstedt_events": {"shift_hold_p_future_after": [0.4961111451566777, 0.495493218123136], "shift_hold_p_future_before": [0.4952404297912326, 0.4952251092862687], "s_pred_p_future": [0.49883091876031543, 0.4968480652851641], "shift_hold_p_now_after": [0.5, 0.5], "shift_hold_p_now_before": [0.4945535604853536, 0.4959119785921477], "s_pred_p_now": [0.49760452961672474, 0.5018796992481203], "backchannel": [0.4883191775281486, 0.5], "short_long": [0.48906355645706556, 0.5073022312373225]}, "roddy_events": {"overlaps_before_p_now": [0.5, 0.5463709677419355], "overlaps_before_p_future": [0.5, 0.5463709677419355], "overlaps_after_p_now": [0.46875, 0.560483870967742], "overlaps_after_p_future": [0.46875, 0.560483870967742], "overlap_spred_before_p_future": [0.5, 0.5276217228464419]}, "gap_0": {"gap_0_p_future": [0.49876774380085637, 0.4944292229060441], "gap_0_p_now": [0.4992939959827377, 0.4950067234835447], "s_pred_p_now": [0.5013722331603127, 0.5013513513513513], "s_pred_p_future": [0.5008770359763737, 0.5], "superset_p_future": [0.49954882926346267, 0.4970983045926672]}, "fast_shift": {}, "slow_shift": {}, "short_long": {}}}