{"f1_score": {"ekstedt_events": {"shift_hold_p_future_after": [[0.689754068851471, 0.8792341947555542, 0.0], [0.689754068851471, 0.8792341947555542, 0.0]], "shift_hold_p_future_before": [[0.689754068851471, 0.8792341947555542, 0.0], [0.689754068851471, 0.8792341947555542, 0.0]], "s_pred_p_future": [[0.392880380153656, 0.0, 0.7114967703819275], [0.392880380153656, 0.0, 0.7114967703819275]], "shift_hold_p_now_after": [[0.689754068851471, 0.8792341947555542, 0.0], [0.689754068851471, 0.8792341947555542, 0.0]], "shift_hold_p_now_before": [[0.689754068851471, 0.8792341947555542, 0.0], [0.689754068851471, 0.8792341947555542, 0.0]], "s_pred_p_now": [[0.392880380153656, 0.0, 0.7114967703819275], [0.392880380153656, 0.0, 0.7114967703819275]], "backchannel": [[0.23706476390361786, 0.11692307889461517, 0.48038622736930847], [0.3257710337638855, 0.27154046297073364, 0.4356034994125366]], "short_long": [[0.43272459506988525, 0.08465608209371567, 0.7047781348228455], [0.4366708993911743, 0.0984455943107605, 0.7010309100151062]]}, "roddy_events": {"overlaps_before_p_now": [[0.7040293216705322, 0.8857142925262451, 0.0], [0.7040293216705322, 0.8857142925262451, 0.0]], "overlaps_before_p_future": [[0.7040293216705322, 0.8857142925262451, 0.0], [0.7040293216705322, 0.8857142925262451, 0.0]], "overlaps_after_p_now": [[0.7040293216705322, 0.8857142925262451, 0.0], [0.7040293216705322, 0.8857142925262451, 0.0]], "overlaps_after_p_future": [[0.7040293216705322, 0.8857142925262451, 0.0], [0.7040293216705322, 0.8857142925262451, 0.0]], "overlap_spred_before_p_future": [[0.916016697883606, 0.9709091186523438, 0.0], [0.916016697883606, 0.9709091186523438, 0.0]]}, "gap_0": {"gap_0_p_future": [[0.8602596521377563, 0.9502798914909363, 0.0], [0.8602596521377563, 0.9502798914909363, 0.0]], "gap_0_p_now": [[0.8602596521377563, 0.9502798914909363, 0.0], [0.8602596521377563, 0.9502798914909363, 0.0]], "s_pred_p_now": [[0.3935492932796478, 0.005390835460275412, 0.7105882167816162], [0.3908191919326782, 0.0, 0.7100313305854797]], "s_pred_p_future": [[0.3935492932796478, 0.005390835460275412, 0.7105882167816162], [0.3908191919326782, 0.0, 0.7100313305854797]], "superset_p_future": [[0.8675425052642822, 0.9530389308929443, 0.0], [0.8675425052642822, 0.9530389308929443, 0.0]]}, "fast_shift": {}, "slow_shift": {}, "short_long": {}}, "bal_Accs": {"ekstedt_events": {"shift_hold_p_future_after": [0.5144548964333865, 0.49847560975609756], "shift_hold_p_future_before": [0.5109541610491481, 0.49847560975609756], "s_pred_p_future": [0.5, 0.5], "shift_hold_p_now_after": [0.5, 0.5], "shift_hold_p_now_before": [0.5102672917432692, 0.49847560975609756], "s_pred_p_now": [0.5118856592701265, 0.5], "backchannel": [0.4877659921458113, 0.5], "short_long": [0.4678668018931711, 0.5073022312373225]}, "roddy_events": {"overlaps_before_p_now": [0.5, 0.47580645161290325], "overlaps_before_p_future": [0.5, 0.4838709677419355], "overlaps_after_p_now": [0.5, 0.46673387096774194], "overlaps_after_p_future": [0.5, 0.46673387096774194], "overlap_spred_before_p_future": [0.5, 0.4263810861423221]}, "gap_0": {"gap_0_p_future": [0.5001155001155001, 0.5000512483956192], "gap_0_p_now": [0.5001155001155001, 0.5001667485111194], "s_pred_p_now": [0.5083557067000776, 0.5], "s_pred_p_future": [0.504054054054054, 0.5], "superset_p_future": [0.5002101281781887, 0.4997744146317313]}, "fast_shift": {}, "slow_shift": {}, "short_long": {}}}