{"f1_score": {"ekstedt_events": {"shift_hold_p_future_after": [[0.689754068851471, 0.8792341947555542, 0.0], [0.689754068851471, 0.8792341947555542, 0.0]], "shift_hold_p_future_before": [[0.689754068851471, 0.8792341947555542, 0.0], [0.689754068851471, 0.8792341947555542, 0.0]], "s_pred_p_future": [[0.3921078145503998, 0.0, 0.7100977301597595], [0.392880380153656, 0.0, 0.7114967703819275]], "shift_hold_p_now_after": [[0.689754068851471, 0.8792341947555542, 0.0], [0.689754068851471, 0.8792341947555542, 0.0]], "shift_hold_p_now_before": [[0.689754068851471, 0.8792341947555542, 0.0], [0.689754068851471, 0.8792341947555542, 0.0]], "s_pred_p_now": [[0.3921078145503998, 0.0, 0.7100977301597595], [0.392880380153656, 0.0, 0.7114967703819275]], "backchannel": [[0.2521897852420807, 0.13793103396892548, 0.4835965931415558], [0.3304938077926636, 0.27079644799232483, 0.4513981342315674]], "short_long": [[0.4334428906440735, 0.08488063514232635, 0.7058823704719543], [0.438420832157135, 0.10309278219938278, 0.7005163431167603]]}, "roddy_events": {"overlaps_before_p_now": [[0.7040293216705322, 0.8857142925262451, 0.0], [0.7040293216705322, 0.8857142925262451, 0.0]], "overlaps_before_p_future": [[0.7040293216705322, 0.8857142925262451, 0.0], [0.7040293216705322, 0.8857142925262451, 0.0]], "overlaps_after_p_now": [[0.7040293216705322, 0.8857142925262451, 0.0], [0.7040293216705322, 0.8857142925262451, 0.0]], "overlaps_after_p_future": [[0.7040293216705322, 0.8857142925262451, 0.0], [0.7040293216705322, 0.8857142925262451, 0.0]], "overlap_spred_before_p_future": [[0.916016697883606, 0.9709091186523438, 0.0], [0.916016697883606, 0.9709091186523438, 0.0]]}, "gap_0": {"gap_0_p_future": [[0.8602596521377563, 0.9502798914909363, 0.0], [0.8602596521377563, 0.9502798914909363, 0.0]], "gap_0_p_now": [[0.8602596521377563, 0.9502798914909363, 0.0], [0.8602596521377563, 0.9502798914909363, 0.0]], "s_pred_p_now": [[0.39026230573654175, 0.0, 0.7090196013450623], [0.3908191919326782, 0.0, 0.7100313305854797]], "s_pred_p_future": [[0.39026230573654175, 0.0, 0.7090196013450623], [0.3908191919326782, 0.0, 0.7100313305854797]], "superset_p_future": [[0.8675425052642822, 0.9530389308929443, 0.0], [0.8675425052642822, 0.9530389308929443, 0.0]]}, "fast_shift": {}, "slow_shift": {}, "short_long": {}}, "bal_Accs": {"ekstedt_events": {"shift_hold_p_future_after": [0.4915890427748499, 0.49321556971851127], "shift_hold_p_future_before": [0.49281212975446337, 0.4947399599624137], "s_pred_p_future": [0.49847560975609756, 0.5018796992481203], "shift_hold_p_now_after": [0.5, 0.5], "shift_hold_p_now_before": [0.4925440209175961, 0.4958455897373044], "s_pred_p_now": [0.4977076838437557, 0.5], "backchannel": [0.49061802810286115, 0.5], "short_long": [0.4626774847870183, 0.5073022312373225]}, "roddy_events": {"overlaps_before_p_now": [0.5, 0.5070564516129032], "overlaps_before_p_future": [0.5, 0.5070564516129032], "overlaps_after_p_now": [0.5, 0.5131048387096775], "overlaps_after_p_future": [0.5, 0.5050403225806452], "overlap_spred_before_p_future": [0.5, 0.5032771535580525]}, "gap_0": {"gap_0_p_future": [0.49912724747161835, 0.49777949115697456], "gap_0_p_now": [0.4990117473561182, 0.49679123851309287], "s_pred_p_now": [0.4974315374977627, 0.5], "s_pred_p_future": [0.49828769166517506, 0.5], "superset_p_future": [0.49903896600807085, 0.49869285936062785]}, "fast_shift": {}, "slow_shift": {}, "short_long": {}}}