{"f1_score": {"ekstedt_events": {"shift_hold_p_future_after": [[0.5080484747886658, 0.5380710363388062, 0.43653249740600586], [0.4786633849143982, 0.495364248752594, 0.43888071179389954], [0.4102705717086792, 0.39592429995536804, 0.4444444477558136], [0.36960136890411377, 0.33125001192092896, 0.4609571695327759], [0.39321815967559814, 0.37845706939697266, 0.42838019132614136]], "shift_hold_p_future_before": [[0.4159313440322876, 0.406876802444458, 0.4375], [0.25716567039489746, 0.17931035161018372, 0.44262295961380005], [0.28124555945396423, 0.21052631735801697, 0.4497041404247284], [0.4293687045574188, 0.4232954680919647, 0.44383561611175537], [0.40973061323165894, 0.4073033630847931, 0.41551247239112854]], "s_pred_p_future": [[0.4383304715156555, 0.12935324013233185, 0.6977547407150269], [0.3973892629146576, 0.032786883413791656, 0.7035176157951355], [0.40419840812683105, 0.04371584579348564, 0.7068676948547363], [0.4526571035385132, 0.16981132328510284, 0.6901408433914185], [0.4147096276283264, 0.08205128461122513, 0.6940171122550964]], "shift_hold_p_now_after": [[0.32322728633880615, 0.26446279883384705, 0.4632086753845215], [0.3346725106239319, 0.2857142984867096, 0.4512946903705597], [0.296339750289917, 0.23115578293800354, 0.4516128897666931], [0.285256028175354, 0.2103448212146759, 0.46370023488998413], [0.5070724487304688, 0.553398072719574, 0.3967213034629822]], "shift_hold_p_now_before": [[0.15930134057998657, 0.03481624647974968, 0.4558342397212982], [0.14634978771209717, 0.01937984488904476, 0.44880175590515137], [0.1621205359697342, 0.03861003741621971, 0.45633187890052795], [0.20009595155715942, 0.09293680638074875, 0.4553571343421936], [0.1643441766500473, 0.045627377927303314, 0.4471365511417389]], "s_pred_p_now": [[0.38859713077545166, 0.011173184029757977, 0.7054908275604248], [0.3816886246204376, 0.0, 0.70216304063797], [0.38286054134368896, 0.0, 0.7043189406394958], [0.3816886246204376, 0.0, 0.70216304063797], [0.387395977973938, 0.011111111380159855, 0.70333331823349]], "backchannel": [[0.5124931335449219, 0.5101058483123779, 0.5156993269920349], [0.5147252082824707, 0.5282669067382812, 0.49653807282447815], [0.5295298099517822, 0.6436090469360352, 0.37631580233573914], [0.5033844709396362, 0.5719008445739746, 0.4113636314868927], [0.5291236042976379, 0.6107114553451538, 0.41954708099365234]], "short_long": [[0.49058932065963745, 0.45396825671195984, 0.508571445941925], [0.5357630252838135, 0.3747534453868866, 0.6148238182067871], [0.4188648462295532, 0.47042253613471985, 0.3935483992099762], [0.4898500442504883, 0.42833608388900757, 0.52005535364151], [0.6117376685142517, 0.2857142984867096, 0.77182537317276]]}, "roddy_events": {"overlaps_before_p_now": [[0.3213912844657898, 0.24369747936725616, 0.4674556255340576], [0.2390131801366806, 0.10526315867900848, 0.4904632270336151], [0.29168403148651123, 0.1938326060771942, 0.47564470767974854], [0.32893139123916626, 0.2521008551120758, 0.47337278723716736], [0.3525165915489197, 0.28688523173332214, 0.47590360045433044]], "overlaps_before_p_future": [[0.4323326349258423, 0.39382240176200867, 0.5047318339347839], [0.31559479236602783, 0.21524663269519806, 0.5042492747306824], [0.4421002268791199, 0.4301075339317322, 0.46464645862579346], [0.513819694519043, 0.5488958954811096, 0.4478764533996582], [0.4644991457462311, 0.47098976373672485, 0.45229682326316833]], "overlaps_after_p_now": [[0.43871942162513733, 0.4148148000240326, 0.48366013169288635], [0.5967656373977661, 0.6829268336296082, 0.43478259444236755], [0.487176775932312, 0.48965516686439514, 0.4825174808502197], [0.5187659859657288, 0.5436893105506897, 0.47191011905670166], [0.5277636051177979, 0.5642633438110352, 0.4591439664363861]], "overlaps_after_p_future": [[0.48819324374198914, 0.4931506812572479, 0.47887325286865234], [0.5593537092208862, 0.6060606241226196, 0.47154471278190613], [0.41626864671707153, 0.3700787425041199, 0.5031055808067322], [0.4716183543205261, 0.45652174949645996, 0.5], [0.5073792338371277, 0.5454545617103577, 0.43579766154289246]], "overlap_spred_before_p_future": [[0.4455695152282715, 0.38818565011024475, 0.5482866168022156], [0.4228507876396179, 0.3549783527851105, 0.5443425178527832], [0.28714415431022644, 0.1642512083053589, 0.5071225166320801], [0.3015429973602295, 0.18269230425357819, 0.5142857432365417], [0.2733187973499298, 0.13197968900203705, 0.5263158082962036]]}, "gap_0": {"gap_0_p_future": [[0.4303208887577057, 0.4550970792770386, 0.34356725215911865], [0.3406182527542114, 0.3358058035373688, 0.35746902227401733], [0.261075496673584, 0.23150183260440826, 0.36462751030921936], [0.42370280623435974, 0.44688645005226135, 0.3425253927707672], [0.4107101261615753, 0.4304267168045044, 0.3416726291179657]], "gap_0_p_now": [[0.1717205047607422, 0.11708860844373703, 0.36301368474960327], [0.10989802330732346, 0.03820598125457764, 0.36092716455459595], [0.14004278182983398, 0.07636068016290665, 0.3630252182483673], [0.17051486670970917, 0.11559778451919556, 0.36280661821365356], [0.23462793231010437, 0.1995532363653183, 0.3574417233467102]], "s_pred_p_now": [[0.41915664076805115, 0.08552631735801697, 0.7029914259910583], [0.39339351654052734, 0.027681661769747734, 0.7045215368270874], [0.3826863765716553, 0.00699300691485405, 0.7023060917854309], [0.4091555178165436, 0.06081081181764603, 0.7055084705352783], [0.37907448410987854, 0.0, 0.7015706896781921]], "s_pred_p_future": [[0.4904007911682129, 0.27225130796432495, 0.6759907007217407], [0.402285635471344, 0.0476190485060215, 0.704016923904419], [0.4423922598361969, 0.13793103396892548, 0.7014114856719971], [0.45846644043922424, 0.17910447716712952, 0.6961326003074646], [0.4082133173942566, 0.07166124135255814, 0.6945337653160095]], "superset_p_future": [[0.4366956949234009, 0.4620087444782257, 0.340471088886261], [0.40726715326309204, 0.42418771982192993, 0.3429454267024994], [0.27772390842437744, 0.2601126432418823, 0.34467118978500366], [0.4054957628250122, 0.4238886535167694, 0.33557742834091187], [0.47822749614715576, 0.5197044610977173, 0.32055750489234924]]}, "fast_shift": {}, "slow_shift": {}, "short_long": {}}, "bal_Accs": {"ekstedt_events": {"shift_hold_p_future_after": [0.5200121427237063, 0.5153185129833738, 0.517854474126658, 0.5170091537455632, 0.5080422193162712], "shift_hold_p_future_before": [0.5013450401643939, 0.49866430039230336, 0.5054175228843639, 0.5073416775639829, 0.5025359611432841], "s_pred_p_future": [0.5129319482722069, 0.5037099851600594, 0.508877464490142, 0.5128259486962052, 0.5012454950180198], "shift_hold_p_now_after": [0.5089996263777321, 0.5096114328413973, 0.517910517466841, 0.5201242294040724, 0.5008780123295349], "shift_hold_p_now_before": [0.4972632168877265, 0.49764150943396224, 0.500990099009901, 0.4901877451896133, 0.4992434149075285], "s_pred_p_now": [0.5028089887640449, 0.49764150943396224, 0.5, 0.49528301886792453, 0.5004504981980071], "backchannel": [0.5257005322772633, 0.5149483069690142, 0.5309409554039992, 0.48970631171534024, 0.5250192772707876], "short_long": [0.5213977107520937, 0.5106118311935622, 0.5276736900301001, 0.4990171386448799, 0.5028308454655281]}, "roddy_events": {"overlaps_before_p_now": [0.48, 0.4876595744680851, 0.4856382978723404, 0.48095744680851066, 0.47531914893617017], "overlaps_before_p_future": [0.5330851063829787, 0.5059574468085106, 0.4878723404255319, 0.48925531914893616, 0.49351063829787234], "overlaps_after_p_now": [0.4962765957446808, 0.5074468085106383, 0.5338297872340425, 0.49446808510638296, 0.460531914893617], "overlaps_after_p_future": [0.5308510638297872, 0.5052127659574468, 0.48723404255319147, 0.507127659574468, 0.5091489361702127], "overlap_spred_before_p_future": [0.5073463687150838, 0.49558659217877093, 0.49558659217877093, 0.503072625698324, 0.5113128491620111]}, "gap_0": {"gap_0_p_future": [0.5006247534704992, 0.5012762275578628, 0.5061699176750518, 0.510218727335191, 0.4957285185326564],