{"f1_score": {"ekstedt_events": {"shift_hold_p_future_after": [[0.5113116502761841, 0.5389527678489685, 0.4454685151576996], [0.490200936794281, 0.5, 0.46685880422592163], [0.39134952425956726, 0.3636363744735718, 0.45736435055732727], [0.3556041717529297, 0.30818620324134827, 0.46855732798576355], [0.4239286184310913, 0.40762463212013245, 0.46276596188545227]], "shift_hold_p_future_before": [[0.3990939259529114, 0.3830409348011017, 0.437333345413208], [0.27195966243743896, 0.19410745799541473, 0.4574095606803894], [0.2758881449699402, 0.20205479860305786, 0.45176470279693604], [0.4262895882129669, 0.4127906858921051, 0.4584450423717499], [0.4254395365715027, 0.4160688519477844, 0.447761207818985]], "s_pred_p_future": [[0.42634063959121704, 0.10204081982374191, 0.698630154132843], [0.40161988139152527, 0.04324324429035187, 0.702521026134491], [0.3849828839302063, 0.010989011265337467, 0.6989966630935669], [0.4528375267982483, 0.16346153616905212, 0.6958041787147522], [0.41891682147979736, 0.0833333358168602, 0.7006802558898926]], "shift_hold_p_now_after": [[0.3142101764678955, 0.2617124319076538, 0.43926379084587097], [0.3443748950958252, 0.3069767355918884, 0.4334600865840912], [0.29305773973464966, 0.22961729764938354, 0.44417765736579895], [0.2726973593235016, 0.20270270109176636, 0.4394299387931824], [0.5054028034210205, 0.5445544719696045, 0.4121405780315399]], "shift_hold_p_now_before": [[0.16772906482219696, 0.04615384712815285, 0.4573304057121277], [0.16101720929145813, 0.03846153989434242, 0.4529540538787842], [0.17549023032188416, 0.057251907885074615, 0.4571428596973419], [0.19166666269302368, 0.08502772450447083, 0.4456886947154999], [0.17100279033184052, 0.05323193967342377, 0.45154184103012085]], "s_pred_p_now": [[0.38286054134368896, 0.0, 0.7043189406394958], [0.387395977973938, 0.011111111380159855, 0.70333331823349], [0.38286054134368896, 0.0, 0.7043189406394958], [0.38286054134368896, 0.0, 0.7043189406394958], [0.387395977973938, 0.011111111380159855, 0.70333331823349]], "backchannel": [[0.5090455412864685, 0.49150848388671875, 0.5325987339019775], [0.5009589195251465, 0.5218977928161621, 0.47283703088760376], [0.5311209559440613, 0.6456456184387207, 0.3773086965084076], [0.5148890614509583, 0.581818163394928, 0.42500001192092896], [0.5392880439758301, 0.6239113211631775, 0.42563483119010925]], "short_long": [[0.4657432436943054, 0.4058919847011566, 0.49513211846351624], [0.5230269432067871, 0.36328125, 0.6014670133590698], [0.42628344893455505, 0.4694167971611023, 0.4051036536693573], [0.4953750669956207, 0.4247491657733917, 0.5300546288490295], [0.5810549855232239, 0.20915032923221588, 0.763671875]]}, "roddy_events": {"overlaps_before_p_now": [[0.3269484043121338, 0.23111110925674438, 0.5071225166320801], [0.22952431440353394, 0.08780487626791, 0.4959568679332733], [0.27026355266571045, 0.14953270554542542, 0.49723756313323975], [0.3113865256309509, 0.2133333384990692, 0.49572649598121643], [0.31401491165161133, 0.22510822117328644, 0.48115941882133484]], "overlaps_before_p_future": [[0.41201841831207275, 0.34854772686958313, 0.5313432812690735], [0.2763601839542389, 0.15813954174518585, 0.49861496686935425], [0.44944989681243896, 0.41085270047187805, 0.5220125913619995], [0.5778809785842896, 0.6050955653190613, 0.5267175436019897], [0.49195533990859985, 0.4895104765892029, 0.4965517222881317]], "overlaps_after_p_now": [[0.43033140897750854, 0.38910505175590515, 0.5078369975090027], [0.6400140523910522, 0.71074378490448, 0.5070422291755676], [0.498914897441864, 0.4965035021305084, 0.5034482479095459], [0.5617474913597107, 0.5789473652839661, 0.529411792755127], [0.5412044525146484, 0.5592105388641357, 0.5073529481887817]], "overlaps_after_p_future": [[0.5076711773872375, 0.5017668008804321, 0.5187713503837585], [0.5670269727706909, 0.5916398763656616, 0.5207546949386597], [0.38728752732276917, 0.3265306055545807, 0.5015105605125427], [0.5064891576766968, 0.49822065234184265, 0.5220338702201843], [0.5215023756027222, 0.5319865345954895, 0.5017921328544617]], "overlap_spred_before_p_future": [[0.40940409898757935, 0.3303571343421936, 0.5508981943130493], [0.39365488290786743, 0.3125, 0.538922131061554], [0.2928767800331116, 0.1599999964237213, 0.5307262539863586], [0.29949384927749634, 0.17560975253582, 0.5212464332580566], [0.2568146884441376, 0.1041666641831398, 0.5300546288490295]]}, "gap_0": {"gap_0_p_future": [[0.4848470687866211, 0.5167351961135864, 0.3731911778450012], [0.37570130825042725, 0.3744170665740967, 0.38019803166389465], [0.28919607400894165, 0.2651296854019165, 0.3734643757343292], [0.4516907334327698, 0.47374847531318665, 0.3744557201862335], [0.4529629349708557, 0.4749694764614105, 0.37590712308883667]], "gap_0_p_now": [[0.19018086791038513, 0.13938918709754944, 0.36802759766578674], [0.13062521815299988, 0.06393442302942276, 0.3641425371170044], [0.15970273315906525, 0.10096153616905212, 0.36538460850715637], [0.1747615933418274, 0.12135539948940277, 0.36176303029060364], [0.247162863612175, 0.21364985406398773, 0.36450839042663574]], "s_pred_p_now": [[0.4235312342643738, 0.10223641991615295, 0.6968716382980347], [0.3826863765716553, 0.00699300691485405, 0.7023060917854309], [0.3804410994052887, 0.0069204154424369335, 0.6982123851776123], [0.4032506048679352, 0.05369127541780472, 0.7006369233131409], [0.37760213017463684, 0.0, 0.6988457441329956]], "s_pred_p_future": [[0.5028725862503052, 0.2974359095096588, 0.677647054195404], [0.38675931096076965, 0.02054794505238533, 0.6983122229576111], [0.45266610383987427, 0.16413374245166779, 0.6981339454650879], [0.4642670154571533, 0.18991097807884216, 0.6976743936538696], [0.38711249828338623, 0.02693602629005909, 0.6935312747955322]], "superset_p_future": [[0.45901066064834595, 0.48479583859443665, 0.36099138855934143], [0.42439213395118713, 0.4403254985809326, 0.3638232350349426], [0.28203654289245605, 0.2638603746891022, 0.35113123059272766], [0.43514153361320496, 0.45397675037384033, 0.3635416626930237], [0.49474573135375977, 0.5326716303825378, 0.35057470202445984]]}, "fast_shift": {}, "slow_shift": {}, "short_long": {}}, "bal_Accs": {"ekstedt_events": {"shift_hold_p_future_after": [0.5196898935176537, 0.5056510368017934, 0.5166308611993274, 0.5157855408182328, 0.5209695497851672], "shift_hold_p_future_before": [0.512903979077153, 0.519367644311601, 0.5036708387819914, 0.5093218755837848, 0.5052727442555576], "s_pred_p_future": [0.5092219631121475, 0.5041604833580665, 0.4957335170659317, 0.5170924316302734, 0.5083209667161331], "shift_hold_p_now_after": [0.492490192415468, 0.49781898001120867, 0.4918783859518027, 0.48017466841023726, 0.47804969176162904], "shift_hold_p_now_before": [0.5016019054735662, 0.49863160844386323, 0.4972632168877265, 0.5025920044834672, 0.4978750233513917], "s_pred_p_now": [0.5, 0.5004504981980071, 0.5, 0.5, 0.5004504981980071], "backchannel": [0.5296851254332707, 0.5104396715003332, 0.521545625369637, 0.4988882816652567, 0.5323427685904011], "short_long": [0.5099412330814751, 0.5173382885926654, 0.5297929848270778, 0.5115946925486824, 0.5254161803550587]}, "roddy_events": {"overlaps_before_p_now": [0.4829787234042553, 0.4903191489361702, 0.4832978723404255, 0.4832978723404255, 0.4953191489361702], "overlaps_before_p_future": [0.5135106382978724, 0.4929787234042553, 0.49659574468085105, 0.49425531914893617, 0.5052127659574468], "overlaps_after_p_now": [0.4882978723404255, 0.4788297872340425, 0.5538297872340425, 0.49117021276595746, 0.4875531914893617], "overlaps_after_p_future": [0.5045744680851063, 0.48925531914893616, 0.5148936170212766, 0.5227659574468085, 0.5035106382978723], "overlap_spred_before_p_future": [0.4961731843575419, 0.49837988826815643, 0.49558659217877093, 0.5102793296089385, 0.5129329608938548]}, "gap_0": {"gap_0_p_future": [0.5119224847628864, 0.5046862872339072, 0.5176788690817015, 0.515122596734995, 0.5085200595488033],