{"f1_score": {"ekstedt_events": {"shift_hold_p_future_after": [[0.5037211179733276, 0.5204755663871765, 0.46381092071533203], [0.45145750045776367, 0.446958988904953, 0.46217331290245056], [0.390293687582016, 0.3545878827571869, 0.4753476679325104], [0.35312896966934204, 0.29885056614875793, 0.48242422938346863], [0.40305212140083313, 0.3717357814311981, 0.47765007615089417]], "shift_hold_p_future_before": [[0.4113239645957947, 0.38863974809646606, 0.46535947918891907], [0.23054242134094238, 0.13430127501487732, 0.45979616045951843], [0.27886611223220825, 0.19718310236930847, 0.47344109416007996], [0.4358025789260864, 0.417159765958786, 0.480211079120636], [0.4314526319503784, 0.41581258177757263, 0.4687083959579468]], "s_pred_p_future": [[0.4423562288284302, 0.12371134012937546, 0.7098976373672485], [0.3918164074420929, 0.021978022530674934, 0.7023411393165588], [0.3942791819572449, 0.02222222276031971, 0.7066666483879089], [0.4656003713607788, 0.17000000178813934, 0.7137930989265442], [0.43119016289711, 0.09574468433856964, 0.712837815284729]], "shift_hold_p_now_after": [[0.2836263179779053, 0.21160408854484558, 0.45518869161605835], [0.2991652488708496, 0.2362728714942932, 0.44897958636283875], [0.2679818868637085, 0.18815331161022186, 0.4581395387649536], [0.257654070854187, 0.17513135075569153, 0.4542294442653656], [0.5006277561187744, 0.5257731676101685, 0.4407294690608978]], "shift_hold_p_now_before": [[0.17606808245182037, 0.05736137554049492, 0.4588364362716675], [0.16660423576831818, 0.04597701132297516, 0.45394736528396606], [0.16267088055610657, 0.03868471831083298, 0.4580152630805969], [0.22557982802391052, 0.125, 0.4651685357093811], [0.1772213876247406, 0.057581573724746704, 0.462212473154068]], "s_pred_p_now": [[0.3816886246204376, 0.0, 0.70216304063797], [0.3816886246204376, 0.0, 0.70216304063797], [0.38286054134368896, 0.0, 0.7043189406394958], [0.3816886246204376, 0.0, 0.70216304063797], [0.3816886246204376, 0.0, 0.70216304063797]], "backchannel": [[0.4533662796020508, 0.4088982939720154, 0.5130890011787415], [0.4925314784049988, 0.49668246507644653, 0.48695650696754456], [0.525388777256012, 0.6220839619636536, 0.3955223858356476], [0.5085222721099854, 0.5513043403625488, 0.4510638415813446], [0.5181007385253906, 0.5771812200546265, 0.43875277042388916]], "short_long": [[0.4643361270427704, 0.35044246912002563, 0.5202614665031433], [0.513398289680481, 0.32586556673049927, 0.6054826974868774], [0.4240570068359375, 0.4298507571220398, 0.4212121069431305], [0.486400306224823, 0.34328359365463257, 0.5566750764846802], [0.5767985582351685, 0.18430034816265106, 0.7695274949073792]]}, "roddy_events": {"overlaps_before_p_now": [[0.2744341492652893, 0.15740740299224854, 0.49444442987442017], [0.2312091439962387, 0.0882352963089943, 0.5], [0.2763601839542389, 0.15813954174518585, 0.49861496686935425], [0.29008838534355164, 0.1875, 0.4829545319080353], [0.3271406888961792, 0.24137930572032928, 0.4883720874786377]], "overlaps_before_p_future": [[0.3707013726234436, 0.29184550046920776, 0.5189504623413086], [0.2460050880908966, 0.10731707513332367, 0.506738543510437], [0.41938072443008423, 0.36437246203422546, 0.5227963328361511], [0.521898090839386, 0.5454545617103577, 0.4776119291782379], [0.405478835105896, 0.38989168405532837, 0.43478259444236755]], "overlaps_after_p_now": [[0.41265279054641724, 0.37547892332077026, 0.48253968358039856], [0.6063278913497925, 0.6814404726028442, 0.4651162922382355], [0.4688006043434143, 0.454873651266098, 0.4949832856655121], [0.5365837812423706, 0.5641025900840759, 0.4848484992980957], [0.5066137909889221, 0.5396825671195984, 0.4444444477558136]], "overlaps_after_p_future": [[0.44283491373062134, 0.4000000059604645, 0.5233644843101501], [0.5597401261329651, 0.5704697966575623, 0.5395683646202087], [0.3412225842475891, 0.2432432472705841, 0.5254237055778503], [0.4486863911151886, 0.4137931168079376, 0.5142857432365417], [0.5275592803955078, 0.5355932116508484, 0.5124555230140686]], "overlap_spred_before_p_future": [[0.4004201292991638, 0.31192660331726074, 0.5588235259056091], [0.32834967970848083, 0.21256038546562195, 0.5356125235557556], [0.2586001753807068, 0.10471203923225403, 0.5340599417686462], [0.3119301497936249, 0.18719211220741272, 0.5352112650871277], [0.26363736391067505, 0.11398963630199432, 0.5315068364143372]]}, "gap_0": {"gap_0_p_future": [[0.45673689246177673, 0.4763076901435852, 0.38820990920066833], [0.3037712872028351, 0.2826552391052246, 0.37770897150039673], [0.268821120262146, 0.23608018457889557, 0.38346314430236816], [0.4514668583869934, 0.4661654233932495, 0.4000000059604645], [0.44021686911582947, 0.45556947588920593, 0.3864597976207733]], "gap_0_p_now": [[0.19164647161960602, 0.13993710279464722, 0.37270641326904297], [0.10463479161262512, 0.03166666626930237, 0.3601321578025818], [0.1423133909702301, 0.07817589491605759, 0.3668903708457947], [0.1868928074836731, 0.13406939804553986, 0.3718535602092743], [0.24402043223381042, 0.20720720291137695, 0.3729216158390045]], "s_pred_p_now": [[0.4512854218482971, 0.14649681746959686, 0.7105831503868103], [0.3783390522003174, 0.0, 0.7002096176147461], [0.3783390522003174, 0.0, 0.7002096176147461], [0.4168025553226471, 0.07407407462596893, 0.7083775401115417], [0.37907448410987854, 0.0, 0.7015706896781921]], "s_pred_p_future": [[0.5515477061271667, 0.3504043221473694, 0.7226697206497192], [0.38399744033813477, 0.013793103396892548, 0.6989473700523376], [0.43677401542663574, 0.12179487198591232, 0.704741358757019], [0.48345205187797546, 0.21212121844291687, 0.7142857313156128], [0.4217875003814697, 0.08637873828411102, 0.7071352601051331]], "superset_p_future": [[0.45183682441711426, 0.47204968333244324, 0.375], [0.3691530227661133, 0.3696591556072235, 0.3672289252281189], [0.2686622142791748, 0.24395373463630676, 0.36258864402770996], [0.42251336574554443, 0.43466299772262573, 0.376327782869339], [0.4898587465286255, 0.5246862173080444, 0.35746607184410095]]}, "fast_shift": {}, "slow_shift": {}, "short_long": {}}, "bal_Accs": {"ekstedt_events": {"shift_hold_p_future_after": [0.5212030637025967, 0.5054175228843639, 0.5175322249206052, 0.5222492060526808, 0.524841210536148], "shift_hold_p_future_before": [0.5130487577059593, 0.5139501214272371, 0.5111246030263403, 0.5297917055856529, 0.523384083691388], "s_pred_p_future": [0.5242739029043884, 0.5009009963960144, 0.5056179775280899, 0.5359603561585753, 0.5229224083103667], "shift_hold_p_now_after": [0.5143284139734728, 0.5068746497291239, 0.514940220437138, 0.5207360358677378, 0.5187558378479358], "shift_hold_p_now_before": [0.5012236129273304, 0.5006118064636652, 0.502970297029703, 0.5045722025032692, 0.5065524005230712], "s_pred_p_now": [0.49764150943396224, 0.49764150943396224, 0.5, 0.49764150943396224, 0.49764150943396224], "backchannel": [0.5121072490024481, 0.5004959686173518, 0.5023956220007936, 0.5013494089551345, 0.507209324958638], "short_long": [0.5291223867149907, 0.507166697381084, 0.49658558060486924, 0.5137549399021234, 0.5311444191903679]}, "roddy_events": {"overlaps_before_p_now": [0.4926595744680851, 0.49, 0.4979787234042553, 0.4932978723404255, 0.4876595744680851], "overlaps_before_p_future": [0.5361702127659574, 0.49, 0.4979787234042553, 0.4856382978723404, 0.4806382978723404], "overlaps_after_p_now": [0.4956382978723404, 0.4898936170212766, 0.5375531914893616, 0.48021276595744683, 0.4869148936170213], "overlaps_after_p_future": [0.5039361702127659, 0.5059574468085106, 0.5006382978723404, 0.5158510638297873, 0.47095744680851065], "overlap_spred_before_p_future": [0.5207262569832403, 0.4927932960893855, 0.49558659217877093, 0.528072625698324, 0.5157262569832403]}, "gap_0": {"gap_0_p_future": [0.5210940183990533, 0.500637477573768, 0.524079093025919, 0.5259966153885305, 0.5127851789645125], "gap_0_p_now": [0.49786616788181853, 0.49829242534132406, 0.5006387499840949, 0.49871995521115653, 0.4987186828008296],