{"f1_score": {"ekstedt_events": {"shift_hold_p_future_after": [[0.5344398617744446, 0.564943253993988, 0.461778461933136], [0.5055973529815674, 0.5205843448638916, 0.46989721059799194], [0.43042078614234924, 0.4152046740055084, 0.46666666865348816], [0.3754929304122925, 0.3375000059604645, 0.4659949541091919], [0.4353359639644623, 0.4193548262119293, 0.47340425848960876]], "shift_hold_p_future_before": [[0.44027096033096313, 0.4320457875728607, 0.45986393094062805], [0.26305174827575684, 0.17957746982574463, 0.461893767118454], [0.3091628849506378, 0.24666666984558105, 0.45803356170654297], [0.43849024176597595, 0.43342775106430054, 0.450549453496933], [0.45188283920288086, 0.45188283920288086, 0.45188283920288086]], "s_pred_p_future": [[0.4524160921573639, 0.1428571492433548, 0.7123287916183472], [0.40419840812683105, 0.04371584579348564, 0.7068676948547363], [0.41514259576797485, 0.0648648664355278, 0.7092437148094177], [0.46214765310287476, 0.18095238506793976, 0.6982455849647522], [0.4292351305484772, 0.10309278219938278, 0.703071653842926]], "shift_hold_p_now_after": [[0.30970025062561035, 0.24875621497631073, 0.454873651266098], [0.31852513551712036, 0.2638436555862427, 0.44878047704696655], [0.28441911935806274, 0.21196581423282623, 0.4570082426071167], [0.277451753616333, 0.20274914801120758, 0.4553990662097931], [0.4975494146347046, 0.5291139483451843, 0.42236024141311646]], "shift_hold_p_now_before": [[0.17165064811706543, 0.05009634047746658, 0.4612021744251251], [0.15930134057998657, 0.03481624647974968, 0.4558342397212982], [0.16492974758148193, 0.04238921031355858, 0.45683059096336365], [0.23238499462604523, 0.13743218779563904, 0.45856979489326477], [0.17215213179588318, 0.05343511328101158, 0.45494505763053894]], "s_pred_p_now": [[0.38859713077545166, 0.011173184029757977, 0.7054908275604248], [0.38286054134368896, 0.0, 0.7043189406394958], [0.38286054134368896, 0.0, 0.7043189406394958], [0.3816886246204376, 0.0, 0.70216304063797], [0.38859713077545166, 0.011173184029757977, 0.7054908275604248]], "backchannel": [[0.48577848076820374, 0.48956355452537537, 0.480694979429245], [0.4593174457550049, 0.4882882833480835, 0.4204081594944], [0.4926449656486511, 0.6278555393218994, 0.3110504746437073], [0.4563368856906891, 0.5444265007972717, 0.3380281627178192], [0.48024892807006836, 0.5893271565437317, 0.3337515592575073]], "short_long": [[0.43164247274398804, 0.41896024346351624, 0.4378698170185089], [0.47922104597091675, 0.3567567467689514, 0.5393548607826233], [0.38310906291007996, 0.47297295928001404, 0.33898305892944336], [0.4279455542564392, 0.4116743505001068, 0.43593519926071167], [0.5917304754257202, 0.2740524709224701, 0.7477203607559204]]}, "roddy_events": {"overlaps_before_p_now": [[0.3492395877838135, 0.2761506140232086, 0.4866468906402588], [0.23604914546012878, 0.09708737581968307, 0.4972972869873047], [0.32049471139907837, 0.22807016968727112, 0.49425286054611206], [0.3595869243144989, 0.2904564440250397, 0.48955222964286804], [0.36233454942703247, 0.29629629850387573, 0.4864864945411682]], "overlaps_before_p_future": [[0.4388178288936615, 0.40458014607429504, 0.5031847357749939], [0.29416704177856445, 0.18918919563293457, 0.49152541160583496], [0.4294874668121338, 0.41992881894111633, 0.4474576413631439], [0.5558221340179443, 0.6135693192481995, 0.4472573697566986], [0.48407047986984253, 0.4966442883014679, 0.46043166518211365]], "overlaps_after_p_now": [[0.4701785445213318, 0.45255473256111145, 0.503311276435852], [0.5842819809913635, 0.6791443824768066, 0.40594059228897095], [0.46638670563697815, 0.4689655303955078, 0.4615384638309479], [0.5144819021224976, 0.5545171499252319, 0.43921568989753723], [0.5389238595962524, 0.5853658318519592, 0.4516128897666931]], "overlaps_after_p_future": [[0.5154234170913696, 0.5284280776977539, 0.4909747242927551], [0.5526220202445984, 0.6047903895378113, 0.4545454680919647], [0.4064188599586487, 0.3607843220233917, 0.49221184849739075], [0.5016765594482422, 0.5150501728057861, 0.47653430700302124], [0.5248012542724609, 0.5652173757553101, 0.4488188922405243]], "overlap_spred_before_p_future": [[0.3784404993057251, 0.29955947399139404, 0.5196374654769897], [0.3478241264820099, 0.2545454502105713, 0.5147929191589355], [0.3256729245185852, 0.21698112785816193, 0.5202311873435974], [0.31156688928604126, 0.1990521401166916, 0.5129683017730713], [0.26481959223747253, 0.12182740867137909, 0.5207756161689758]]}, "gap_0": {"gap_0_p_future": [[0.49669864773750305, 0.5297549366950989, 0.380952388048172], [0.36027899384498596, 0.35579514503479004, 0.37597912549972534], [0.3129878044128418, 0.2944090664386749, 0.37804117798805237], [0.4877152442932129, 0.5171597599983215, 0.38461539149284363], [0.45675989985466003, 0.4809206426143646, 0.3721611797809601]], "gap_0_p_now": [[0.1919487714767456, 0.1410658359527588, 0.3701149523258209], [0.1145099475979805, 0.04318936914205551, 0.3642384111881256], [0.15334036946296692, 0.09208400547504425, 0.36782902479171753], [0.1969333291053772, 0.14797507226467133, 0.3683602809906006], [0.24149101972579956, 0.20435762405395508, 0.37151336669921875]], "s_pred_p_now": [[0.4158468544483185, 0.07920791953802109, 0.7022411823272705], [0.3819394111633301, 0.006968641187995672, 0.7009443640708923], [0.3826863765716553, 0.00699300691485405, 0.7023060917854309], [0.3988209366798401, 0.04095563292503357, 0.7032734751701355], [0.37907448410987854, 0.0, 0.7015706896781921]], "s_pred_p_future": [[0.4942907989025116, 0.2655826508998871, 0.6888633966445923], [0.38753288984298706, 0.020618556067347527, 0.6996839046478271], [0.4483836591243744, 0.14511041343212128, 0.706392228603363], [0.46530526876449585, 0.190476194024086, 0.6991150379180908], [0.40244174003601074, 0.05921052768826485, 0.6944444179534912]], "superset_p_future": [[0.4739117920398712, 0.5038428902626038, 0.3601321578025818], [0.41887471079826355, 0.43634727597236633, 0.3524547815322876], [0.31475964188575745, 0.3045431971549988, 0.3535962998867035], [0.45310884714126587, 0.4786771237850189, 0.3559139668941498], [0.506232500076294, 0.5494327545166016, 0.34201183915138245]]}, "fast_shift": {}, "slow_shift": {}, "short_long": {}}, "bal_Accs": {"ekstedt_events": {"shift_hold_p_future_after": [0.5349196712124042, 0.5070194283579301, 0.5448767046515972, 0.522337941341304, 0.5197459368578368], "shift_hold_p_future_before": [0.5369559125723893, 0.5205025219503082, 0.5172987110031758, 0.5221931627124977, 0.5135718288810013], "s_pred_p_future": [0.5298918804324783, 0.508877464490142, 0.5144954420182319, 0.5227104091583633, 0.513938944244223], "shift_hold_p_now_after": [0.5082430412852605, 0.5055062581729871, 0.5212591070427798, 0.5157855408182328, 0.5140388567158602], "shift_hold_p_now_before": [0.49863160844386323, 0.500990099009901, 0.501980198019802, 0.5025920044834672, 0.4996217074537642], "s_pred_p_now": [0.5028089887640449, 0.5, 0.5, 0.5032594869620521, 0.5028089887640449], "backchannel": [0.4996050966858067, 0.4581084318408109, 0.5115963077475914, 0.4518030798715348, 0.5102749724877786], "short_long": [0.5125110059995495, 0.5042129942461658, 0.5030100129000553, 0.5163247128201978, 0.5154083993693306]}, "roddy_events": {"overlaps_before_p_now": [0.4926595744680851, 0.49, 0.4879787234042553, 0.4856382978723404, 0.4876595744680851], "overlaps_before_p_future": [0.5101063829787233, 0.4876595744680851, 0.4819148936170213, 0.47627659574468084, 0.49521276595744684], "overlaps_after_p_now": [0.4932978723404255, 0.5101063829787233, 0.5108510638297873, 0.5027659574468085, 0.505531914893617], "overlaps_after_p_future": [0.5081914893617021, 0.49659574468085105, 0.4865957446808511, 0.48808510638297875, 0.5011702127659574], "overlap_spred_before_p_future": [0.5129329608938548, 0.49558659217877093, 0.4961731843575419, 0.503659217877095, 0.5035195530726256]}, "gap_0": {"gap_0_p_future": [0.5245028056647708, 0.5061800969576669, 0.538996831698286, 0.5213014212823351, 0.5070287946456974],