{"f1_score": {"ekstedt_events": {"shift_hold_p_future_after": [[0.6095344424247742, 0.6337135434150696, 0.551937997341156], [0.5040301084518433, 0.49714285135269165, 0.5204359889030457], [0.37607476115226746, 0.3273906111717224, 0.492044061422348], [0.36187416315078735, 0.30693069100379944, 0.49275362491607666], [0.4659602642059326, 0.44999998807907104, 0.5039787888526917]], "shift_hold_p_future_before": [[0.5090437531471252, 0.5014326572418213, 0.5271739363670349], [0.24231615662574768, 0.14598539471626282, 0.471783310174942], [0.26508820056915283, 0.17825311422348022, 0.47193586826324463], [0.5151631236076355, 0.5064747929573059, 0.5358592867851257], [0.558014988899231, 0.5695187449455261, 0.5306122303009033]], "s_pred_p_future": [[0.45088449120521545, 0.1421319842338562, 0.7101200819015503], [0.38859713077545166, 0.011173184029757977, 0.7054908275604248], [0.399907648563385, 0.033149171620607376, 0.7078464031219482], [0.46878671646118164, 0.17171716690063477, 0.7182130813598633], [0.42054012417793274, 0.07526881992816925, 0.7104377150535583]], "shift_hold_p_now_after": [[0.3413962125778198, 0.2875817120075226, 0.4695863723754883], [0.3412216305732727, 0.2907916009426117, 0.4613496959209442], [0.3225567936897278, 0.25882354378700256, 0.47437426447868347], [0.2907041013240814, 0.21686747670173645, 0.46658849716186523], [0.5606125593185425, 0.5957973003387451, 0.47679999470710754]], "shift_hold_p_now_before": [[0.19580267369747162, 0.08317580074071884, 0.46408841013908386], [0.1598462164402008, 0.03488372266292572, 0.4575163424015045], [0.16829019784927368, 0.04624277353286743, 0.4590163826942444], [0.24344739317893982, 0.14882032573223114, 0.46885618567466736], [0.18917013704776764, 0.07561437040567398, 0.45966851711273193]], "s_pred_p_now": [[0.38286054134368896, 0.0, 0.7043189406394958], [0.38286054134368896, 0.0, 0.7043189406394958], [0.38286054134368896, 0.0, 0.7043189406394958], [0.38859713077545166, 0.011173184029757977, 0.7054908275604248], [0.3816886246204376, 0.0, 0.70216304063797]], "backchannel": [[0.48666509985923767, 0.41025641560554504, 0.5892857313156128], [0.5192899107933044, 0.49747219681739807, 0.548592209815979], [0.5485770106315613, 0.6046901345252991, 0.4732142984867096], [0.5487608909606934, 0.5370187759399414, 0.5645310878753662], [0.5302734971046448, 0.5310410857200623, 0.5292425751686096]], "short_long": [[0.5219321250915527, 0.2888889014720917, 0.6363636255264282], [0.5365568399429321, 0.2598039209842682, 0.6724511981010437], [0.4622127413749695, 0.3811129927635193, 0.5020352602005005], [0.5678355693817139, 0.3348837196826935, 0.6822222471237183], [0.570933997631073, 0.15162454545497894, 0.7768281102180481]]}, "roddy_events": {"overlaps_before_p_now": [[0.3440115749835968, 0.2689075767993927, 0.48520711064338684], [0.2460050880908966, 0.10731707513332367, 0.506738543510437], [0.29620128870010376, 0.19004525244235992, 0.49577465653419495], [0.40458792448043823, 0.3481781482696533, 0.5106382966041565], [0.41786977648735046, 0.37837839126586914, 0.49211356043815613]], "overlaps_before_p_future": [[0.426939994096756, 0.3688524663448334, 0.5361445546150208], [0.29598546028137207, 0.17224881052970886, 0.528610348701477], [0.4891803562641144, 0.4580152630805969, 0.5477706789970398], [0.673160195350647, 0.7272727489471436, 0.5714285969734192], [0.6407405734062195, 0.6807228922843933, 0.5655737519264221]], "overlaps_after_p_now": [[0.517642617225647, 0.5270270109176636, 0.5], [0.66718590259552, 0.7589743733406067, 0.49462366104125977], [0.583044171333313, 0.6261398196220398, 0.5020242929458618], [0.6719387769699097, 0.7439352869987488, 0.5365853905677795], [0.6474014520645142, 0.725806474685669, 0.5]], "overlaps_after_p_future": [[0.6272253394126892, 0.6326530575752258, 0.6170212626457214], [0.6764034628868103, 0.7308781743049622, 0.573991060256958], [0.46155571937561035, 0.40816327929496765, 0.5619335174560547], [0.6188476085662842, 0.6206896305084229, 0.6153846383094788], [0.709433913230896, 0.7632312178611755, 0.6082949042320251]], "overlap_spred_before_p_future": [[0.5087672472000122, 0.4602510333061218, 0.5956112742424011], [0.3348032534122467, 0.21568627655506134, 0.5480226278305054], [0.27224981784820557, 0.12435232847929001, 0.5369862914085388], [0.3160664439201355, 0.1890547275543213, 0.5434173941612244], [0.2516801357269287, 0.09473684430122375, 0.532608687877655]]}, "gap_0": {"gap_0_p_future": [[0.6049286723136902, 0.6421404480934143, 0.47463175654411316], [0.35715851187705994, 0.34333565831184387, 0.40555906295776367], [0.24360793828964233, 0.2036474198102951, 0.3835294246673584], [0.5922142267227173, 0.6221198439598083, 0.48750001192092896], [0.5963960289955139, 0.6317567825317383, 0.4725806415081024]], "gap_0_p_now": [[0.21061861515045166, 0.16408668458461761, 0.3735498785972595], [0.11365436017513275, 0.041631974279880524, 0.36584022641181946], [0.1610426902770996, 0.10136765986680984, 0.3699943721294403], [0.20984037220478058, 0.16186770796775818, 0.3778162896633148], [0.29579097032546997, 0.27213823795318604, 0.3786109387874603]], "s_pred_p_now": [[0.45635509490966797, 0.15335462987422943, 0.7141315937042236], [0.3862766921520233, 0.013937282375991344, 0.7030430436134338], [0.3862766921520233, 0.013937282375991344, 0.7030430436134338], [0.4091555178165436, 0.06081081181764603, 0.7055084705352783], [0.3862766921520233, 0.013937282375991344, 0.7030430436134338]], "s_pred_p_future": [[0.605618953704834, 0.43386244773864746, 0.7517401576042175], [0.40391287207603455, 0.04794520512223244, 0.7067510485649109], [0.4459461271762848, 0.13504822552204132, 0.7104413509368896], [0.5026097297668457, 0.23853211104869843, 0.7272727489471436], [0.4465290904045105, 0.13071896135807037, 0.7152034044265747]], "superset_p_future": [[0.5889284610748291, 0.6251012086868286, 0.4514217972755432], [0.47836166620254517, 0.49461400508880615, 0.41658031940460205], [0.2704049348831177, 0.2437731921672821, 0.37164244055747986], [0.5362859964370728, 0.5613734126091003, 0.44091904163360596], [0.694461464881897, 0.7466570138931274, 0.4960460066795349]]}, "fast_shift": {}, "slow_shift": {}, "short_long": {}}, "bal_Accs": {"ekstedt_events": {"shift_hold_p_future_after": [0.545254997197833, 0.5095226975527741, 0.5206473005791145, 0.5289463852045582, 0.55072856342238], "shift_hold_p_future_before": [0.538324304128526, 0.5156968055296095, 0.5154632916121801, 0.542807771343172, 0.529324677750794], "s_pred_p_future": [0.5275333898664405, 0.5028089887640449, 0.5084269662921348, 0.5406773372906508, 0.5173044307822768], "shift_hold_p_now_after": [0.5191341303941714, 0.5143284139734728, 0.515930319447039, 0.520357743321502, 0.5261535587521017], "shift_hold_p_now_before": [0.5101345040164393, 0.500990099009901, 0.4996217074537642, 0.5035821034933682, 0.5071642069867364], "s_pred_p_now": [0.5, 0.5, 0.5, 0.5004504981980071, 0.49764150943396224], "backchannel": [0.5206004776271365, 0.5407143445353616, 0.5335237353736048, 0.5660424324546891, 0.5537461539037409], "short_long": [0.4941796179126482, 0.4743432233757192, 0.4743022708192559, 0.5110623093146589, 0.5000972623216005]}, "roddy_events": {"overlaps_before_p_now": [0.49, 0.49, 0.4903191489361702, 0.49361702127659574, 0.4879787234042553], "overlaps_before_p_future": [0.5361702127659574, 0.49, 0.5112765957446809, 0.5032978723404256, 0.5169148936170213], "overlaps_after_p_now": [0.4959574468085106, 0.49542553191489364, 0.5839361702127659, 0.527340425531915, 0.5227659574468085], "overlaps_after_p_future": [0.535531914893617, 0.4982978723404255, 0.5192553191489362, 0.5920212765957447, 0.5568085106382978], "overlap_spred_before_p_future": [0.5207262569832403, 0.4927932960893855, 0.49837988826815643, 0.538072625698324, 0.5151396648044693]}, "gap_0": {"gap_0_p_future": [0.5309004847883345, 0.5072463768115942, 0.5221628430736344, 0.5424119810156379, 0.5198203356618443], "gap_0_p_now": [0.5072451044012674, 0.502343779822117, 0.5010650074436004, 0.5029838022165388, 0.5074588693361836],