{"f1_score": {"ekstedt_events": {"shift_hold_p_future_after": [[0.6618870496749878, 0.6984505653381348, 0.5747899413108826], [0.5740742087364197, 0.5869854092597961, 0.5433186292648315], [0.44318023324012756, 0.42042040824890137, 0.4973958432674408], [0.46576064825057983, 0.4464285671710968, 0.5118110179901123], [0.5804696083068848, 0.5979112386703491, 0.538922131061554]], "shift_hold_p_future_before": [[0.5560494661331177, 0.5718050003051758, 0.5185185074806213], [0.3148249387741089, 0.24398624897003174, 0.48356807231903076], [0.3211657702922821, 0.25632378458976746, 0.4756242632865906], [0.6146961450576782, 0.6378653049468994, 0.5595054030418396], [0.6245129108428955, 0.6577017307281494, 0.5454545617103577]], "s_pred_p_future": [[0.46081849932670593, 0.16748768091201782, 0.7071056962013245], [0.3961254358291626, 0.032608695328235626, 0.7013422846794128], [0.4057447910308838, 0.05347593501210213, 0.7015177011489868], [0.5050936937332153, 0.25233644247055054, 0.7173144817352295], [0.4443860352039337, 0.13197968900203705, 0.7066895365715027]], "shift_hold_p_now_after": [[0.39041274785995483, 0.3603053390979767, 0.46213093400001526], [0.3951818346977234, 0.36858007311820984, 0.45854923129081726], [0.3546972870826721, 0.3076923191547394, 0.46666666865348816], [0.37654784321784973, 0.33956387639045715, 0.46464645862579346], [0.5776397585868835, 0.6229116916656494, 0.46979865431785583]], "shift_hold_p_now_before": [[0.2511335611343384, 0.1657848358154297, 0.4544405937194824], [0.1914975941181183, 0.08208955079317093, 0.4521158039569855], [0.20408868789672852, 0.09963099658489227, 0.4529148042201996], [0.30581510066986084, 0.2450331151485443, 0.4506024122238159], [0.2712215781211853, 0.19795222580432892, 0.4457547068595886]], "s_pred_p_now": [[0.40838125348091125, 0.054054055362939835, 0.7058823704719543], [0.3849828839302063, 0.010989011265337467, 0.6989966630935669], [0.3918164074420929, 0.021978022530674934, 0.7023411393165588], [0.41506439447402954, 0.0736842080950737, 0.701694905757904], [0.42694002389907837, 0.09424083679914474, 0.706281840801239]], "backchannel": [[0.5166242718696594, 0.44392523169517517, 0.614262580871582], [0.5315614938735962, 0.5125628113746643, 0.5570776462554932], [0.5711638331413269, 0.6204564571380615, 0.5049614310264587], [0.5438594222068787, 0.5316205620765686, 0.5602968335151672], [0.5506668090820312, 0.5477338433265686, 0.5546059012413025]], "short_long": [[0.5259335041046143, 0.2541966438293457, 0.6593647599220276], [0.507197380065918, 0.19696970283985138, 0.659528911113739], [0.4583083689212799, 0.3479789197444916, 0.5124835968017578], [0.5311394929885864, 0.2536585330963135, 0.667391300201416], [0.5766874551773071, 0.1549815535545349, 0.783758282661438]]}, "roddy_events": {"overlaps_before_p_now": [[0.4019392728805542, 0.350597620010376, 0.4984615445137024], [0.26785004138946533, 0.14218010008335114, 0.5041095614433289], [0.33154475688934326, 0.24347825348377228, 0.4971098303794861], [0.4013037085533142, 0.35797664523124695, 0.48275861144065857], [0.4280650019645691, 0.41577062010765076, 0.4511784613132477]], "overlaps_before_p_future": [[0.5007980465888977, 0.47148290276527405, 0.5559105277061462], [0.31634026765823364, 0.20465116202831268, 0.5263158082962036], [0.5410566926002502, 0.5204461216926575, 0.579804539680481], [0.6794804334640503, 0.7479674816131592, 0.5507246255874634], [0.6607437133789062, 0.707602322101593, 0.5726495981216431]], "overlaps_after_p_now": [[0.5597220659255981, 0.582524299621582, 0.516853928565979], [0.6772788763046265, 0.7672634124755859, 0.5081080794334412], [0.6102251410484314, 0.6567164063453674, 0.5228216052055359], [0.656646728515625, 0.7360000014305115, 0.5074626803398132], [0.640006959438324, 0.7371134161949158, 0.457446813583374]], "overlaps_after_p_future": [[0.6491678953170776, 0.6577181220054626, 0.633093535900116], [0.6971352100372314, 0.74643874168396, 0.6044444441795349], [0.5046736001968384, 0.4621514081954956, 0.5846154093742371], [0.6829410791397095, 0.700964629650116, 0.649056613445282], [0.7424473762512207, 0.7945205569267273, 0.6445497870445251]], "overlap_spred_before_p_future": [[0.5449376702308655, 0.5120000243186951, 0.6038960814476013], [0.3662950396537781, 0.2641509473323822, 0.5491329431533813], [0.2856525182723999, 0.14358974993228912, 0.5399448871612549], [0.3720940947532654, 0.27230048179626465, 0.5507246255874634], [0.29881638288497925, 0.16243654489517212, 0.5429362654685974]]}, "gap_0": {"gap_0_p_future": [[0.6797899007797241, 0.7268014550209045, 0.5151793956756592], [0.4333535432815552, 0.43688684701919556, 0.42098185420036316], [0.3137631416320801, 0.29145729541778564, 0.39186692237854004], [0.6781858205795288, 0.7220178842544556, 0.5247079730033875], [0.6780190467834473, 0.7259565591812134, 0.510166347026825]], "gap_0_p_now": [[0.28236624598503113, 0.25652173161506653, 0.3728606402873993], [0.1540582776069641, 0.09347300231456757, 0.3661971688270569], [0.19606122374534607, 0.14664585888385773, 0.3690887987613678], [0.2854602038860321, 0.26030367612838745, 0.3735456168651581], [0.3946940302848816, 0.3997395932674408, 0.3770270347595215]], "s_pred_p_now": [[0.5068893432617188, 0.25806450843811035, 0.718576192855835], [0.39612892270088196, 0.034364260733127594, 0.7038988471031189], [0.39612892270088196, 0.034364260733127594, 0.7038988471031189], [0.46059656143188477, 0.16403785347938538, 0.7128927707672119], [0.44370877742767334, 0.12944984436035156, 0.7110633850097656]], "s_pred_p_future": [[0.662543535232544, 0.5343137383460999, 0.7716346383094788], [0.41594740748405457, 0.07382550090551376, 0.7070063948631287], [0.4738122522830963, 0.1875, 0.717391312122345], [0.5914314985275269, 0.40437158942222595, 0.7505720853805542], [0.4895578622817993, 0.2195121943950653, 0.719298243522644]], "superset_p_future": [[0.653168261051178, 0.6983643770217896, 0.48136037588119507], [0.5393415093421936, 0.5670627951622009, 0.43396225571632385], [0.33307114243507385, 0.3210870623588562, 0.37862735986709595], [0.6440587639808655, 0.6855370402336121, 0.4863837957382202], [0.7506835460662842, 0.807744562625885, 0.5337726473808289]]}, "fast_shift": {}, "slow_shift": {}, "short_long": {}}, "bal_Accs": {"ekstedt_events": {"shift_hold_p_future_after": [0.5712310853726882, 0.5121147020362413, 0.5234728189800112, 0.5509620773398094, 0.5607182888100131], "shift_hold_p_future_before": [0.565145712684476, 0.5337521016252569, 0.5155520269008033, 0.5660470764057538, 0.5336073229964506], "s_pred_p_future": [0.5288848844604621, 0.5013514945940216, 0.5046109815560738, 0.5546162815348739, 0.5223659105363578], "shift_hold_p_now_after": [0.5247851671959649, 0.5091770969549785, 0.5093218755837848, 0.5270876144218195, 0.5240612740519335], "shift_hold_p_now_before": [0.5061180646366523, 0.49391462731178776, 0.5010788342985242, 0.5078647487390249, 0.49965439940220435], "s_pred_p_now": [0.5093279626881493, 0.4957335170659317, 0.5009009963960144, 0.5059624761500954, 0.5158469366122536], "backchannel": [0.5554698787964993, 0.5582435598942932, 0.5636711409898411, 0.580019389565569, 0.579147233430905], "short_long": [0.5289329811413478, 0.4762987079468436, 0.45799291520773183, 0.5094088498474517, 0.5407017220549992]}, "roddy_events": {"overlaps_before_p_now": [0.4879787234042553, 0.4926595744680851, 0.4806382978723404, 0.48925531914893616, 0.4909574468085106], "overlaps_before_p_future": [0.5397872340425532, 0.4926595744680851, 0.49861702127659574, 0.5036170212765957, 0.5464893617021276], "overlaps_after_p_now": [0.5045744680851063, 0.5387234042553192, 0.6075531914893617, 0.5875531914893617, 0.575], "overlaps_after_p_future": [0.5385106382978724, 0.5139361702127659, 0.5272340425531915, 0.6003191489361702, 0.6073404255319149], "overlap_spred_before_p_future": [0.5241061452513966, 0.49837988826815643, 0.5011731843575419, 0.5560055865921787, 0.5346927374301675]}, "gap_0": {"gap_0_p_future": [0.5641447493987861, 0.5070313394663511, 0.5311104324922701, 0.5649998091384509, 0.5321779847565243],