{"f1_score": {"ekstedt_events": {"shift_hold_p_future_after": [[0.5014641284942627, 0.5068492889404297, 0.4886363744735718], [0.42656487226486206, 0.40536513924598694, 0.47706422209739685], [0.3538132309913635, 0.30243903398513794, 0.4761904776096344], [0.30859607458114624, 0.23711340129375458, 0.47887325286865234], [0.3903486430644989, 0.3560371398925781, 0.4720812141895294]], "shift_hold_p_future_before": [[0.40110141038894653, 0.3678516149520874, 0.4803049564361572], [0.2372187376022339, 0.13919414579868317, 0.47072070837020874], [0.23907819390296936, 0.14233577251434326, 0.4695259630680084], [0.40792375802993774, 0.37325039505958557, 0.49051833152770996], [0.446743369102478, 0.4310850501060486, 0.48404255509376526]], "s_pred_p_future": [[0.41111457347869873, 0.06382978707551956, 0.7027027010917664], [0.387395977973938, 0.011111111380159855, 0.70333331823349], [0.3816886246204376, 0.0, 0.70216304063797], [0.42977505922317505, 0.095238097012043, 0.710659921169281], [0.41917428374290466, 0.07486630976200104, 0.7082630395889282]], "shift_hold_p_now_after": [[0.2835393249988556, 0.2135593146085739, 0.450236976146698], [0.28939396142959595, 0.22408026456832886, 0.4449760913848877], [0.2496665120124817, 0.16520211100578308, 0.45086705684661865], [0.23531529307365417, 0.1433691829442978, 0.4543378949165344], [0.5374099612236023, 0.5685534477233887, 0.46322378516197205]], "shift_hold_p_now_before": [[0.1603902131319046, 0.034951455891132355, 0.45919477939605713], [0.15416662395000458, 0.02723735384643078, 0.45652174949645996], [0.1570114940404892, 0.03106796182692051, 0.45701849460601807], [0.222993403673172, 0.12154696136713028, 0.46464645862579346], [0.16829019784927368, 0.04624277353286743, 0.4590163826942444]], "s_pred_p_now": [[0.38286054134368896, 0.0, 0.7043189406394958], [0.38286054134368896, 0.0, 0.7043189406394958], [0.38286054134368896, 0.0, 0.7043189406394958], [0.38286054134368896, 0.0, 0.7043189406394958], [0.38286054134368896, 0.0, 0.7043189406394958]], "backchannel": [[0.4543014168739319, 0.3798626959323883, 0.5542762875556946], [0.49893122911453247, 0.49566057324409485, 0.5033238530158997], [0.5298072695732117, 0.6088353395462036, 0.42366865277290344], [0.511661171913147, 0.5374211072921753, 0.47706422209739685], [0.5183984637260437, 0.5490196347236633, 0.47727271914482117]], "short_long": [[0.47531819343566895, 0.3082851767539978, 0.5573366284370422], [0.5016916394233704, 0.2701525092124939, 0.6153846383094788], [0.4423109292984009, 0.4149765968322754, 0.45573294162750244], [0.5082201957702637, 0.34117648005485535, 0.5902438759803772], [0.58090740442276, 0.17266187071800232, 0.7813687920570374]]}, "roddy_events": {"overlaps_before_p_now": [[0.30849459767341614, 0.21739129722118378, 0.4797687828540802], [0.23947572708129883, 0.09803921729326248, 0.5053763389587402], [0.29038065671920776, 0.17592592537403107, 0.5055555701255798], [0.30716633796691895, 0.21145375072956085, 0.4871060252189636], [0.3474183976650238, 0.27983540296554565, 0.4744744598865509]], "overlaps_before_p_future": [[0.3347293734550476, 0.23999999463558197, 0.5128205418586731], [0.22952719032764435, 0.07999999821186066, 0.5106382966041565], [0.3149074912071228, 0.22026431560516357, 0.49283668398857117], [0.5038610100746155, 0.5135135054588318, 0.48571428656578064], [0.45175331830978394, 0.43223443627357483, 0.4884488582611084]], "overlaps_after_p_now": [[0.3920978009700775, 0.341269850730896, 0.48765432834625244], [0.6325582265853882, 0.7068493366241455, 0.49289098381996155], [0.4645732641220093, 0.4492753744125366, 0.4933333396911621], [0.5874823331832886, 0.610932469367981, 0.5433962345123291], [0.5519554615020752, 0.590062141418457, 0.4803149700164795]], "overlaps_after_p_future": [[0.4527518153190613, 0.4094488322734833, 0.5341615080833435], [0.5076711773872375, 0.5017668008804321, 0.5187713503837585], [0.3339996337890625, 0.2293577939271927, 0.5307262539863586], [0.43900254368782043, 0.3870967626571655, 0.5365853905677795], [0.5052586793899536, 0.49462366104125977, 0.5252525210380554]], "overlap_spred_before_p_future": [[0.4197988510131836, 0.340807169675827, 0.5611940026283264], [0.3139994740486145, 0.1881188154220581, 0.5393258333206177], [0.244695246219635, 0.08465608209371567, 0.5311653017997742], [0.2568146884441376, 0.1041666641831398, 0.5300546288490295], [0.244695246219635, 0.08465608209371567, 0.5311653017997742]]}, "gap_0": {"gap_0_p_future": [[0.48099544644355774, 0.49969232082366943, 0.41552838683128357], [0.30858126282691956, 0.28591954708099365, 0.38793104887008667], [0.2307954728603363, 0.18740399181842804, 0.3827304542064667], [0.4665943384170532, 0.480552077293396, 0.4177215099334717], [0.47262251377105713, 0.4900990128517151, 0.4114285707473755]], "gap_0_p_now": [[0.17970967292785645, 0.125198096036911, 0.3705815374851227], [0.1110239252448082, 0.038365304470062256, 0.3654375374317169], [0.13031166791915894, 0.06255143880844116, 0.3675735592842102], [0.1778641641139984, 0.12241653352975845, 0.372013658285141], [0.24511578679084778, 0.20855213701725006, 0.37314319610595703]], "s_pred_p_now": [[0.39901837706565857, 0.0469798669219017, 0.6985138058662415], [0.37907448410987854, 0.0, 0.7015706896781921], [0.3819394111633301, 0.006968641187995672, 0.7009443640708923], [0.39261284470558167, 0.027586206793785095, 0.703157901763916], [0.3826863765716553, 0.00699300691485405, 0.7023060917854309]], "s_pred_p_future": [[0.5220503211021423, 0.29608938097953796, 0.7142857313156128], [0.3826863765716553, 0.00699300691485405, 0.7023060917854309], [0.4217875003814697, 0.08637873828411102, 0.7071352601051331], [0.47785985469818115, 0.19374999403953552, 0.719565212726593], [0.4057304561138153, 0.05423728749155998, 0.7047619223594666]], "superset_p_future": [[0.4611332416534424, 0.4787471890449524, 0.39417576789855957], [0.36720389127731323, 0.36531007289886475, 0.37440305948257446], [0.23999008536338806, 0.20682187378406525, 0.3660752773284912], [0.44010069966316223, 0.45128676295280457, 0.3975782096385956], [0.5339062809944153, 0.570841908454895, 0.3934997022151947]]}, "fast_shift": {}, "slow_shift": {}, "short_long": {}}, "bal_Accs": {"ekstedt_events": {"shift_hold_p_future_after": [0.5246964319073417, 0.5085325985428731, 0.5067859144405006, 0.5190453951055483, 0.5135718288810013], "shift_hold_p_future_before": [0.5167756398281338, 0.5147067065197085, 0.5065524005230712, 0.5299364842144592, 0.5091444050065383], "s_pred_p_future": [0.5074199703201188, 0.5004504981980071, 0.49764150943396224, 0.520563917744329, 0.5149459402162392], "shift_hold_p_now_after": [0.4990986362787222, 0.5081543059966374, 0.5018354193909956, 0.5112133383149635, 0.5045161591630861], "shift_hold_p_now_before": [0.502970297029703, 0.5006118064636652, 0.49764150943396224, 0.4996217074537642, 0.5025920044834672], "s_pred_p_now": [0.5, 0.5, 0.5, 0.5, 0.5], "backchannel": [0.521483863239929, 0.5145215868001228, 0.5148247827095982, 0.5088188834904213, 0.5246954939847428], "short_long": [0.5364375371132543, 0.5157257816819215, 0.508712656387575, 0.5270440444744763, 0.5250885599033519]}, "roddy_events": {"overlaps_before_p_now": [0.49, 0.49, 0.4953191489361702, 0.4882978723404255, 0.4953191489361702], "overlaps_before_p_future": [0.5045744680851063, 0.49, 0.4979787234042553, 0.5032978723404256, 0.501595744680851], "overlaps_after_p_now": [0.4979787234042553, 0.5178723404255319, 0.5348936170212766, 0.5075531914893617, 0.5095744680851063], "overlaps_after_p_future": [0.5089361702127659, 0.4982978723404255, 0.5032978723404256, 0.5411702127659574, 0.5281914893617021], "overlap_spred_before_p_future": [0.49837988826815643, 0.49558659217877093, 0.4927932960893855, 0.5129329608938548, 0.5123463687150838]}, "gap_0": {"gap_0_p_future": [0.5253578654044356, 0.5053275820386558, 0.516409003575473, 0.5274904251122902, 0.5102289066178062], "gap_0_p_now": [0.5038363171355499, 0.5014912649031059, 0.49850746268656715, 0.5008525149190111, 0.5034100596760444],