{"f1_score": {"ekstedt_events": {"shift_hold_p_future_after": [[0.47039085626602173, 0.4796747863292694, 0.4482758641242981], [0.4078308939933777, 0.3906020522117615, 0.4488711953163147], [0.367842435836792, 0.3317829370498657, 0.45373889803886414], [0.31550973653793335, 0.26058632135391235, 0.44634145498275757], [0.38259363174438477, 0.35735735297203064, 0.4427083432674408]], "shift_hold_p_future_before": [[0.3729078769683838, 0.34049078822135925, 0.45012786984443665], [0.21061256527900696, 0.10701107233762741, 0.4573991000652313], [0.2758634090423584, 0.1979166716337204, 0.4615384638309479], [0.3882097601890564, 0.3660714328289032, 0.4409448802471161], [0.41231289505958557, 0.39708030223846436, 0.44859811663627625]], "s_pred_p_future": [[0.407064288854599, 0.05376344174146652, 0.7037037014961243], [0.399907648563385, 0.033149171620607376, 0.7078464031219482], [0.3930494785308838, 0.0220994483679533, 0.7045075297355652], [0.44496744871139526, 0.15311004221439362, 0.6900175213813782], [0.4057447910308838, 0.05347593501210213, 0.7015177011489868]], "shift_hold_p_now_after": [[0.2953367531299591, 0.22298456728458405, 0.4676850736141205], [0.29508116841316223, 0.22673435509204865, 0.45788848400115967], [0.2758634090423584, 0.1979166716337204, 0.4615384638309479], [0.25820645689964294, 0.1731448769569397, 0.460829496383667], [0.49166780710220337, 0.5186136364936829, 0.42748090624809265]], "shift_hold_p_now_before": [[0.15256227552890778, 0.027079302817583084, 0.4514721930027008], [0.13877591490745544, 0.007827788591384888, 0.4507042169570923], [0.1564721167087555, 0.03100775182247162, 0.4553377032279968], [0.1954055279493332, 0.08598130941390991, 0.45606228709220886], [0.16381564736366272, 0.042226485908031464, 0.45345017313957214]], "s_pred_p_now": [[0.38286054134368896, 0.0, 0.7043189406394958], [0.38286054134368896, 0.0, 0.7043189406394958], [0.38286054134368896, 0.0, 0.7043189406394958], [0.38286054134368896, 0.0, 0.7043189406394958], [0.3816886246204376, 0.0, 0.70216304063797]], "backchannel": [[0.48951613903045654, 0.4638860523700714, 0.5239385962486267], [0.4838634729385376, 0.506375253200531, 0.4536290466785431], [0.5474963784217834, 0.6504188776016235, 0.4092664122581482], [0.5103718042373657, 0.5812807679176331, 0.4151376187801361], [0.5261671543121338, 0.6049879193305969, 0.4203069806098938]], "short_long": [[0.49867111444473267, 0.4382207691669464, 0.5283541083335876], [0.4992753863334656, 0.3516068160533905, 0.5717852711677551], [0.43379396200180054, 0.46309694647789, 0.4194053113460541], [0.4721376299858093, 0.3959731459617615, 0.5095368027687073], [0.5972322225570679, 0.2638036906719208, 0.7609561681747437]]}, "roddy_events": {"overlaps_before_p_now": [[0.32386139035224915, 0.2347826063632965, 0.49132949113845825], [0.2044030874967575, 0.05000000074505806, 0.49468085169792175], [0.2725044786930084, 0.15668202936649323, 0.49025070667266846], [0.31617799401283264, 0.22608695924282074, 0.48554912209510803], [0.2998950481414795, 0.21367521584033966, 0.46198830008506775]], "overlaps_before_p_future": [[0.3463037610054016, 0.27004218101501465, 0.48967552185058594], [0.22294257581233978, 0.0784313753247261, 0.49462366104125977], [0.3799501657485962, 0.32258063554763794, 0.4878048896789551], [0.47330838441848755, 0.4848484992980957, 0.4516128897666931], [0.4321647584438324, 0.42807018756866455, 0.43986254930496216]], "overlaps_after_p_now": [[0.4277176856994629, 0.38759690523147583, 0.5031446814537048], [0.6163118481636047, 0.6906077265739441, 0.47663551568984985], [0.49408525228500366, 0.48201438784599304, 0.5167785286903381], [0.5480520725250244, 0.5657894611358643, 0.5147058963775635], [0.505113959312439, 0.5307443141937256, 0.4569288492202759]], "overlaps_after_p_future": [[0.42098528146743774, 0.3764705955982208, 0.5046728849411011], [0.5038610100746155, 0.5135135054588318, 0.48571428656578064], [0.35544565320014954, 0.274678111076355, 0.5072886347770691], [0.4054460823535919, 0.36781609058380127, 0.4761904776096344], [0.4921379089355469, 0.49829351902008057, 0.4805653691291809]], "overlap_spred_before_p_future": [[0.3887259066104889, 0.3097345232963562, 0.5301204919815063], [0.31797724962234497, 0.20192307233810425, 0.5257142782211304], [0.27989572286605835, 0.14141413569450378, 0.5277777910232544], [0.2932284474372864, 0.1666666716337204, 0.5197740197181702], [0.24641253054141998, 0.09326425194740295, 0.5205479264259338]]}, "gap_0": {"gap_0_p_future": [[0.43635624647140503, 0.45181477069854736, 0.3822284936904907], [0.2935473322868347, 0.2709677517414093, 0.3726094961166382], [0.2588730752468109, 0.225686714053154, 0.3750748932361603], [0.41670066118240356, 0.43233081698417664, 0.36197182536125183], [0.41315189003944397, 0.42466625571250916, 0.37283438444137573]], "gap_0_p_now": [[0.16594916582107544, 0.10969793051481247, 0.3629123866558075], [0.1013178750872612, 0.026800669729709625, 0.3622393012046814], [0.13219799101352692, 0.06688417494297028, 0.3608938455581665], [0.16311174631118774, 0.10543131083250046, 0.3650793731212616], [0.2297784835100174, 0.190476194024086, 0.36739516258239746]], "s_pred_p_now": [[0.43543675541877747, 0.11650485545396805, 0.7067669034004211], [0.3862766921520233, 0.013937282375991344, 0.7030430436134338], [0.3826863765716553, 0.00699300691485405, 0.7023060917854309], [0.39261284470558167, 0.027586206793785095, 0.703157901763916], [0.37907448410987854, 0.0, 0.7015706896781921]], "s_pred_p_future": [[0.4605366289615631, 0.19540229439735413, 0.6860986351966858], [0.37686365842819214, 0.0, 0.6974790096282959], [0.41800209879875183, 0.0903225839138031, 0.6967741847038269], [0.4447053372859955, 0.15615615248680115, 0.6901874542236328], [0.3921527862548828, 0.03378378227353096, 0.6970338821411133]], "superset_p_future": [[0.41328877210617065, 0.4270072877407074, 0.36113935708999634], [0.34397342801094055, 0.340321809053421, 0.35785478353500366], [0.2574734687805176, 0.23238696157932281, 0.35283687710762024], [0.385159969329834, 0.39537036418914795, 0.34634634852409363], [0.46995124220848083, 0.5008518099784851, 0.35248619318008423]]}, "fast_shift": {}, "slow_shift": {}, "short_long": {}}, "bal_Accs": {"ekstedt_events": {"shift_hold_p_future_after": [0.49814122921726134, 0.5000887352886232, 0.5033812815243789, 0.5033812815243789, 0.5069633850177471], "shift_hold_p_future_before": [0.5094666542125911, 0.4993321501961517, 0.5105127965626751, 0.5057397720904165, 0.5083878199140669], "s_pred_p_future": [0.5069694721221115, 0.5084269662921348, 0.5032594869620521, 0.5095664617341531, 0.5046109815560738], "shift_hold_p_now_after": [0.5026807397720904, 0.5093779189239679, 0.5082430412852605, 0.5151737343545675, 0.513427050252195], "shift_hold_p_now_before": [0.49764150943396224, 0.5, 0.49764150943396224, 0.49863160844386323, 0.49863160844386323], "s_pred_p_now": [0.5, 0.5, 0.5, 0.5, 0.49764150943396224], "backchannel": [0.5142520793250336, 0.48527628259356026, 0.4958095330782994, 0.4966704597348346, 0.5250922688786244], "short_long": [0.5312826340684317, 0.5206605647357536, 0.5229027172021213, 0.5113899297663657, 0.5265372565882425]}, "roddy_events": {"overlaps_before_p_now": [0.485, 0.485, 0.4776595744680851, 0.47531914893617017, 0.4826595744680851], "overlaps_before_p_future": [0.4798936170212766, 0.4926595744680851, 0.4912765957446808, 0.4859574468085106, 0.47127659574468084], "overlaps_after_p_now": [0.4909574468085106, 0.502872340425532, 0.5631914893617022, 0.5011702127659574, 0.49425531914893617], "overlaps_after_p_future": [0.49925531914893617, 0.4962765957446808, 0.49659574468085105, 0.504468085106383, 0.4925531914893617], "overlap_spred_before_p_future": [0.5039664804469274, 0.49558659217877093, 0.49837988826815643, 0.5074860335195531, 0.5001396648044693]}, "gap_0": {"gap_0_p_future": [0.5149126490310596, 0.5038363171355499, 0.5149126490310596, 0.5106462572050234, 0.5038324999045692], "gap_0_p_now": [0.49680116043821815, 0.5002124925245893, 0.4997862350650838, 0.5012787723785166, 0.5002124925245893],