{"f1_score": {"ekstedt_events": {"shift_hold_p_future_after": [[0.5447359085083008, 0.5601056814193726, 0.508124053478241], [0.4907393157482147, 0.48656293749809265, 0.5006877779960632], [0.35312896966934204, 0.29885056614875793, 0.48242422938346863], [0.34671738743782043, 0.2871452271938324, 0.4886227548122406], [0.44908443093299866, 0.431314617395401, 0.4914134740829468]], "shift_hold_p_future_before": [[0.43806231021881104, 0.4172876179218292, 0.48754915595054626], [0.23328781127929688, 0.13528336584568024, 0.4667418301105499], [0.2372187376022339, 0.13919414579868317, 0.47072070837020874], [0.47987622022628784, 0.4688856601715088, 0.506056547164917], [0.5058765411376953, 0.5116279125213623, 0.4921763837337494]], "s_pred_p_future": [[0.4489167034626007, 0.1340206116437912, 0.7133105993270874], [0.387395977973938, 0.011111111380159855, 0.70333331823349], [0.38286054134368896, 0.0, 0.7043189406394958], [0.4589349627494812, 0.15306122601032257, 0.715753436088562], [0.43644434213638306, 0.10582010447978973, 0.7140439748764038]], "shift_hold_p_now_after": [[0.30549395084381104, 0.24671052396297455, 0.4455205798149109], [0.3158596158027649, 0.2660256326198578, 0.4345678985118866], [0.2500401735305786, 0.16984401643276215, 0.4410735070705414], [0.2633242607116699, 0.1840277761220932, 0.45221444964408875], [0.5236316919326782, 0.5710843205451965, 0.41059601306915283]], "shift_hold_p_now_before": [[0.17272555828094482, 0.0535372830927372, 0.4566410481929779], [0.15078330039978027, 0.023346303030848503, 0.4543478190898895], [0.15930134057998657, 0.03481624647974968, 0.4558342397212982], [0.223562091588974, 0.12431444227695465, 0.4599774479866028], [0.20198708772659302, 0.09345794469118118, 0.4605116844177246]], "s_pred_p_now": [[0.38859713077545166, 0.011173184029757977, 0.7054908275604248], [0.3816886246204376, 0.0, 0.70216304063797], [0.38286054134368896, 0.0, 0.7043189406394958], [0.38286054134368896, 0.0, 0.7043189406394958], [0.3942791819572449, 0.02222222276031971, 0.7066666483879089]], "backchannel": [[0.4623669385910034, 0.38568130135536194, 0.5653594732284546], [0.48883336782455444, 0.47843137383461, 0.5028037428855896], [0.5306640863418579, 0.6063055992126465, 0.42907387018203735], [0.515347957611084, 0.5185185074806213, 0.5110896825790405], [0.5064569115638733, 0.5238970518112183, 0.4830339252948761]], "short_long": [[0.513924777507782, 0.3313131332397461, 0.6035928130149841], [0.49099379777908325, 0.23766815662384033, 0.6153846383094788], [0.4232136011123657, 0.39375001192092896, 0.4376811683177948], [0.5195246934890747, 0.30472102761268616, 0.625], [0.5745856165885925, 0.15884476900100708, 0.7787274718284607]]}, "roddy_events": {"overlaps_before_p_now": [[0.32049471139907837, 0.22807016968727112, 0.49425286054611206], [0.2111940234899521, 0.05970149114727974, 0.4959999918937683], [0.2435798943042755, 0.11374407261610031, 0.48767122626304626], [0.3337426781654358, 0.2445414811372757, 0.5014409422874451], [0.37725070118904114, 0.3127571940422058, 0.49849849939346313]], "overlaps_before_p_future": [[0.3699617385864258, 0.2869565188884735, 0.52601158618927], [0.23116132616996765, 0.08040200918912888, 0.5145888328552246], [0.4091891050338745, 0.33898305892944336, 0.5411764979362488], [0.5538417100906372, 0.5814696550369263, 0.5019011497497559], [0.5406720042228699, 0.5384615659713745, 0.5448275804519653]], "overlaps_after_p_now": [[0.47562357783317566, 0.4680851101875305, 0.4897959232330322], [0.6737666726112366, 0.7397260069847107, 0.549763023853302], [0.5335960388183594, 0.5392491221427917, 0.5229681730270386], [0.617003858089447, 0.6626865863800049, 0.5311203598976135], [0.6102251410484314, 0.6567164063453674, 0.5228216052055359]], "overlaps_after_p_future": [[0.525359034538269, 0.5073529481887817, 0.5592105388641357], [0.6086936593055725, 0.6349206566810608, 0.5593869686126709], [0.3781690001487732, 0.286995530128479, 0.5495750904083252], [0.4952506422996521, 0.4679245352745056, 0.5466237664222717], [0.6259858012199402, 0.6378737688064575, 0.6036363840103149]], "overlap_spred_before_p_future": [[0.42515337467193604, 0.3482142984867096, 0.5628742575645447], [0.3470335900783539, 0.2330097109079361, 0.5511363744735718], [0.26363736391067505, 0.11398963630199432, 0.5315068364143372], [0.2968393564224243, 0.16161616146564484, 0.5388888716697693], [0.27039796113967896, 0.12371134012937546, 0.5329670310020447]]}, "gap_0": {"gap_0_p_future": [[0.5230123996734619, 0.5515615940093994, 0.4230477511882782], [0.33739691972732544, 0.3196605443954468, 0.39950063824653625], [0.21161460876464844, 0.16355140507221222, 0.37990760803222656], [0.5208478569984436, 0.5446910858154297, 0.4373610019683838], [0.5386783480644226, 0.5672342777252197, 0.43869003653526306]], "gap_0_p_now": [[0.18512335419654846, 0.13238771259784698, 0.36977675557136536], [0.10041878372430801, 0.02518891729414463, 0.3638356029987335], [0.12385812401771545, 0.05454545468091965, 0.36655592918395996], [0.1760941594839096, 0.12073073536157608, 0.36994877457618713], [0.2607235014438629, 0.23133236169815063, 0.3636363744735718]], "s_pred_p_now": [[0.43259677290916443, 0.10561056435108185, 0.710779070854187], [0.3898456394672394, 0.02083333395421505, 0.7037814855575562], [0.3862766921520233, 0.013937282375991344, 0.7030430436134338], [0.40655505657196045, 0.054421767592430115, 0.706131100654602], [0.40309977531433105, 0.0477815717458725, 0.7053854465484619]], "s_pred_p_future": [[0.5973372459411621, 0.4182305634021759, 0.7497116327285767], [0.3996244966983795, 0.04109589010477066, 0.7046413421630859], [0.4645610451698303, 0.16613417863845825, 0.7184466123580933], [0.5018599629402161, 0.23456789553165436, 0.7292576432228088], [0.46242353320121765, 0.1607716977596283, 0.7190527319908142]], "superset_p_future": [[0.5178907513618469, 0.5459966063499451, 0.4110497236251831], [0.4455193877220154, 0.4560110569000244, 0.40563663840293884], [0.23320670425891876, 0.19825707376003265, 0.3660637438297272], [0.4873274564743042, 0.5057777762413025, 0.4171907901763916], [0.6260880827903748, 0.671290934085846, 0.4542546272277832]]}, "fast_shift": {}, "slow_shift": {}, "short_long": {}}, "bal_Accs": {"ekstedt_events": {"shift_hold_p_future_after": [0.5483700728563422, 0.5124929945824771, 0.5178217821782178, 0.518433588641883, 0.5396039603960396], "shift_hold_p_future_before": [0.5317719036054549, 0.5123482159536709, 0.5069306930693069, 0.5295581916682234, 0.529324677750794], "s_pred_p_future": [0.529441382234471, 0.5004504981980071, 0.5, 0.5350593597625609, 0.5257313970744116], "shift_hold_p_now_after": [0.5140949000560433, 0.5050392303381281, 0.5097562114702036, 0.5104567532224921, 0.5111572949747805], "shift_hold_p_now_before": [0.5035821034933682, 0.49764150943396224, 0.5, 0.505940594059406, 0.5065524005230712], "s_pred_p_now": [0.5028089887640449, 0.49764150943396224, 0.5, 0.5028089887640449, 0.5056179775280899], "backchannel": [0.5239880368626335, 0.49861315945110307, 0.5274916340387941, 0.537942535017256, 0.5244091422924606], "short_long": [0.515014231013371, 0.4896134078669861, 0.4646630628416979, 0.5088611094047546, 0.5219300939861171]}, "roddy_events": {"overlaps_before_p_now": [0.4876595744680851, 0.49, 0.4876595744680851, 0.4929787234042553, 0.4903191489361702], "overlaps_before_p_future": [0.5098936170212766, 0.49, 0.4876595744680851, 0.4903191489361702, 0.49361702127659574], "overlaps_after_p_now": [0.48031914893617017, 0.5041489361702127, 0.5801063829787234, 0.5434042553191489, 0.5085106382978724], "overlaps_after_p_future": [0.5012765957446809, 0.4926595744680851, 0.5112765957446809, 0.530531914893617, 0.525531914893617], "overlap_spred_before_p_future": [0.5123463687150838, 0.4927932960893855, 0.4927932960893855, 0.5296927374301675, 0.5185195530726256]}, "gap_0": {"gap_0_p_future": [0.5285567049662175, 0.5027700372816226, 0.5140639513430291, 0.5334593019556947, 0.5127864513748394], "gap_0_p_now": [0.5051150895140665, 0.49914621267066206, 0.5008525149190111, 0.5012787723785166, 0.5012774999681898],